abs_code,season,immunisation_intensity,immunisation_intensity_raw,area_population,treated
1,2011-2012,0,0,37,0
1,2012-2013,0,0,37,0
1,2013-2014,0,0,33,0
1,2014-2015,0,0,19,0
1,2015-2016,0,0,25,0
1,2016-2017,0,0,25,0
1,2017-2018,0,0,26,0
1,2018-2019,0,0,31,0
1,2019-2020,0,0,30,0
1,2020-2021,0,0,18,0
1,2021-2022,0,0,28,0
1,2022-2023,0,0,21,0
1,2023-2024,0.939583333333333,1.70833333333333,30,1
1,2024-2025,1.05849056603774,1.92452830188679,24,1
1,2025-2026,1.06944444444444,1.94444444444444,21,1
10,2011-2012,0,0,84,0
10,2012-2013,0,0,84,0
10,2013-2014,0,0,91,0
10,2014-2015,0,0,87,0
10,2015-2016,0,0,79,0
10,2016-2017,0,0,79,0
10,2017-2018,0,0,92,0
10,2018-2019,0,0,91,0
10,2019-2020,0,0,65,0
10,2020-2021,0,0,67,0
10,2021-2022,0,0,57,0
10,2022-2023,0,0,57,0
10,2023-2024,0.952678571428572,1.73214285714286,68,1
10,2024-2025,0.952100840336134,1.73109243697479,68,1
10,2025-2026,0.959302325581395,1.74418604651163,52,1
100,2011-2012,0,0,182,0
100,2012-2013,0,0,182,0
100,2013-2014,0,0,183,0
100,2014-2015,0,0,184,0
100,2015-2016,0,0,142,0
100,2016-2017,0,0,142,0
100,2017-2018,0,0,133,0
100,2018-2019,0,0,126,0
100,2019-2020,0,0,126,0
100,2020-2021,0,0,129.5,0
100,2021-2022,0,0,143.5,0
100,2022-2023,0,0,139,0
100,2023-2024,0.940088105726872,1.70925110132159,137,1
100,2024-2025,1.03623188405797,1.88405797101449,137,1
100,2025-2026,1.02757201646091,1.86831275720165,143,1
101,2011-2012,0,0,56,0
101,2012-2013,0,0,60.5,0
101,2013-2014,0,0,63,0
101,2014-2015,0,0,58,0
101,2015-2016,0,0,49,0
101,2016-2017,0,0,46,0
101,2017-2018,0,0,41,0
101,2018-2019,0,0,41,0
101,2019-2020,0,0,41,0
101,2020-2021,0,0,41,0
101,2021-2022,0,0,37,0
101,2022-2023,0,0,35,0
101,2023-2024,0.905882352941176,1.64705882352941,32,1
101,2024-2025,0.913207547169811,1.66037735849057,34,1
101,2025-2026,0.903571428571429,1.64285714285714,34,1
102,2011-2012,0,0,64,0
102,2012-2013,0,0,66,0
102,2013-2014,0,0,58,0
102,2014-2015,0,0,56,0
102,2015-2016,0,0,68,0
102,2016-2017,0,0,63,0
102,2017-2018,0,0,51,0
102,2018-2019,0,0,43,0
102,2019-2020,0,0,51,0
102,2021-2022,0,0,44,0
102,2022-2023,0,0,33,0
102,2023-2024,0.914457831325301,1.66265060240964,45,1
102,2024-2025,1.01428571428571,1.84415584415584,41,1
102,2025-2026,1.0375,1.88636363636364,38,1
103,2011-2012,0,0,83,0
103,2012-2013,0,0,76,0
103,2013-2014,0,0,60,0
103,2014-2015,0,0,76,0
103,2015-2016,0,0,73,0
103,2016-2017,0,0,71,0
103,2017-2018,0,0,67,0
103,2018-2019,0,0,61,0
103,2019-2020,0,0,61,0
103,2020-2021,0,0,45,0
103,2021-2022,0,0,37,0
103,2022-2023,0,0,51,0
103,2023-2024,0.742982456140351,1.35087719298246,57,1
103,2024-2025,0.952100840336134,1.73109243697479,53,1
103,2025-2026,1.01315789473684,1.84210526315789,53,1
104,2011-2012,0,0,88,0
104,2012-2013,0,0,88,0
104,2013-2014,0,0,91,0
104,2014-2015,0,0,89,0
104,2015-2016,0,0,88,0
104,2016-2017,0,0,89,0
104,2017-2018,0,0,84,0
104,2018-2019,0,0,79,0
104,2019-2020,0,0,76,0
104,2020-2021,0,0,57,0
104,2021-2022,0,0,61,0
104,2022-2023,0,0,61,0
104,2023-2024,0.9875,1.79545454545455,63,1
104,2024-2025,1.07884615384615,1.96153846153846,60,1
104,2025-2026,1.02142857142857,1.85714285714286,58,1
105,2011-2012,0,0,87,0
105,2012-2013,0,0,87,0
105,2013-2014,0,0,98,0
105,2014-2015,0,0,84,0
105,2015-2016,0,0,80,0
105,2016-2017,0,0,80,0
105,2017-2018,0,0,80,0
105,2018-2019,0,0,74,0
105,2019-2020,0,0,74,0
105,2020-2021,0,0,64,0
105,2021-2022,0,0,64,0
105,2022-2023,0,0,64,0
105,2023-2024,1.03265306122449,1.87755102040816,59,1
105,2024-2025,1.02450980392157,1.86274509803922,59,1
105,2025-2026,1.07053571428571,1.94642857142857,67,1
106,2011-2012,0,0,73,0
106,2012-2013,0,0,65,0
106,2013-2014,0,0,60,0
106,2014-2015,0,0,46,0
106,2015-2016,0,0,46,0
106,2016-2017,0,0,58,0
106,2017-2018,0,0,55,0
106,2018-2019,0,0,54,0
106,2019-2020,0,0,48,0
106,2020-2021,0,0,48,0
106,2021-2022,0,0,49,0
106,2022-2023,0,0,49,0
106,2023-2024,0.9125,1.65909090909091,49,1
106,2024-2025,1.01645569620253,1.84810126582279,48,1
106,2025-2026,1.04054054054054,1.89189189189189,52,1
107,2011-2012,0,0,46.5,0
107,2012-2013,0,0,42,0
107,2013-2014,0,0,46,0
107,2014-2015,0,0,41,0
107,2015-2016,0,0,45,0
107,2016-2017,0,0,45,0
107,2017-2018,0,0,37,0
107,2018-2019,0,0,31,0
107,2019-2020,0,0,34,0
107,2020-2021,0,0,36,0
107,2021-2022,0,0,38,0
107,2022-2023,0,0,37,0
107,2023-2024,0.695588235294118,1.26470588235294,38,1
107,2024-2025,0.931944444444444,1.69444444444444,34,1
107,2025-2026,1.03125,1.875,43,1
108,2011-2012,0,0,163,0
108,2012-2013,0,0,158,0
108,2013-2014,0,0,124,0
108,2014-2015,0,0,146,0
108,2015-2016,0,0,146,0
108,2016-2017,0,0,123,0
108,2017-2018,0,0,118,0
108,2018-2019,0,0,111,0
108,2019-2020,0,0,111,0
108,2020-2021,0,0,97,0
108,2021-2022,0,0,97,0
108,2022-2023,0,0,104,0
108,2023-2024,0.903571428571429,1.64285714285714,113,1
108,2024-2025,1.0375,1.88636363636364,115,1
108,2025-2026,1.03664921465969,1.8848167539267,110,1
109,2011-2012,0,0,133,0
109,2012-2013,0,0,124,0
109,2013-2014,0,0,116,0
109,2014-2015,0,0,104.5,0
109,2015-2016,0,0,106,0
109,2016-2017,0,0,112.5,0
109,2017-2018,0,0,103,0
109,2018-2019,0,0,108,0
109,2019-2020,0,0,112,0
109,2020-2021,0,0,87,0
109,2021-2022,0,0,93,0
109,2022-2023,0,0,100,0
109,2023-2024,0.928125,1.6875,99,1
109,2024-2025,1.02864864864865,1.87027027027027,100,1
109,2025-2026,1.03888888888889,1.88888888888889,120,1
11,2011-2012,0,0,49,0
11,2012-2013,0,0,77,0
11,2013-2014,0,0,61.5,0
11,2014-2015,0,0,60,0
11,2015-2016,0,0,54,0
11,2016-2017,0,0,54,0
11,2017-2018,0,0,46,0
11,2018-2019,0,0,50,0
11,2019-2020,0,0,50,0
11,2020-2021,0,0,38,0
11,2021-2022,0,0,50,0
11,2022-2023,0,0,49,0
11,2023-2024,1.05217391304348,1.91304347826087,41,1
11,2024-2025,0.994520547945205,1.80821917808219,44,1
11,2025-2026,1.08571428571429,1.97402597402597,41,1
110,2011-2012,0,0,61,0
110,2012-2013,0,0,60,0
110,2013-2014,0,0,60,0
110,2014-2015,0,0,49,0
110,2015-2016,0,0,50,0
110,2016-2017,0,0,50,0
110,2017-2018,0,0,44,0
110,2018-2019,0,0,50,0
110,2019-2020,0,0,40,0
110,2020-2021,0,0,50,0
110,2021-2022,0,0,42,0
110,2022-2023,0,0,33.5,0
110,2023-2024,0.969491525423729,1.76271186440678,34,1
110,2024-2025,0.966216216216216,1.75675675675676,35,1
110,2025-2026,1.065625,1.9375,29,1
111,2011-2012,0,0,81,0
111,2012-2013,0,0,77,0
111,2013-2014,0,0,77,0
111,2014-2015,0,0,78,0
111,2015-2016,0,0,81,0
111,2016-2017,0,0,73,0
111,2017-2018,0,0,73,0
111,2018-2019,0,0,67,0
111,2019-2020,0,0,67,0
111,2020-2021,0,0,59,0
111,2021-2022,0,0,62,0
111,2022-2023,0,0,83,0
111,2023-2024,0.930081300813008,1.69105691056911,62,1
111,2024-2025,1.0697247706422,1.94495412844037,71,1
111,2025-2026,1.03015873015873,1.87301587301587,65,1
112,2012-2013,0,0,8,0
112,2013-2014,0,0,7,0
112,2014-2015,0,0,8,0
112,2015-2016,0,0,4,0
112,2016-2017,0,0,8,0
112,2017-2018,0,0,8,0
112,2018-2019,0,0,9,0
112,2019-2020,0,0,9,0
112,2021-2022,0,0,6,0
112,2022-2023,0,0,6,0
113,2011-2012,0,0,76,0
113,2012-2013,0,0,69,0
113,2013-2014,0,0,54,0
113,2014-2015,0,0,54,0
113,2015-2016,0,0,58,0
113,2016-2017,0,0,50,0
113,2017-2018,0,0,62,0
113,2018-2019,0,0,59,0
113,2019-2020,0,0,59,0
113,2020-2021,0,0,58,0
113,2021-2022,0,0,54,0
113,2022-2023,0,0,47,0
113,2023-2024,0.947872340425532,1.72340425531915,47,1
113,2024-2025,1.00222222222222,1.82222222222222,47,1
113,2025-2026,0.934246575342466,1.6986301369863,43,1
114,2011-2012,0,0,65,0
114,2012-2013,0,0,65,0
114,2013-2014,0,0,62,0
114,2014-2015,0,0,66,0
114,2015-2016,0,0,58,0
114,2016-2017,0,0,44,0
114,2017-2018,0,0,44,0
114,2018-2019,0,0,52,0
114,2019-2020,0,0,53,0
114,2020-2021,0,0,37,0
114,2021-2022,0,0,37,0
114,2022-2023,0,0,44,0
114,2023-2024,0.973563218390805,1.77011494252874,57,1
114,2024-2025,1.01444444444444,1.84444444444444,64,1
114,2025-2026,1.03888888888889,1.88888888888889,65,1
115,2011-2012,0,0,142,0
115,2012-2013,0,0,144,0
115,2013-2014,0,0,132,0
115,2014-2015,0,0,121,0
115,2015-2016,0,0,118,0
115,2016-2017,0,0,108,0
115,2017-2018,0,0,116,0
115,2018-2019,0,0,117,0
115,2019-2020,0,0,117,0
115,2020-2021,0,0,109,0
115,2021-2022,0,0,99,0
115,2022-2023,0,0,99,0
115,2023-2024,0.947222222222222,1.72222222222222,105,1
115,2024-2025,0.980434782608696,1.78260869565217,115,1
115,2025-2026,1.02182741116751,1.85786802030457,107,1
116,2011-2012,0,0,80,0
116,2012-2013,0,0,88,0
116,2013-2014,0,0,79,0
116,2014-2015,0,0,64.5,0
116,2015-2016,0,0,68,0
116,2016-2017,0,0,74,0
116,2017-2018,0,0,67,0
116,2018-2019,0,0,77,0
116,2019-2020,0,0,77,0
116,2020-2021,0,0,53,0
116,2021-2022,0,0,64,0
116,2022-2023,0,0,64,0
116,2023-2024,0.97007874015748,1.76377952755906,60,1
116,2024-2025,1.1,2,54,1
116,2025-2026,1.02222222222222,1.85858585858586,54,1
117,2011-2012,0,0,113,0
117,2012-2013,0,0,122,0
117,2013-2014,0,0,112,0
117,2014-2015,0,0,112,0
117,2015-2016,0,0,114,0
117,2016-2017,0,0,117,0
117,2017-2018,0,0,125,0
117,2018-2019,0,0,106,0
117,2019-2020,0,0,112,0
117,2020-2021,0,0,78.5,0
117,2021-2022,0,0,77,0
117,2022-2023,0,0,81,0
117,2023-2024,0.915328467153285,1.66423357664234,81,1
117,2024-2025,0.948550724637681,1.72463768115942,78,1
117,2025-2026,0.941780821917808,1.71232876712329,84.5,1
118,2011-2012,0,0,29,0
118,2012-2013,0,0,30,0
118,2013-2014,0,0,28,0
118,2014-2015,0,0,22,0
118,2015-2016,0,0,22,0
118,2016-2017,0,0,24,0
118,2017-2018,0,0,30,0
118,2018-2019,0,0,19,0
118,2019-2020,0,0,19,0
118,2020-2021,0,0,13,0
118,2021-2022,0,0,17,0
118,2022-2023,0,0,19,0
118,2023-2024,0.744117647058824,1.35294117647059,19,1
118,2024-2025,1.07179487179487,1.94871794871795,19,1
118,2025-2026,0.948275862068965,1.72413793103448,19,1
119,2011-2012,0,0,250,0
119,2012-2013,0,0,243,0
119,2013-2014,0,0,238,0
119,2014-2015,0,0,226,0
119,2015-2016,0,0,218,0
119,2016-2017,0,0,177,0
119,2017-2018,0,0,177,0
119,2018-2019,0,0,193,0
119,2019-2020,0,0,193,0
119,2020-2021,0,0,178,0
119,2021-2022,0,0,124,0
119,2022-2023,0,0,160,0
119,2023-2024,0.86,1.56363636363636,204,1
119,2024-2025,1.00434782608696,1.82608695652174,230,1
119,2025-2026,1.01468144044321,1.84487534626039,219,1
12,2011-2012,0,0,21,0
12,2012-2013,0,0,25,0
12,2013-2014,0,0,25,0
12,2014-2015,0,0,21.5,0
12,2015-2016,0,0,16,0
12,2016-2017,0,0,14,0
12,2017-2018,0,0,16,0
12,2018-2019,0,0,16,0
12,2019-2020,0,0,16,0
12,2020-2021,0,0,12,0
12,2021-2022,0,0,14,0
12,2022-2023,0,0,15,0
12,2023-2024,1.07179487179487,1.94871794871795,17,1
12,2024-2025,1.1,2,15,1
12,2025-2026,1.056,1.92,11.5,1
120,2011-2012,0,0,19,0
120,2012-2013,0,0,26.5,0
120,2013-2014,0,0,25,0
120,2014-2015,0,0,27,0
120,2015-2016,0,0,27,0
120,2016-2017,0,0,26,0
120,2017-2018,0,0,25.5,0
120,2018-2019,0,0,25,0
120,2019-2020,0,0,18.5,0
120,2021-2022,0,0,15,0
120,2022-2023,0,0,20,0
120,2023-2024,0.887096774193548,1.61290322580645,17,1
120,2024-2025,0.977777777777778,1.77777777777778,17,1
120,2025-2026,1.06071428571429,1.92857142857143,13.5,1
121,2011-2012,0,0,144,0
121,2012-2013,0,0,144,0
121,2013-2014,0,0,124,0
121,2014-2015,0,0,121,0
121,2015-2016,0,0,121,0
121,2016-2017,0,0,120,0
121,2017-2018,0,0,119,0
121,2018-2019,0,0,109,0
121,2019-2020,0,0,109,0
121,2020-2021,0,0,89,0
121,2021-2022,0,0,89,0
121,2022-2023,0,0,111,0
121,2023-2024,1.01538461538462,1.84615384615385,106,1
121,2024-2025,1.05769230769231,1.92307692307692,104,1
121,2025-2026,0.939698492462312,1.70854271356784,104,1
122,2011-2012,0,0,108,0
122,2012-2013,0,0,110,0
122,2013-2014,0,0,92,0
122,2014-2015,0,0,93,0
122,2015-2016,0,0,98,0
122,2016-2017,0,0,98,0
122,2017-2018,0,0,78,0
122,2018-2019,0,0,83,0
122,2019-2020,0,0,91,0
122,2020-2021,0,0,56,0
122,2021-2022,0,0,66,0
122,2022-2023,0,0,66,0
122,2023-2024,0.940689655172414,1.71034482758621,66,1
122,2024-2025,1.01287128712871,1.84158415841584,56,1
122,2025-2026,0.999082568807339,1.81651376146789,61,1
123,2011-2012,0,0,136,0
123,2012-2013,0,0,139,0
123,2013-2014,0,0,134,0
123,2014-2015,0,0,128,0
123,2015-2016,0,0,117,0
123,2016-2017,0,0,112,0
123,2017-2018,0,0,97,0
123,2018-2019,0,0,97,0
123,2019-2020,0,0,97,0
123,2020-2021,0,0,91,0
123,2021-2022,0,0,80.5,0
123,2022-2023,0,0,73,0
123,2023-2024,0.845033112582782,1.5364238410596,92.5,1
123,2024-2025,0.980891719745223,1.78343949044586,83,1
123,2025-2026,1.00934065934066,1.83516483516484,101,1
124,2011-2012,0,0,95,0
124,2012-2013,0,0,92,0
124,2013-2014,0,0,72,0
124,2014-2015,0,0,72,0
124,2015-2016,0,0,81,0
124,2016-2017,0,0,71.5,0
124,2017-2018,0,0,63,0
124,2018-2019,0,0,63,0
124,2019-2020,0,0,72,0
124,2020-2021,0,0,65,0
124,2021-2022,0,0,68.5,0
124,2022-2023,0,0,73,0
124,2023-2024,0.90234375,1.640625,75,1
124,2024-2025,0.953846153846154,1.73426573426573,76,1
124,2025-2026,1.01428571428571,1.84415584415584,89,1
125,2011-2012,0,0,161,0
125,2012-2013,0,0,161,0
125,2013-2014,0,0,142,0
125,2014-2015,0,0,135,0
125,2015-2016,0,0,104,0
125,2016-2017,0,0,106,0
125,2017-2018,0,0,111,0
125,2018-2019,0,0,111,0
125,2019-2020,0,0,115,0
125,2020-2021,0,0,98,0
125,2021-2022,0,0,95,0
125,2022-2023,0,0,103,0
125,2023-2024,0.906190476190476,1.64761904761905,109,1
125,2024-2025,1.0296,1.872,121,1
125,2025-2026,1.00412844036697,1.8256880733945,128,1
126,2011-2012,0,0,169,0
126,2012-2013,0,0,162,0
126,2013-2014,0,0,161,0
126,2014-2015,0,0,169,0
126,2015-2016,0,0,111,0
126,2016-2017,0,0,111,0
126,2017-2018,0,0,126,0
126,2018-2019,0,0,113,0
126,2019-2020,0,0,106,0
126,2020-2021,0,0,110.5,0
126,2021-2022,0,0,115,0
126,2022-2023,0,0,129,0
126,2023-2024,0.968724279835391,1.76131687242798,146,1
126,2024-2025,1.01851851851852,1.85185185185185,150,1
126,2025-2026,1.0409756097561,1.89268292682927,138,1
127,2011-2012,0,0,81,0
127,2012-2013,0,0,84,0
127,2013-2014,0,0,72,0
127,2014-2015,0,0,79,0
127,2015-2016,0,0,67,0
127,2016-2017,0,0,67,0
127,2017-2018,0,0,67,0
127,2018-2019,0,0,62,0
127,2019-2020,0,0,58,0
127,2020-2021,0,0,52,0
127,2021-2022,0,0,52,0
127,2022-2023,0,0,61,0
127,2023-2024,0.902247191011236,1.64044943820225,47.5,1
127,2024-2025,0.96989247311828,1.76344086021505,54,1
127,2025-2026,1.06333333333333,1.93333333333333,55,1
128,2011-2012,0,0,46,0
128,2012-2013,0,0,51,0
128,2013-2014,0,0,50,0
128,2014-2015,0,0,55,0
128,2015-2016,0,0,44,0
128,2016-2017,0,0,44,0
128,2017-2018,0,0,53,0
128,2018-2019,0,0,42,0
128,2019-2020,0,0,48,0
128,2020-2021,0,0,51.5,0
128,2021-2022,0,0,45,0
128,2022-2023,0,0,36,0
128,2023-2024,0.909333333333333,1.65333333333333,50,1
128,2024-2025,0.993055555555556,1.80555555555556,45,1
128,2025-2026,1.03604651162791,1.88372093023256,52,1
129,2012-2013,0,0,8,0
129,2013-2014,0,0,5,0
129,2014-2015,0,0,10,0
129,2015-2016,0,0,10,0
129,2016-2017,0,0,7,0
129,2017-2018,0,0,11,0
129,2018-2019,0,0,8,0
129,2019-2020,0,0,9,0
129,2021-2022,0,0,6.5,0
129,2022-2023,0,0,4.5,0
129,2023-2024,1.02666666666667,1.86666666666667,4,1
129,2024-2025,1.00833333333333,1.83333333333333,11,1
129,2025-2026,1.1,2,9,1
13,2011-2012,0,0,256,0
13,2012-2013,0,0,265,0
13,2013-2014,0,0,241,0
13,2014-2015,0,0,241,0
13,2015-2016,0,0,231,0
13,2016-2017,0,0,213,0
13,2017-2018,0,0,228,0
13,2018-2019,0,0,203,0
13,2019-2020,0,0,199,0
13,2020-2021,0,0,200,0
13,2021-2022,0,0,200,0
13,2022-2023,0,0,186,0
13,2023-2024,0.918944099378882,1.67080745341615,186,1
13,2024-2025,0.920333333333333,1.67333333333333,194,1
13,2025-2026,1.02851985559567,1.87003610108303,188,1
130,2012-2013,0,0,14,0
130,2014-2015,0,0,13,0
130,2015-2016,0,0,18,0
130,2016-2017,0,0,18,0
130,2017-2018,0,0,18,0
130,2018-2019,0,0,11,0
130,2019-2020,0,0,10,0
130,2020-2021,0,0,15,0
130,2021-2022,0,0,17,0
130,2022-2023,0,0,15,0
130,2023-2024,0.785714285714286,1.42857142857143,9,1
130,2024-2025,0.9625,1.75,8,1
130,2025-2026,1.04210526315789,1.89473684210526,8,1
131,2011-2012,0,0,69,0
131,2012-2013,0,0,62,0
131,2013-2014,0,0,63,0
131,2014-2015,0,0,64,0
131,2015-2016,0,0,58,0
131,2016-2017,0,0,61,0
131,2017-2018,0,0,53,0
131,2018-2019,0,0,52,0
131,2019-2020,0,0,41.5,0
131,2020-2021,0,0,46,0
131,2021-2022,0,0,46,0
131,2022-2023,0,0,41,0
131,2023-2024,0.857627118644068,1.55932203389831,41,1
131,2024-2025,0.955737704918033,1.73770491803279,31.5,1
131,2025-2026,1.00350877192982,1.82456140350877,33,1
133,2011-2012,0,0,28,0
133,2012-2013,0,0,32,0
133,2013-2014,0,0,28,0
133,2014-2015,0,0,21,0
133,2015-2016,0,0,29,0
133,2016-2017,0,0,29,0
133,2017-2018,0,0,23,0
133,2018-2019,0,0,17,0
133,2019-2020,0,0,21,0
133,2020-2021,0,0,14,0
133,2021-2022,0,0,17,0
133,2022-2023,0,0,17,0
133,2023-2024,0.6,1.09090909090909,27,1
133,2024-2025,1.01538461538462,1.84615384615385,28,1
133,2025-2026,1.05217391304348,1.91304347826087,29,1
134,2012-2013,0,0,21,0
134,2013-2014,0,0,26,0
134,2014-2015,0,0,21,0
134,2015-2016,0,0,21,0
134,2016-2017,0,0,14,0
134,2017-2018,0,0,21.5,0
134,2018-2019,0,0,23,0
134,2019-2020,0,0,17,0
134,2020-2021,0,0,17,0
134,2021-2022,0,0,18,0
134,2022-2023,0,0,17,0
134,2023-2024,0.832432432432433,1.51351351351351,17,1
134,2024-2025,1.02903225806452,1.87096774193548,20,1
134,2025-2026,0.951351351351351,1.72972972972973,18,1
135,2011-2012,0,0,97,0
135,2012-2013,0,0,80,0
135,2013-2014,0,0,78,0
135,2014-2015,0,0,69,0
135,2015-2016,0,0,67,0
135,2016-2017,0,0,67,0
135,2017-2018,0,0,67,0
135,2018-2019,0,0,66,0
135,2019-2020,0,0,66,0
135,2020-2021,0,0,54,0
135,2021-2022,0,0,54,0
135,2022-2023,0,0,80,0
135,2023-2024,0.931288343558282,1.69325153374233,71,1
135,2024-2025,1.04698795180723,1.90361445783133,77,1
135,2025-2026,1.04761904761905,1.9047619047619,91,1
136,2011-2012,0,0,131,0
136,2012-2013,0,0,126,0
136,2013-2014,0,0,103,0
136,2014-2015,0,0,96,0
136,2015-2016,0,0,77,0
136,2016-2017,0,0,77,0
136,2017-2018,0,0,92,0
136,2018-2019,0,0,92,0
136,2019-2020,0,0,86,0
136,2020-2021,0,0,68,0
136,2021-2022,0,0,75,0
136,2022-2023,0,0,76,0
136,2023-2024,0.935294117647059,1.70053475935829,96,1
136,2024-2025,1.04438202247191,1.89887640449438,106,1
136,2025-2026,1.0227027027027,1.85945945945946,106,1
137,2011-2012,0,0,90,0
137,2012-2013,0,0,83,0
137,2013-2014,0,0,83,0
137,2014-2015,0,0,67,0
137,2015-2016,0,0,67,0
137,2016-2017,0,0,67,0
137,2017-2018,0,0,66,0
137,2018-2019,0,0,61,0
137,2019-2020,0,0,61,0
137,2020-2021,0,0,58.5,0
137,2021-2022,0,0,53,0
137,2022-2023,0,0,50,0
137,2023-2024,0.992682926829268,1.80487804878049,66.5,1
137,2024-2025,1.04460431654676,1.89928057553957,73,1
137,2025-2026,1.09219858156028,1.98581560283688,85,1
138,2011-2012,0,0,165,0
138,2012-2013,0,0,139,0
138,2013-2014,0,0,130,0
138,2014-2015,0,0,130,0
138,2015-2016,0,0,114,0
138,2016-2017,0,0,114,0
138,2017-2018,0,0,107,0
138,2018-2019,0,0,102,0
138,2019-2020,0,0,101,0
138,2020-2021,0,0,68,0
138,2021-2022,0,0,68,0
138,2022-2023,0,0,92,0
138,2023-2024,0.952439024390244,1.73170731707317,78,1
138,2024-2025,1.00778443113772,1.83233532934132,91,1
138,2025-2026,1.06986301369863,1.94520547945205,87,1
139,2011-2012,0,0,107,0
139,2012-2013,0,0,98,0
139,2013-2014,0,0,83,0
139,2014-2015,0,0,76,0
139,2015-2016,0,0,83,0
139,2016-2017,0,0,82,0
139,2017-2018,0,0,78,0
139,2018-2019,0,0,78,0
139,2019-2020,0,0,66,0
139,2020-2021,0,0,68,0
139,2021-2022,0,0,63,0
139,2022-2023,0,0,61,0
139,2023-2024,0.958064516129032,1.74193548387097,74,1
139,2024-2025,1.05175438596491,1.91228070175439,80,1
139,2025-2026,1.0688679245283,1.94339622641509,64,1
14,2011-2012,0,0,147,0
14,2012-2013,0,0,147,0
14,2013-2014,0,0,130,0
14,2014-2015,0,0,142,0
14,2015-2016,0,0,142,0
14,2016-2017,0,0,122,0
14,2017-2018,0,0,111,0
14,2018-2019,0,0,111,0
14,2019-2020,0,0,128,0
14,2020-2021,0,0,128,0
14,2021-2022,0,0,90,0
14,2022-2023,0,0,95,0
14,2023-2024,0.912025316455696,1.65822784810127,89,1
14,2024-2025,0.924260355029586,1.68047337278107,89,1
14,2025-2026,1.02552083333333,1.86458333333333,103,1
140,2011-2012,0,0,112,0
140,2012-2013,0,0,93,0
140,2013-2014,0,0,93,0
140,2014-2015,0,0,91,0
140,2015-2016,0,0,84.5,0
140,2016-2017,0,0,93,0
140,2017-2018,0,0,82,0
140,2018-2019,0,0,83,0
140,2019-2020,0,0,73,0
140,2020-2021,0,0,51,0
140,2021-2022,0,0,61,0
140,2022-2023,0,0,69,0
140,2023-2024,0.900862068965517,1.63793103448276,67,1
140,2024-2025,1.06764705882353,1.94117647058824,57,1
140,2025-2026,1.06106194690265,1.92920353982301,72,1
141,2011-2012,0,0,136,0
141,2012-2013,0,0,126,0
141,2013-2014,0,0,126,0
141,2014-2015,0,0,124,0
141,2015-2016,0,0,123,0
141,2016-2017,0,0,123,0
141,2017-2018,0,0,116,0
141,2018-2019,0,0,116,0
141,2019-2020,0,0,111,0
141,2020-2021,0,0,99,0
141,2021-2022,0,0,88,0
141,2022-2023,0,0,90,0
141,2023-2024,0.983850931677019,1.7888198757764,94,1
141,2024-2025,1.04322580645161,1.89677419354839,94,1
141,2025-2026,1.01808510638298,1.85106382978723,100,1
142,2011-2012,0,0,171.5,0
142,2012-2013,0,0,172,0
142,2013-2014,0,0,154,0
142,2014-2015,0,0,144,0
142,2015-2016,0,0,117,0
142,2016-2017,0,0,117,0
142,2017-2018,0,0,152,0
142,2018-2019,0,0,158,0
142,2019-2020,0,0,141,0
142,2020-2021,0,0,141,0
142,2021-2022,0,0,152.5,0
142,2022-2023,0,0,123,0
142,2023-2024,0.885714285714286,1.61038961038961,147,1
142,2024-2025,0.977272727272727,1.77685950413223,152,1
142,2025-2026,0.991304347826087,1.80237154150198,153,1
143,2011-2012,0,0,133,0
143,2012-2013,0,0,127,0
143,2013-2014,0,0,127,0
143,2014-2015,0,0,138,0
143,2015-2016,0,0,89,0
143,2016-2017,0,0,101.5,0
143,2017-2018,0,0,113,0
143,2018-2019,0,0,106,0
143,2019-2020,0,0,97,0
143,2020-2021,0,0,69,0
143,2021-2022,0,0,71,0
143,2022-2023,0,0,87,0
143,2023-2024,0.915384615384616,1.66433566433566,95,1
143,2024-2025,1.00692307692308,1.83076923076923,95,1
143,2025-2026,1.00958904109589,1.83561643835616,82,1
144,2011-2012,0,0,131,0
144,2012-2013,0,0,129,0
144,2013-2014,0,0,116,0
144,2014-2015,0,0,102,0
144,2015-2016,0,0,98,0
144,2016-2017,0,0,97,0
144,2017-2018,0,0,97,0
144,2018-2019,0,0,97,0
144,2019-2020,0,0,104,0
144,2020-2021,0,0,94,0
144,2021-2022,0,0,94,0
144,2022-2023,0,0,94,0
144,2023-2024,0.910828025477707,1.65605095541401,98,1
144,2024-2025,1.00653594771242,1.83006535947712,87,1
144,2025-2026,1.05111111111111,1.91111111111111,87,1
145,2011-2012,0,0,106.5,0
145,2012-2013,0,0,102,0
145,2013-2014,0,0,86,0
145,2014-2015,0,0,99,0
145,2015-2016,0,0,98,0
145,2016-2017,0,0,94,0
145,2017-2018,0,0,94,0
145,2018-2019,0,0,101,0
145,2019-2020,0,0,94,0
145,2020-2021,0,0,91,0
145,2021-2022,0,0,91,0
145,2022-2023,0,0,96,0
145,2023-2024,0.96,1.74545454545455,84.5,1
145,2024-2025,1.02840236686391,1.8698224852071,86,1
145,2025-2026,1.07692307692308,1.95804195804196,98,1
146,2011-2012,0,0,133,0
146,2012-2013,0,0,116,0
146,2013-2014,0,0,108,0
146,2014-2015,0,0,107,0
146,2015-2016,0,0,107,0
146,2016-2017,0,0,93,0
146,2017-2018,0,0,95,0
146,2018-2019,0,0,106,0
146,2019-2020,0,0,110,0
146,2020-2021,0,0,99,0
146,2021-2022,0,0,99,0
146,2022-2023,0,0,87,0
146,2023-2024,1.00396825396825,1.82539682539683,90,1
146,2024-2025,1.02978723404255,1.87234042553192,85,1
146,2025-2026,1.08405797101449,1.97101449275362,85,1
147,2011-2012,0,0,84,0
147,2012-2013,0,0,84,0
147,2013-2014,0,0,80,0
147,2014-2015,0,0,69,0
147,2015-2016,0,0,69.5,0
147,2016-2017,0,0,73,0
147,2017-2018,0,0,59,0
147,2018-2019,0,0,56,0
147,2019-2020,0,0,56,0
147,2020-2021,0,0,62,0
147,2021-2022,0,0,54,0
147,2022-2023,0,0,49,0
147,2023-2024,1.02584269662921,1.86516853932584,54,1
147,2024-2025,1.04761904761905,1.9047619047619,42,1
147,2025-2026,1.02253521126761,1.85915492957746,45,1
148,2011-2012,0,0,115,0
148,2012-2013,0,0,111,0
148,2013-2014,0,0,112,0
148,2014-2015,0,0,96,0
148,2015-2016,0,0,92,0
148,2016-2017,0,0,90,0
148,2017-2018,0,0,89,0
148,2018-2019,0,0,87,0
148,2019-2020,0,0,84,0
148,2020-2021,0,0,81.5,0
148,2021-2022,0,0,84,0
148,2022-2023,0,0,84,0
148,2023-2024,0.913392857142857,1.66071428571429,79.5,1
148,2024-2025,1.0472,1.904,73,1
148,2025-2026,1.0824,1.968,69,1
149,2011-2012,0,0,200,0
149,2012-2013,0,0,179,0
149,2013-2014,0,0,134,0
149,2014-2015,0,0,152.5,0
149,2015-2016,0,0,137,0
149,2016-2017,0,0,137,0
149,2017-2018,0,0,141,0
149,2018-2019,0,0,136,0
149,2019-2020,0,0,122,0
149,2020-2021,0,0,116,0
149,2021-2022,0,0,116,0
149,2022-2023,0,0,123,0
149,2023-2024,0.865841584158416,1.57425742574257,108,1
149,2024-2025,1.05748792270531,1.92270531400966,116,1
149,2025-2026,1.02487804878049,1.86341463414634,116,1
15,2011-2012,0,0,170,0
15,2012-2013,0,0,170,0
15,2013-2014,0,0,170,0
15,2014-2015,0,0,171,0
15,2015-2016,0,0,157,0
15,2016-2017,0,0,145,0
15,2017-2018,0,0,140,0
15,2018-2019,0,0,117,0
15,2019-2020,0,0,117,0
15,2020-2021,0,0,100,0
15,2021-2022,0,0,96,0
15,2022-2023,0,0,113,0
15,2023-2024,0.932105263157895,1.69473684210526,114,1
15,2024-2025,0.974129353233831,1.77114427860697,123.5,1
15,2025-2026,1,1.81818181818182,117,1
150,2011-2012,0,0,65,0
150,2012-2013,0,0,76,0
150,2013-2014,0,0,56,0
150,2014-2015,0,0,57,0
150,2015-2016,0,0,57,0
150,2016-2017,0,0,56,0
150,2017-2018,0,0,62,0
150,2018-2019,0,0,62,0
150,2019-2020,0,0,47,0
150,2020-2021,0,0,40.5,0
150,2021-2022,0,0,46,0
150,2022-2023,0,0,51,0
150,2023-2024,0.926966292134831,1.68539325842697,54,1
150,2024-2025,1.05540540540541,1.91891891891892,48,1
150,2025-2026,0.993055555555556,1.80555555555556,42,1
152,2011-2012,0,0,84,0
152,2012-2013,0,0,85,0
152,2013-2014,0,0,83,0
152,2014-2015,0,0,78,0
152,2015-2016,0,0,69,0
152,2016-2017,0,0,69,0
152,2017-2018,0,0,64,0
152,2018-2019,0,0,60,0
152,2019-2020,0,0,60,0
152,2020-2021,0,0,54,0
152,2021-2022,0,0,66,0
152,2022-2023,0,0,67,0
152,2023-2024,0.989075630252101,1.79831932773109,68.5,1
152,2024-2025,0.986915887850467,1.79439252336449,64,1
152,2025-2026,1.01081081081081,1.83783783783784,63,1
153,2011-2012,0,0,105,0
153,2012-2013,0,0,92,0
153,2013-2014,0,0,90,0
153,2014-2015,0,0,90,0
153,2015-2016,0,0,98,0
153,2016-2017,0,0,81,0
153,2017-2018,0,0,87,0
153,2018-2019,0,0,78,0
153,2019-2020,0,0,72,0
153,2020-2021,0,0,61.5,0
153,2021-2022,0,0,65,0
153,2022-2023,0,0,72,0
153,2023-2024,0.972321428571428,1.76785714285714,71,1
153,2024-2025,1.04107142857143,1.89285714285714,67,1
153,2025-2026,1.04444444444444,1.8989898989899,68,1
154,2011-2012,0,0,119,0
154,2012-2013,0,0,118,0
154,2013-2014,0,0,83,0
154,2014-2015,0,0,83,0
154,2015-2016,0,0,84,0
154,2016-2017,0,0,88,0
154,2017-2018,0,0,90,0
154,2018-2019,0,0,82,0
154,2019-2020,0,0,82,0
154,2020-2021,0,0,78,0
154,2021-2022,0,0,84,0
154,2022-2023,0,0,77,0
154,2023-2024,0.8525,1.55,77,1
154,2024-2025,0.923664122137404,1.6793893129771,75,1
154,2025-2026,0.933552631578947,1.69736842105263,71,1
155,2011-2012,0,0,131,0
155,2012-2013,0,0,131,0
155,2013-2014,0,0,116,0
155,2014-2015,0,0,110,0
155,2015-2016,0,0,110,0
155,2016-2017,0,0,96,0
155,2017-2018,0,0,88,0
155,2018-2019,0,0,88,0
155,2019-2020,0,0,85,0
155,2020-2021,0,0,68,0
155,2021-2022,0,0,68,0
155,2022-2023,0,0,68,0
155,2023-2024,1.01,1.83636363636364,68,1
155,2024-2025,1.02735849056604,1.86792452830189,60.5,1
155,2025-2026,1.05643564356436,1.92079207920792,65,1
156,2011-2012,0,0,111,0
156,2012-2013,0,0,124,0
156,2013-2014,0,0,104,0
156,2014-2015,0,0,94,0
156,2015-2016,0,0,85,0
156,2016-2017,0,0,85,0
156,2017-2018,0,0,87,0
156,2018-2019,0,0,82,0
156,2019-2020,0,0,77,0
156,2020-2021,0,0,57,0
156,2021-2022,0,0,57,0
156,2022-2023,0,0,66,0
156,2023-2024,0.954411764705882,1.73529411764706,76,1
156,2024-2025,0.993548387096774,1.80645161290323,71,1
156,2025-2026,1.03739837398374,1.88617886178862,68,1
157,2011-2012,0,0,100,0
157,2012-2013,0,0,77,0
157,2013-2014,0,0,77,0
157,2014-2015,0,0,71,0
157,2015-2016,0,0,63,0
157,2016-2017,0,0,63,0
157,2017-2018,0,0,74,0
157,2018-2019,0,0,68,0
157,2019-2020,0,0,68,0
157,2020-2021,0,0,60,0
157,2021-2022,0,0,60,0
157,2022-2023,0,0,67,0
157,2023-2024,0.925742574257426,1.68316831683168,55,1
157,2024-2025,0.978899082568807,1.77981651376147,55,1
157,2025-2026,0.98740157480315,1.79527559055118,68,1
158,2011-2012,0,0,68,0
158,2012-2013,0,0,68,0
158,2013-2014,0,0,51,0
158,2014-2015,0,0,51,0
158,2015-2016,0,0,58,0
158,2016-2017,0,0,50,0
158,2017-2018,0,0,48,0
158,2018-2019,0,0,46,0
158,2019-2020,0,0,42,0
158,2020-2021,0,0,46,0
158,2021-2022,0,0,46,0
158,2022-2023,0,0,44,0
158,2023-2024,0.939325842696629,1.70786516853933,43,1
158,2024-2025,1.05657894736842,1.92105263157895,44,1
158,2025-2026,0.98252427184466,1.78640776699029,47.5,1
159,2011-2012,0,0,54,0
159,2012-2013,0,0,64,0
159,2013-2014,0,0,59,0
159,2014-2015,0,0,37,0
159,2015-2016,0,0,37,0
159,2016-2017,0,0,53,0
159,2017-2018,0,0,42,0
159,2018-2019,0,0,35,0
159,2019-2020,0,0,33,0
159,2020-2021,0,0,35,0
159,2021-2022,0,0,35,0
159,2022-2023,0,0,30,0
159,2023-2024,0.876271186440678,1.59322033898305,40,1
159,2024-2025,1.02903225806452,1.87096774193548,36.5,1
159,2025-2026,0.967469879518072,1.75903614457831,33,1
16,2011-2012,0,0,36,0
16,2012-2013,0,0,33,0
16,2013-2014,0,0,28.5,0
16,2014-2015,0,0,29,0
16,2015-2016,0,0,27,0
16,2016-2017,0,0,40,0
16,2017-2018,0,0,32,0
16,2018-2019,0,0,34.5,0
16,2019-2020,0,0,30,0
16,2020-2021,0,0,32,0
16,2021-2022,0,0,30,0
16,2022-2023,0,0,27,0
16,2023-2024,0.871698113207547,1.58490566037736,35,1
16,2024-2025,0.892452830188679,1.62264150943396,33,1
16,2025-2026,1.04406779661017,1.89830508474576,37,1
160,2011-2012,0,0,163,0
160,2012-2013,0,0,159,0
160,2013-2014,0,0,159,0
160,2014-2015,0,0,135,0
160,2015-2016,0,0,135,0
160,2016-2017,0,0,136,0
160,2017-2018,0,0,121,0
160,2018-2019,0,0,121,0
160,2019-2020,0,0,122,0
160,2020-2021,0,0,104,0
160,2021-2022,0,0,115,0
160,2022-2023,0,0,115,0
160,2023-2024,0.927450980392157,1.68627450980392,96,1
160,2024-2025,1.07608695652174,1.95652173913043,111,1
160,2025-2026,1.02701421800948,1.86729857819905,112,1
161,2011-2012,0,0,232,0
161,2012-2013,0,0,219,0
161,2013-2014,0,0,189,0
161,2014-2015,0,0,187,0
161,2015-2016,0,0,179,0
161,2016-2017,0,0,165,0
161,2017-2018,0,0,178.5,0
161,2018-2019,0,0,148,0
161,2019-2020,0,0,148,0
161,2020-2021,0,0,140,0
161,2021-2022,0,0,127,0
161,2022-2023,0,0,141,0
161,2023-2024,0.943478260869565,1.71541501976285,141,1
161,2024-2025,0.99,1.8,155,1
161,2025-2026,1.02666666666667,1.86666666666667,164,1
162,2011-2012,0,0,78,0
162,2012-2013,0,0,78,0
162,2013-2014,0,0,78,0
162,2014-2015,0,0,73,0
162,2015-2016,0,0,87,0
162,2016-2017,0,0,72,0
162,2017-2018,0,0,72,0
162,2018-2019,0,0,64,0
162,2019-2020,0,0,47,0
162,2020-2021,0,0,60,0
162,2021-2022,0,0,60,0
162,2022-2023,0,0,68,0
162,2023-2024,0.957647058823529,1.74117647058824,57,1
162,2024-2025,1.06162790697674,1.93023255813954,51,1
162,2025-2026,1.06666666666667,1.93939393939394,58,1
163,2011-2012,0,0,63,0
163,2012-2013,0,0,60,0
163,2013-2014,0,0,61,0
163,2014-2015,0,0,68,0
163,2015-2016,0,0,68,0
163,2016-2017,0,0,62,0
163,2017-2018,0,0,62,0
163,2018-2019,0,0,63,0
163,2019-2020,0,0,63,0
163,2020-2021,0,0,61,0
163,2021-2022,0,0,57,0
163,2022-2023,0,0,68,0
163,2023-2024,0.957647058823529,1.74117647058824,59,1
163,2024-2025,1,1.81818181818182,59,1
163,2025-2026,1.01111111111111,1.83838383838384,51,1
164,2011-2012,0,0,220,0
164,2012-2013,0,0,173,0
164,2013-2014,0,0,167,0
164,2014-2015,0,0,145,0
164,2015-2016,0,0,148,0
164,2016-2017,0,0,149,0
164,2017-2018,0,0,153,0
164,2018-2019,0,0,136,0
164,2019-2020,0,0,123,0
164,2020-2021,0,0,100,0
164,2021-2022,0,0,100,0
164,2022-2023,0,0,106,0
164,2023-2024,0.9405,1.71,111,1
164,2024-2025,1.00486486486486,1.82702702702703,116,1
164,2025-2026,1.03317757009346,1.8785046728972,115,1
165,2011-2012,0,0,63,0
165,2012-2013,0,0,60,0
165,2013-2014,0,0,50,0
165,2014-2015,0,0,50,0
165,2015-2016,0,0,46,0
165,2016-2017,0,0,47,0
165,2017-2018,0,0,61,0
165,2018-2019,0,0,49,0
165,2019-2020,0,0,46,0
165,2020-2021,0,0,38.5,0
165,2021-2022,0,0,36,0
165,2022-2023,0,0,36,0
165,2023-2024,0.853061224489796,1.55102040816327,49,1
165,2024-2025,1.00833333333333,1.83333333333333,46,1
165,2025-2026,1.02567567567568,1.86486486486487,37,1
166,2011-2012,0,0,79,0
166,2012-2013,0,0,86,0
166,2013-2014,0,0,68,0
166,2014-2015,0,0,71.5,0
166,2015-2016,0,0,92,0
166,2016-2017,0,0,89,0
166,2017-2018,0,0,70,0
166,2018-2019,0,0,80,0
166,2019-2020,0,0,80,0
166,2020-2021,0,0,65,0
166,2021-2022,0,0,62,0
166,2022-2023,0,0,52,0
166,2023-2024,0.707920792079208,1.28712871287129,51,1
166,2024-2025,1.07582417582418,1.95604395604396,51,1
166,2025-2026,1.07066666666667,1.94666666666667,45,1
167,2011-2012,0,0,43,0
167,2012-2013,0,0,46,0
167,2013-2014,0,0,46,0
167,2014-2015,0,0,33,0
167,2015-2016,0,0,40,0
167,2016-2017,0,0,40,0
167,2017-2018,0,0,44,0
167,2018-2019,0,0,42,0
167,2019-2020,0,0,36,0
167,2020-2021,0,0,40,0
167,2021-2022,0,0,31,0
167,2022-2023,0,0,38,0
167,2023-2024,1.03888888888889,1.88888888888889,40.5,1
167,2024-2025,1.06071428571429,1.92857142857143,28,1
167,2025-2026,1.05849056603774,1.92452830188679,24.5,1
168,2011-2012,0,0,159,0
168,2012-2013,0,0,143,0
168,2013-2014,0,0,121,0
168,2014-2015,0,0,121,0
168,2015-2016,0,0,124,0
168,2016-2017,0,0,116,0
168,2017-2018,0,0,107,0
168,2018-2019,0,0,95,0
168,2019-2020,0,0,89,0
168,2020-2021,0,0,89,0
168,2021-2022,0,0,81,0
168,2022-2023,0,0,89,0
168,2023-2024,0.906870229007634,1.64885496183206,94,1
168,2024-2025,1.04460431654676,1.89928057553957,77,1
168,2025-2026,1.04666666666667,1.9030303030303,78,1
169,2011-2012,0,0,9,0
169,2012-2013,0,0,9,0
169,2013-2014,0,0,9,0
169,2014-2015,0,0,10,0
169,2015-2016,0,0,11,0
169,2016-2017,0,0,10,0
169,2017-2018,0,0,12,0
169,2018-2019,0,0,14.5,0
169,2019-2020,0,0,11,0
169,2020-2021,0,0,11,0
169,2021-2022,0,0,12,0
169,2022-2023,0,0,15,0
169,2023-2024,0.890476190476191,1.61904761904762,15,1
169,2024-2025,1.1,2,10,1
169,2025-2026,0.81304347826087,1.47826086956522,10,1
17,2011-2012,0,0,71.5,0
17,2012-2013,0,0,66,0
17,2013-2014,0,0,66,0
17,2014-2015,0,0,54,0
17,2015-2016,0,0,55.5,0
17,2016-2017,0,0,57,0
17,2017-2018,0,0,53,0
17,2018-2019,0,0,56,0
17,2019-2020,0,0,56,0
17,2020-2021,0,0,47.5,0
17,2021-2022,0,0,53,0
17,2022-2023,0,0,51,0
17,2023-2024,0.74,1.34545454545455,45,1
17,2024-2025,1.01391304347826,1.84347826086957,56,1
17,2025-2026,1.02,1.85454545454545,68,1
171,2011-2012,0,0,201,0
171,2012-2013,0,0,172,0
171,2013-2014,0,0,170,0
171,2014-2015,0,0,164,0
171,2015-2016,0,0,173,0
171,2016-2017,0,0,175,0
171,2017-2018,0,0,170,0
171,2018-2019,0,0,170,0
171,2019-2020,0,0,162,0
171,2020-2021,0,0,162,0
171,2021-2022,0,0,149,0
171,2022-2023,0,0,152,0
171,2023-2024,1.026953125,1.8671875,162,1
171,2024-2025,1.07659574468085,1.95744680851064,156,1
171,2025-2026,1.04832214765101,1.90604026845638,156,1
172,2011-2012,0,0,173,0
172,2012-2013,0,0,169,0
172,2013-2014,0,0,140,0
172,2014-2015,0,0,150,0
172,2015-2016,0,0,160,0
172,2016-2017,0,0,165,0
172,2017-2018,0,0,164,0
172,2018-2019,0,0,141,0
172,2019-2020,0,0,133,0
172,2020-2021,0,0,135,0
172,2021-2022,0,0,128,0
172,2022-2023,0,0,115,0
172,2023-2024,0.895031055900621,1.62732919254658,115,1
172,2024-2025,1.05170731707317,1.91219512195122,108,1
172,2025-2026,1.06169154228856,1.93034825870647,108,1
173,2011-2012,0,0,149.5,0
173,2012-2013,0,0,139,0
173,2013-2014,0,0,129,0
173,2014-2015,0,0,112,0
173,2015-2016,0,0,123,0
173,2016-2017,0,0,141,0
173,2017-2018,0,0,135,0
173,2018-2019,0,0,102,0
173,2019-2020,0,0,102,0
173,2020-2021,0,0,88,0
173,2021-2022,0,0,104,0
173,2022-2023,0,0,104,0
173,2023-2024,0.947798742138365,1.72327044025157,82,1
173,2024-2025,1.06099290780142,1.9290780141844,87,1
173,2025-2026,1.06283783783784,1.93243243243243,80,1
174,2011-2012,0,0,27,0
174,2012-2013,0,0,32,0
174,2013-2014,0,0,27.5,0
174,2014-2015,0,0,17.5,0
174,2015-2016,0,0,22,0
174,2016-2017,0,0,23,0
174,2017-2018,0,0,21,0
174,2018-2019,0,0,27,0
174,2019-2020,0,0,27,0
174,2020-2021,0,0,20,0
174,2021-2022,0,0,20,0
174,2022-2023,0,0,23,0
174,2023-2024,0.977777777777778,1.77777777777778,24,1
174,2024-2025,0.916666666666667,1.66666666666667,26,1
174,2025-2026,0.921621621621622,1.67567567567568,23,1
175,2011-2012,0,0,85,0
175,2012-2013,0,0,100,0
175,2013-2014,0,0,95,0
175,2014-2015,0,0,95,0
175,2015-2016,0,0,78,0
175,2016-2017,0,0,80.5,0
175,2017-2018,0,0,85.5,0
175,2018-2019,0,0,69,0
175,2019-2020,0,0,69,0
175,2020-2021,0,0,61,0
175,2021-2022,0,0,53,0
175,2022-2023,0,0,56,0
175,2023-2024,0.939583333333333,1.70833333333333,54.5,1
175,2024-2025,0.907216494845361,1.64948453608247,53,1
175,2025-2026,0.98252427184466,1.78640776699029,63,1
177,2011-2012,0,0,38,0
177,2012-2013,0,0,42,0
177,2013-2014,0,0,31,0
177,2014-2015,0,0,32,0
177,2015-2016,0,0,36,0
177,2016-2017,0,0,26,0
177,2017-2018,0,0,26,0
177,2018-2019,0,0,27,0
177,2019-2020,0,0,27,0
177,2020-2021,0,0,20,0
177,2021-2022,0,0,26,0
177,2022-2023,0,0,22,0
177,2023-2024,0.844186046511628,1.53488372093023,25,1
177,2024-2025,0.977777777777778,1.77777777777778,28,1
177,2025-2026,0.94,1.70909090909091,31,1
178,2011-2012,0,0,47,0
178,2012-2013,0,0,40,0
178,2013-2014,0,0,36,0
178,2014-2015,0,0,36,0
178,2015-2016,0,0,40,0
178,2016-2017,0,0,44,0
178,2017-2018,0,0,40,0
178,2018-2019,0,0,39,0
178,2019-2020,0,0,30,0
178,2020-2021,0,0,33.5,0
178,2021-2022,0,0,35,0
178,2022-2023,0,0,30,0
178,2023-2024,0.838983050847458,1.52542372881356,27,1
178,2024-2025,0.993548387096774,1.80645161290323,32,1
178,2025-2026,1.03529411764706,1.88235294117647,30,1
179,2011-2012,0,0,33,0
179,2012-2013,0,0,27,0
179,2013-2014,0,0,19,0
179,2014-2015,0,0,22,0
179,2015-2016,0,0,20,0
179,2016-2017,0,0,16,0
179,2017-2018,0,0,14,0
179,2018-2019,0,0,14,0
179,2019-2020,0,0,13,0
179,2020-2021,0,0,20,0
179,2021-2022,0,0,17,0
179,2022-2023,0,0,13,0
179,2023-2024,0.817142857142857,1.48571428571429,21,1
179,2024-2025,0.981081081081081,1.78378378378378,21,1
179,2025-2026,1.06666666666667,1.93939393939394,19,1
18,2011-2012,0,0,37,0
18,2012-2013,0,0,33,0
18,2013-2014,0,0,25.5,0
18,2014-2015,0,0,35,0
18,2015-2016,0,0,25,0
18,2016-2017,0,0,25,0
18,2017-2018,0,0,31,0
18,2018-2019,0,0,34,0
18,2019-2020,0,0,34,0
18,2020-2021,0,0,34,0
18,2021-2022,0,0,29,0
18,2022-2023,0,0,30,0
18,2023-2024,0.852808988764045,1.55056179775281,29,1
18,2024-2025,1.00571428571429,1.82857142857143,37,1
18,2025-2026,1.01630434782609,1.84782608695652,44,1
180,2011-2012,0,0,22,0
180,2012-2013,0,0,16,0
180,2013-2014,0,0,11,0
180,2014-2015,0,0,11,0
180,2016-2017,0,0,19,0
180,2017-2018,0,0,13,0
180,2018-2019,0,0,11.5,0
180,2019-2020,0,0,10,0
180,2020-2021,0,0,8,0
180,2021-2022,0,0,6,0
180,2022-2023,0,0,7,0
180,2023-2024,0.794444444444445,1.44444444444444,9,1
180,2024-2025,0.930769230769231,1.69230769230769,10,1
180,2025-2026,0.95,1.72727272727273,11.5,1
181,2011-2012,0,0,13,0
181,2012-2013,0,0,15.5,0
181,2013-2014,0,0,13,0
181,2014-2015,0,0,6,0
181,2015-2016,0,0,14,0
181,2016-2017,0,0,12,0
181,2017-2018,0,0,10,0
181,2018-2019,0,0,13,0
181,2019-2020,0,0,14,0
181,2020-2021,0,0,13.5,0
181,2021-2022,0,0,11.5,0
181,2022-2023,0,0,12,0
181,2023-2024,0.846153846153846,1.53846153846154,13,1
181,2024-2025,1.05217391304348,1.91304347826087,11,1
181,2025-2026,1.04761904761905,1.9047619047619,11,1
182,2011-2012,0,0,107,0
182,2012-2013,0,0,105,0
182,2013-2014,0,0,105.5,0
182,2014-2015,0,0,96,0
182,2015-2016,0,0,96,0
182,2016-2017,0,0,99,0
182,2017-2018,0,0,96,0
182,2018-2019,0,0,87,0
182,2019-2020,0,0,79,0
182,2020-2021,0,0,73,0
182,2021-2022,0,0,65,0
182,2022-2023,0,0,74,0
182,2023-2024,0.921428571428572,1.67532467532468,74,1
182,2024-2025,1.0377358490566,1.88679245283019,65,1
182,2025-2026,1.03636363636364,1.88429752066116,65,1
183,2011-2012,0,0,131,0
183,2012-2013,0,0,141,0
183,2013-2014,0,0,130,0
183,2014-2015,0,0,130,0
183,2015-2016,0,0,137,0
183,2016-2017,0,0,142,0
183,2017-2018,0,0,126,0
183,2018-2019,0,0,130,0
183,2019-2020,0,0,123,0
183,2020-2021,0,0,98,0
183,2021-2022,0,0,98,0
183,2022-2023,0,0,113,0
183,2023-2024,0.915642458100559,1.66480446927374,93,1
183,2024-2025,1.0626213592233,1.93203883495146,108,1
183,2025-2026,1.04853801169591,1.90643274853801,118,1
184,2011-2012,0,0,81,0
184,2012-2013,0,0,82,0
184,2013-2014,0,0,70,0
184,2014-2015,0,0,70,0
184,2015-2016,0,0,75,0
184,2016-2017,0,0,64,0
184,2017-2018,0,0,75,0
184,2018-2019,0,0,63,0
184,2019-2020,0,0,63,0
184,2020-2021,0,0,55,0
184,2021-2022,0,0,51,0
184,2022-2023,0,0,51,0
184,2023-2024,0.895348837209302,1.62790697674419,59,1
184,2024-2025,1.02142857142857,1.85714285714286,46,1
184,2025-2026,1.02325581395349,1.86046511627907,46,1
185,2011-2012,0,0,32,0
185,2012-2013,0,0,29,0
185,2013-2014,0,0,24,0
185,2014-2015,0,0,26,0
185,2015-2016,0,0,26,0
185,2016-2017,0,0,29,0
185,2017-2018,0,0,27,0
185,2018-2019,0,0,27,0
185,2019-2020,0,0,28,0
185,2020-2021,0,0,28,0
185,2021-2022,0,0,22,0
185,2022-2023,0,0,23,0
185,2023-2024,0.806666666666667,1.46666666666667,22,1
185,2024-2025,1.07105263157895,1.94736842105263,28,1
185,2025-2026,1.04054054054054,1.89189189189189,20,1
186,2011-2012,0,0,193,0
186,2012-2013,0,0,200,0
186,2013-2014,0,0,153,0
186,2014-2015,0,0,153,0
186,2015-2016,0,0,146,0
186,2016-2017,0,0,146,0
186,2017-2018,0,0,148,0
186,2018-2019,0,0,129,0
186,2019-2020,0,0,129,0
186,2020-2021,0,0,85,0
186,2021-2022,0,0,85,0
186,2022-2023,0,0,113,0
186,2023-2024,0.888020833333333,1.61458333333333,108,1
186,2024-2025,0.979523809523809,1.78095238095238,108,1
186,2025-2026,0.996713615023474,1.81220657276995,131.5,1
187,2011-2012,0,0,71,0
187,2012-2013,0,0,69.5,0
187,2013-2014,0,0,68,0
187,2014-2015,0,0,55,0
187,2015-2016,0,0,55,0
187,2016-2017,0,0,52,0
187,2017-2018,0,0,52,0
187,2018-2019,0,0,52,0
187,2019-2020,0,0,60,0
187,2020-2021,0,0,50.5,0
187,2021-2022,0,0,44,0
187,2022-2023,0,0,43,0
187,2023-2024,0.973958333333333,1.77083333333333,58,1
187,2024-2025,0.997333333333333,1.81333333333333,58,1
187,2025-2026,0.995945945945946,1.81081081081081,46,1
188,2011-2012,0,0,70,0
188,2012-2013,0,0,56,0
188,2013-2014,0,0,80,0
188,2014-2015,0,0,72,0
188,2015-2016,0,0,72,0
188,2016-2017,0,0,62,0
188,2017-2018,0,0,62,0
188,2018-2019,0,0,65,0
188,2019-2020,0,0,64,0
188,2020-2021,0,0,47,0
188,2021-2022,0,0,49,0
188,2022-2023,0,0,47,0
188,2023-2024,0.92125,1.675,47,1
188,2024-2025,1.04811320754717,1.90566037735849,50,1
188,2025-2026,1.03125,1.875,50,1
189,2011-2012,0,0,197,0
189,2012-2013,0,0,177,0
189,2013-2014,0,0,129,0
189,2014-2015,0,0,130,0
189,2015-2016,0,0,103,0
189,2016-2017,0,0,103,0
189,2017-2018,0,0,102,0
189,2018-2019,0,0,102,0
189,2019-2020,0,0,94.5,0
189,2020-2021,0,0,82,0
189,2021-2022,0,0,82,0
189,2022-2023,0,0,87,0
189,2023-2024,0.77,1.4,94,1
189,2024-2025,0.968478260869565,1.76086956521739,102,1
189,2025-2026,0.997252747252747,1.81318681318681,111,1
19,2011-2012,0,0,147,0
19,2012-2013,0,0,138,0
19,2013-2014,0,0,114.5,0
19,2014-2015,0,0,107,0
19,2015-2016,0,0,107,0
19,2016-2017,0,0,121,0
19,2017-2018,0,0,129,0
19,2018-2019,0,0,124,0
19,2019-2020,0,0,124,0
19,2020-2021,0,0,132,0
19,2021-2022,0,0,134,0
19,2022-2023,0,0,152,0
19,2023-2024,0.93811320754717,1.70566037735849,152,1
19,2024-2025,1.0239837398374,1.86178861788618,142,1
19,2025-2026,1.02387543252595,1.86159169550173,144,1
190,2011-2012,0,0,172,0
190,2012-2013,0,0,156,0
190,2013-2014,0,0,150,0
190,2014-2015,0,0,145,0
190,2015-2016,0,0,156,0
190,2016-2017,0,0,174.5,0
190,2017-2018,0,0,149,0
190,2018-2019,0,0,132,0
190,2019-2020,0,0,132,0
190,2020-2021,0,0,105,0
190,2021-2022,0,0,126,0
190,2022-2023,0,0,124,0
190,2023-2024,0.92463768115942,1.68115942028986,116,1
190,2024-2025,1.06577777777778,1.93777777777778,117,1
190,2025-2026,1.05067264573991,1.91031390134529,124,1
191,2011-2012,0,0,88,0
191,2012-2013,0,0,92,0
191,2013-2014,0,0,88,0
191,2014-2015,0,0,90,0
191,2015-2016,0,0,75,0
191,2016-2017,0,0,81,0
191,2017-2018,0,0,81,0
191,2018-2019,0,0,81,0
191,2019-2020,0,0,73,0
191,2020-2021,0,0,64,0
191,2021-2022,0,0,64,0
191,2022-2023,0,0,71,0
191,2023-2024,1.01603053435115,1.84732824427481,70,1
191,2024-2025,1.00503597122302,1.8273381294964,70,1
191,2025-2026,1.07659574468085,1.95744680851064,74,1
192,2011-2012,0,0,120,0
192,2012-2013,0,0,108,0
192,2013-2014,0,0,108,0
192,2014-2015,0,0,100,0
192,2015-2016,0,0,98,0
192,2016-2017,0,0,111,0
192,2017-2018,0,0,111,0
192,2018-2019,0,0,111,0
192,2019-2020,0,0,109,0
192,2020-2021,0,0,116,0
192,2021-2022,0,0,94,0
192,2022-2023,0,0,94,0
192,2023-2024,1.03005780346821,1.8728323699422,99,1
192,2024-2025,1.03922651933702,1.88950276243094,89.5,1
192,2025-2026,1.07105263157895,1.94736842105263,91,1
193,2011-2012,0,0,82,0
193,2012-2013,0,0,82,0
193,2013-2014,0,0,89,0
193,2014-2015,0,0,76,0
193,2015-2016,0,0,76,0
193,2016-2017,0,0,82,0
193,2017-2018,0,0,78,0
193,2018-2019,0,0,72,0
193,2019-2020,0,0,63,0
193,2020-2021,0,0,64.5,0
193,2021-2022,0,0,67,0
193,2022-2023,0,0,77,0
193,2023-2024,0.995238095238095,1.80952380952381,69,1
193,2024-2025,1.03984375,1.890625,65,1
193,2025-2026,1.07317073170732,1.95121951219512,71,1
194,2011-2012,0,0,55,0
194,2012-2013,0,0,48,0
194,2013-2014,0,0,48,0
194,2014-2015,0,0,57,0
194,2015-2016,0,0,46,0
194,2016-2017,0,0,52,0
194,2017-2018,0,0,54,0
194,2018-2019,0,0,56,0
194,2019-2020,0,0,56,0
194,2020-2021,0,0,49.5,0
194,2021-2022,0,0,45,0
194,2022-2023,0,0,50,0
194,2023-2024,0.950847457627119,1.72881355932203,52,1
194,2024-2025,1.03529411764706,1.88235294117647,52,1
194,2025-2026,1.07684210526316,1.95789473684211,50,1
196,2011-2012,0,0,96,0
196,2012-2013,0,0,96,0
196,2013-2014,0,0,99,0
196,2014-2015,0,0,92,0
196,2015-2016,0,0,92,0
196,2016-2017,0,0,103,0
196,2017-2018,0,0,105,0
196,2018-2019,0,0,80,0
196,2019-2020,0,0,80,0
196,2020-2021,0,0,86,0
196,2021-2022,0,0,90,0
196,2022-2023,0,0,83,0
196,2023-2024,0.996111111111111,1.81111111111111,85,1
196,2024-2025,1.03612903225806,1.88387096774194,91,1
196,2025-2026,1.00714285714286,1.83116883116883,96,1
197,2011-2012,0,0,132,0
197,2012-2013,0,0,146,0
197,2013-2014,0,0,146,0
197,2014-2015,0,0,145,0
197,2015-2016,0,0,141,0
197,2016-2017,0,0,141,0
197,2017-2018,0,0,144,0
197,2018-2019,0,0,145,0
197,2019-2020,0,0,148,0
197,2020-2021,0,0,133,0
197,2021-2022,0,0,127,0
197,2022-2023,0,0,119,0
197,2023-2024,0.961904761904762,1.74891774891775,125,1
197,2024-2025,1.04185022026432,1.8942731277533,133,1
197,2025-2026,1.04784482758621,1.9051724137931,133,1
198,2011-2012,0,0,62,0
198,2012-2013,0,0,67,0
198,2013-2014,0,0,56,0
198,2014-2015,0,0,56,0
198,2015-2016,0,0,60,0
198,2016-2017,0,0,57,0
198,2017-2018,0,0,42,0
198,2018-2019,0,0,48,0
198,2019-2020,0,0,55,0
198,2020-2021,0,0,43,0
198,2021-2022,0,0,46,0
198,2022-2023,0,0,52,0
198,2023-2024,0.909183673469388,1.6530612244898,57,1
198,2024-2025,0.98421052631579,1.78947368421053,57,1
198,2025-2026,1.01160714285714,1.83928571428571,54,1
199,2011-2012,0,0,303,0
199,2012-2013,0,0,303,0
199,2013-2014,0,0,249,0
199,2014-2015,0,0,249,0
199,2015-2016,0,0,235,0
199,2016-2017,0,0,190,0
199,2017-2018,0,0,189,0
199,2018-2019,0,0,189,0
199,2019-2020,0,0,194,0
199,2020-2021,0,0,194,0
199,2021-2022,0,0,201,0
199,2022-2023,0,0,205,0
199,2023-2024,0.936043360433604,1.70189701897019,206,1
199,2024-2025,1.03972602739726,1.89041095890411,218,1
199,2025-2026,1.05290519877676,1.91437308868502,204,1
2,2011-2012,0,0,90,0
2,2012-2013,0,0,87,0
2,2013-2014,0,0,78,0
2,2014-2015,0,0,82,0
2,2015-2016,0,0,74,0
2,2016-2017,0,0,74,0
2,2017-2018,0,0,74,0
2,2018-2019,0,0,77,0
2,2019-2020,0,0,75.5,0
2,2020-2021,0,0,44,0
2,2021-2022,0,0,44,0
2,2022-2023,0,0,58,0
2,2023-2024,0.933613445378151,1.69747899159664,59,1
2,2024-2025,1.09083333333333,1.98333333333333,64,1
2,2025-2026,1.04761904761905,1.9047619047619,66.5,1
20,2011-2012,0,0,73,0
20,2012-2013,0,0,76,0
20,2013-2014,0,0,64,0
20,2014-2015,0,0,50.5,0
20,2015-2016,0,0,67.5,0
20,2016-2017,0,0,76,0
20,2017-2018,0,0,81,0
20,2018-2019,0,0,74,0
20,2019-2020,0,0,74,0
20,2020-2021,0,0,64,0
20,2021-2022,0,0,63,0
20,2022-2023,0,0,57,0
20,2023-2024,0.945614035087719,1.71929824561404,73,1
20,2024-2025,1.00625,1.82954545454545,78,1
20,2025-2026,1.03694267515924,1.88535031847134,90,1
200,2011-2012,0,0,30,0
200,2012-2013,0,0,30,0
200,2013-2014,0,0,27,0
200,2014-2015,0,0,34,0
200,2015-2016,0,0,31.5,0
200,2016-2017,0,0,28,0
200,2017-2018,0,0,23,0
200,2018-2019,0,0,25,0
200,2019-2020,0,0,24,0
200,2020-2021,0,0,32,0
200,2021-2022,0,0,23,0
200,2022-2023,0,0,29,0
200,2023-2024,0.995238095238095,1.80952380952381,27,1
200,2024-2025,0.939024390243902,1.70731707317073,25,1
200,2025-2026,1.05849056603774,1.92452830188679,30.5,1
201,2011-2012,0,0,166,0
201,2012-2013,0,0,166,0
201,2013-2014,0,0,143,0
201,2014-2015,0,0,138,0
201,2015-2016,0,0,138,0
201,2016-2017,0,0,139,0
201,2017-2018,0,0,139,0
201,2018-2019,0,0,132,0
201,2019-2020,0,0,113,0
201,2020-2021,0,0,92,0
201,2021-2022,0,0,87,0
201,2022-2023,0,0,80,0
201,2023-2024,0.902158273381295,1.64028776978417,86,1
201,2024-2025,1.0373417721519,1.88607594936709,90,1
201,2025-2026,1.06099290780142,1.9290780141844,85,1
202,2011-2012,0,0,178,0
202,2012-2013,0,0,188,0
202,2013-2014,0,0,171,0
202,2014-2015,0,0,179,0
202,2015-2016,0,0,157,0
202,2016-2017,0,0,157,0
202,2017-2018,0,0,151,0
202,2018-2019,0,0,145,0
202,2019-2020,0,0,138,0
202,2020-2021,0,0,129,0
202,2021-2022,0,0,120,0
202,2022-2023,0,0,120,0
202,2023-2024,0.882959641255605,1.60538116591928,120,1
202,2024-2025,1.00974358974359,1.83589743589744,112,1
202,2025-2026,0.935470085470086,1.7008547008547,121,1
203,2011-2012,0,0,115,0
203,2012-2013,0,0,115,0
203,2013-2014,0,0,108,0
203,2014-2015,0,0,109,0
203,2015-2016,0,0,97,0
203,2016-2017,0,0,96,0
203,2017-2018,0,0,97,0
203,2018-2019,0,0,86,0
203,2019-2020,0,0,84,0
203,2020-2021,0,0,75,0
203,2021-2022,0,0,75,0
203,2022-2023,0,0,66,0
203,2023-2024,0.871851851851852,1.58518518518519,64,1
203,2024-2025,1.0412213740458,1.89312977099237,64,1
203,2025-2026,0.927272727272727,1.68595041322314,71,1
204,2011-2012,0,0,55,0
204,2012-2013,0,0,55,0
204,2013-2014,0,0,63,0
204,2014-2015,0,0,49,0
204,2015-2016,0,0,59,0
204,2016-2017,0,0,52,0
204,2017-2018,0,0,46,0
204,2018-2019,0,0,49,0
204,2019-2020,0,0,63,0
204,2020-2021,0,0,46,0
204,2021-2022,0,0,46,0
204,2022-2023,0,0,50,0
204,2023-2024,0.858241758241758,1.56043956043956,52,1
204,2024-2025,1.03037974683544,1.87341772151899,49,1
204,2025-2026,1.07317073170732,1.95121951219512,46,1
205,2011-2012,0,0,98,0
205,2012-2013,0,0,106,0
205,2013-2014,0,0,96,0
205,2014-2015,0,0,96,0
205,2015-2016,0,0,98,0
205,2016-2017,0,0,93,0
205,2017-2018,0,0,90,0
205,2018-2019,0,0,74,0
205,2019-2020,0,0,74,0
205,2020-2021,0,0,79,0
205,2021-2022,0,0,79,0
205,2022-2023,0,0,54,0
205,2023-2024,0.94,1.70909090909091,66,1
205,2024-2025,1.04677419354839,1.90322580645161,66,1
205,2025-2026,1.03636363636364,1.88429752066116,66,1
206,2011-2012,0,0,128,0
206,2012-2013,0,0,127,0
206,2013-2014,0,0,96,0
206,2014-2015,0,0,96,0
206,2015-2016,0,0,99,0
206,2016-2017,0,0,99,0
206,2017-2018,0,0,94,0
206,2018-2019,0,0,94,0
206,2019-2020,0,0,92,0
206,2020-2021,0,0,85,0
206,2021-2022,0,0,85,0
206,2022-2023,0,0,82,0
206,2023-2024,0.890845070422535,1.61971830985916,76,1
206,2024-2025,1.01258278145695,1.84105960264901,86,1
206,2025-2026,1.0589552238806,1.92537313432836,81,1
207,2011-2012,0,0,190,0
207,2012-2013,0,0,190,0
207,2013-2014,0,0,202,0
207,2014-2015,0,0,174,0
207,2015-2016,0,0,174,0
207,2016-2017,0,0,157,0
207,2017-2018,0,0,150,0
207,2018-2019,0,0,158,0
207,2019-2020,0,0,137,0
207,2020-2021,0,0,127,0
207,2021-2022,0,0,127,0
207,2022-2023,0,0,117,0
207,2023-2024,0.96031746031746,1.74603174603175,107,1
207,2024-2025,0.952970297029703,1.73267326732673,121,1
207,2025-2026,0.985308056872038,1.7914691943128,123,1
208,2011-2012,0,0,208,0
208,2012-2013,0,0,186,0
208,2013-2014,0,0,165,0
208,2014-2015,0,0,144,0
208,2015-2016,0,0,151,0
208,2016-2017,0,0,158,0
208,2017-2018,0,0,146,0
208,2018-2019,0,0,150,0
208,2019-2020,0,0,150,0
208,2020-2021,0,0,141,0
208,2021-2022,0,0,128,0
208,2022-2023,0,0,119,0
208,2023-2024,0.96056338028169,1.74647887323944,115,1
208,2024-2025,1.04444444444444,1.8989898989899,127,1
208,2025-2026,1.04923076923077,1.90769230769231,125,1
209,2011-2012,0,0,103,0
209,2012-2013,0,0,83,0
209,2013-2014,0,0,87,0
209,2014-2015,0,0,89,0
209,2015-2016,0,0,88,0
209,2016-2017,0,0,88,0
209,2017-2018,0,0,87,0
209,2018-2019,0,0,67,0
209,2019-2020,0,0,69,0
209,2020-2021,0,0,63,0
209,2021-2022,0,0,56,0
209,2022-2023,0,0,66,0
209,2023-2024,0.847706422018349,1.54128440366972,68,1
209,2024-2025,1.03245614035088,1.87719298245614,64,1
209,2025-2026,1.02212389380531,1.85840707964602,64.5,1
21,2011-2012,0,0,101,0
21,2012-2013,0,0,101,0
21,2013-2014,0,0,101,0
21,2014-2015,0,0,106,0
21,2015-2016,0,0,106,0
21,2016-2017,0,0,94,0
21,2017-2018,0,0,94,0
21,2018-2019,0,0,104,0
21,2019-2020,0,0,106,0
21,2020-2021,0,0,87,0
21,2021-2022,0,0,84,0
21,2022-2023,0,0,84,0
21,2023-2024,0.930769230769231,1.69230769230769,98,1
21,2024-2025,1.02061855670103,1.85567010309278,101,1
21,2025-2026,1.02487804878049,1.86341463414634,122,1
210,2011-2012,0,0,121,0
210,2012-2013,0,0,131,0
210,2013-2014,0,0,102,0
210,2014-2015,0,0,110,0
210,2015-2016,0,0,110,0
210,2016-2017,0,0,106,0
210,2017-2018,0,0,119.5,0
210,2018-2019,0,0,100,0
210,2019-2020,0,0,100,0
210,2020-2021,0,0,94,0
210,2021-2022,0,0,94,0
210,2022-2023,0,0,102,0
210,2023-2024,0.93206106870229,1.69465648854962,94,1
210,2024-2025,1.00466666666667,1.82666666666667,85,1
210,2025-2026,0.970224719101124,1.76404494382022,84,1
211,2011-2012,0,0,80,0
211,2012-2013,0,0,70,0
211,2013-2014,0,0,71,0
211,2014-2015,0,0,77,0
211,2015-2016,0,0,69,0
211,2016-2017,0,0,70,0
211,2017-2018,0,0,70,0
211,2018-2019,0,0,61,0
211,2019-2020,0,0,61,0
211,2020-2021,0,0,54,0
211,2021-2022,0,0,54,0
211,2022-2023,0,0,74,0
211,2023-2024,0.871538461538462,1.58461538461538,65,1
211,2024-2025,1.05769230769231,1.92307692307692,50,1
211,2025-2026,1.07349397590361,1.95180722891566,49,1
212,2011-2012,0,0,45,0
212,2012-2013,0,0,35,0
212,2013-2014,0,0,26,0
212,2014-2015,0,0,26,0
212,2015-2016,0,0,43,0
212,2016-2017,0,0,36.5,0
212,2017-2018,0,0,31,0
212,2018-2019,0,0,31,0
212,2019-2020,0,0,31,0
212,2020-2021,0,0,32.5,0
212,2021-2022,0,0,24,0
212,2022-2023,0,0,24,0
212,2023-2024,0.88,1.6,30,1
212,2024-2025,1.0531914893617,1.91489361702128,30,1
212,2025-2026,0.975471698113208,1.77358490566038,30,1
213,2011-2012,0,0,111,0
213,2012-2013,0,0,111,0
213,2013-2014,0,0,107,0
213,2014-2015,0,0,107,0
213,2015-2016,0,0,95,0
213,2016-2017,0,0,87,0
213,2017-2018,0,0,84,0
213,2018-2019,0,0,77,0
213,2019-2020,0,0,75,0
213,2020-2021,0,0,57,0
213,2021-2022,0,0,57,0
213,2022-2023,0,0,64,0
213,2023-2024,0.937704918032787,1.70491803278689,73,1
213,2024-2025,0.997674418604651,1.81395348837209,60,1
213,2025-2026,1.05528455284553,1.91869918699187,69,1
214,2011-2012,0,0,71,0
214,2012-2013,0,0,62,0
214,2013-2014,0,0,62,0
214,2014-2015,0,0,52,0
214,2015-2016,0,0,63,0
214,2016-2017,0,0,63,0
214,2017-2018,0,0,53,0
214,2018-2019,0,0,53,0
214,2019-2020,0,0,53,0
214,2020-2021,0,0,55,0
214,2021-2022,0,0,55,0
214,2022-2023,0,0,59,0
214,2023-2024,0.920652173913044,1.67391304347826,51,1
214,2024-2025,1.03230769230769,1.87692307692308,51,1
214,2025-2026,1.00756302521008,1.83193277310924,67,1
215,2011-2012,0,0,69,0
215,2012-2013,0,0,60,0
215,2013-2014,0,0,74,0
215,2014-2015,0,0,63,0
215,2015-2016,0,0,52,0
215,2016-2017,0,0,53,0
215,2017-2018,0,0,58,0
215,2018-2019,0,0,57,0
215,2019-2020,0,0,57,0
215,2020-2021,0,0,56,0
215,2021-2022,0,0,48,0
215,2022-2023,0,0,46.5,0
215,2023-2024,0.944871794871795,1.71794871794872,42,1
215,2024-2025,1.04358974358974,1.8974358974359,37,1
215,2025-2026,1.00722891566265,1.83132530120482,48,1
216,2011-2012,0,0,91,0
216,2012-2013,0,0,99,0
216,2013-2014,0,0,107,0
216,2014-2015,0,0,107,0
216,2015-2016,0,0,95,0
216,2016-2017,0,0,102,0
216,2017-2018,0,0,105,0
216,2018-2019,0,0,100,0
216,2019-2020,0,0,98,0
216,2020-2021,0,0,79,0
216,2021-2022,0,0,79,0
216,2022-2023,0,0,86,0
216,2023-2024,0.917791411042945,1.66871165644172,92,1
216,2024-2025,1.05182481751825,1.91240875912409,85,1
216,2025-2026,0.976923076923077,1.77622377622378,77,1
217,2011-2012,0,0,19,0
217,2012-2013,0,0,21,0
217,2013-2014,0,0,17,0
217,2014-2015,0,0,17,0
217,2015-2016,0,0,22,0
217,2016-2017,0,0,24,0
217,2017-2018,0,0,23,0
217,2018-2019,0,0,23,0
217,2019-2020,0,0,23,0
217,2021-2022,0,0,15.5,0
217,2022-2023,0,0,14,0
217,2023-2024,1.00833333333333,1.83333333333333,13,1
217,2024-2025,1.05769230769231,1.92307692307692,15.5,1
217,2025-2026,0.973076923076923,1.76923076923077,13,1
218,2011-2012,0,0,122,0
218,2012-2013,0,0,132,0
218,2013-2014,0,0,113,0
218,2014-2015,0,0,113,0
218,2015-2016,0,0,110,0
218,2016-2017,0,0,110,0
218,2017-2018,0,0,99,0
218,2018-2019,0,0,85,0
218,2019-2020,0,0,83,0
218,2020-2021,0,0,80,0
218,2021-2022,0,0,75,0
218,2022-2023,0,0,82,0
218,2023-2024,0.723489932885906,1.31543624161074,82,1
218,2024-2025,0.9768,1.776,72,1
218,2025-2026,0.9625,1.75,82,1
219,2011-2012,0,0,94,0
219,2012-2013,0,0,87,0
219,2013-2014,0,0,83,0
219,2014-2015,0,0,75,0
219,2015-2016,0,0,75,0
219,2016-2017,0,0,72,0
219,2017-2018,0,0,82,0
219,2018-2019,0,0,68,0
219,2019-2020,0,0,59,0
219,2020-2021,0,0,60.5,0
219,2021-2022,0,0,64,0
219,2022-2023,0,0,63,0
219,2023-2024,0.961165048543689,1.74757281553398,67,1
219,2024-2025,1.00434782608696,1.82608695652174,53,1
219,2025-2026,1.05728155339806,1.92233009708738,45,1
22,2011-2012,0,0,79,0
22,2012-2013,0,0,72,0
22,2013-2014,0,0,95,0
22,2014-2015,0,0,78,0
22,2015-2016,0,0,80,0
22,2016-2017,0,0,84,0
22,2017-2018,0,0,84,0
22,2018-2019,0,0,71,0
22,2019-2020,0,0,71,0
22,2020-2021,0,0,78,0
22,2021-2022,0,0,78,0
22,2022-2023,0,0,80,0
22,2023-2024,0.855555555555556,1.55555555555556,73,1
22,2024-2025,0.950967741935484,1.72903225806452,73,1
22,2025-2026,0.995238095238095,1.80952380952381,79,1
221,2011-2012,0,0,77,0
221,2012-2013,0,0,77,0
221,2013-2014,0,0,89,0
221,2014-2015,0,0,85,0
221,2015-2016,0,0,60,0
221,2016-2017,0,0,61.5,0
221,2017-2018,0,0,63,0
221,2018-2019,0,0,69,0
221,2019-2020,0,0,62,0
221,2020-2021,0,0,66,0
221,2021-2022,0,0,67,0
221,2022-2023,0,0,67,0
221,2023-2024,0.95607476635514,1.73831775700935,69,1
221,2024-2025,1.05728155339806,1.92233009708738,62,1
221,2025-2026,1.06106194690265,1.92920353982301,68,1
222,2011-2012,0,0,101,0
222,2012-2013,0,0,96,0
222,2013-2014,0,0,92,0
222,2014-2015,0,0,94,0
222,2015-2016,0,0,97,0
222,2016-2017,0,0,82,0
222,2017-2018,0,0,82,0
222,2018-2019,0,0,85,0
222,2019-2020,0,0,77,0
222,2020-2021,0,0,75,0
222,2021-2022,0,0,73,0
222,2022-2023,0,0,73,0
222,2023-2024,0.883211678832117,1.60583941605839,77,1
222,2024-2025,1.01970802919708,1.85401459854015,81,1
222,2025-2026,1.03432835820896,1.88059701492537,84,1
223,2011-2012,0,0,77,0
223,2012-2013,0,0,80,0
223,2013-2014,0,0,71,0
223,2014-2015,0,0,68,0
223,2015-2016,0,0,62,0
223,2016-2017,0,0,57,0
223,2017-2018,0,0,68,0
223,2018-2019,0,0,62,0
223,2019-2020,0,0,61,0
223,2020-2021,0,0,56,0
223,2021-2022,0,0,53.5,0
223,2022-2023,0,0,51,0
223,2023-2024,0.851304347826087,1.54782608695652,54,1
223,2024-2025,1.01020408163265,1.83673469387755,52.5,1
223,2025-2026,1.04107142857143,1.89285714285714,49,1
224,2011-2012,0,0,79,0
224,2012-2013,0,0,86,0
224,2013-2014,0,0,89,0
224,2014-2015,0,0,79,0
224,2015-2016,0,0,80,0
224,2016-2017,0,0,87,0
224,2017-2018,0,0,87,0
224,2018-2019,0,0,70,0
224,2019-2020,0,0,70,0
224,2020-2021,0,0,61.5,0
224,2021-2022,0,0,56,0
224,2022-2023,0,0,73,0
224,2023-2024,0.883464566929134,1.60629921259843,70,1
224,2024-2025,0.968,1.76,62,1
224,2025-2026,1.01851851851852,1.85185185185185,58,1
225,2011-2012,0,0,84,0
225,2012-2013,0,0,88,0
225,2013-2014,0,0,84,0
225,2014-2015,0,0,78,0
225,2015-2016,0,0,78,0
225,2016-2017,0,0,86,0
225,2017-2018,0,0,83,0
225,2018-2019,0,0,74,0
225,2019-2020,0,0,74,0
225,2020-2021,0,0,67.5,0
225,2021-2022,0,0,57,0
225,2022-2023,0,0,61,0
225,2023-2024,0.916666666666667,1.66666666666667,72,1
225,2024-2025,1.02465753424658,1.86301369863014,80,1
225,2025-2026,1.05925925925926,1.92592592592593,80,1
226,2011-2012,0,0,108,0
226,2012-2013,0,0,108,0
226,2013-2014,0,0,93,0
226,2014-2015,0,0,94,0
226,2015-2016,0,0,96,0
226,2016-2017,0,0,96,0
226,2017-2018,0,0,122,0
226,2018-2019,0,0,106,0
226,2019-2020,0,0,106,0
226,2020-2021,0,0,100,0
226,2021-2022,0,0,100,0
226,2022-2023,0,0,83,0
226,2023-2024,0.932984293193717,1.69633507853403,104,1
226,2024-2025,1.01287128712871,1.84158415841584,97,1
226,2025-2026,1.01979166666667,1.85416666666667,97,1
228,2011-2012,0,0,11.5,0
228,2012-2013,0,0,14,0
228,2013-2014,0,0,12,0
228,2014-2015,0,0,11.5,0
228,2015-2016,0,0,15,0
228,2016-2017,0,0,18.5,0
228,2017-2018,0,0,19,0
228,2018-2019,0,0,13,0
228,2019-2020,0,0,13,0
228,2020-2021,0,0,14,0
228,2021-2022,0,0,15,0
228,2022-2023,0,0,17,0
228,2023-2024,1.045,1.9,12,1
228,2024-2025,1.05416666666667,1.91666666666667,17,1
228,2025-2026,1.05925925925926,1.92592592592593,16,1
229,2011-2012,0,0,70,0
229,2012-2013,0,0,70,0
229,2013-2014,0,0,67,0
229,2014-2015,0,0,57,0
229,2015-2016,0,0,48,0
229,2016-2017,0,0,52,0
229,2017-2018,0,0,54,0
229,2018-2019,0,0,48,0
229,2019-2020,0,0,48,0
229,2020-2021,0,0,52,0
229,2021-2022,0,0,55,0
229,2022-2023,0,0,57,0
229,2023-2024,0.981081081081081,1.78378378378378,44,1
229,2024-2025,1.06292134831461,1.93258426966292,41,1
229,2025-2026,1.05975609756098,1.92682926829268,51,1
23,2011-2012,0,0,86,0
23,2012-2013,0,0,95,0
23,2013-2014,0,0,88.5,0
23,2014-2015,0,0,86,0
23,2015-2016,0,0,89,0
23,2016-2017,0,0,87,0
23,2017-2018,0,0,84,0
23,2018-2019,0,0,86.5,0
23,2019-2020,0,0,95,0
23,2020-2021,0,0,81,0
23,2021-2022,0,0,81,0
23,2022-2023,0,0,81,0
23,2023-2024,0.911602209944751,1.65745856353591,92,1
23,2024-2025,0.999033816425121,1.81642512077295,100,1
23,2025-2026,1.01176470588235,1.83957219251337,100,1
230,2011-2012,0,0,146.5,0
230,2012-2013,0,0,131,0
230,2013-2014,0,0,106,0
230,2014-2015,0,0,111,0
230,2015-2016,0,0,111,0
230,2016-2017,0,0,107,0
230,2017-2018,0,0,107,0
230,2018-2019,0,0,113,0
230,2019-2020,0,0,93,0
230,2020-2021,0,0,84,0
230,2021-2022,0,0,87,0
230,2022-2023,0,0,84,0
230,2023-2024,0.957251908396947,1.74045801526718,82.5,1
230,2024-2025,0.99,1.8,71,1
230,2025-2026,0.992481203007519,1.80451127819549,77,1
231,2011-2012,0,0,80,0
231,2012-2013,0,0,82,0
231,2013-2014,0,0,83,0
231,2014-2015,0,0,81,0
231,2015-2016,0,0,65,0
231,2016-2017,0,0,65,0
231,2017-2018,0,0,59,0
231,2018-2019,0,0,63,0
231,2019-2020,0,0,65,0
231,2020-2021,0,0,48,0
231,2021-2022,0,0,48,0
231,2022-2023,0,0,48,0
231,2023-2024,0.906593406593407,1.64835164835165,50,1
231,2024-2025,1.07283950617284,1.95061728395062,50,1
231,2025-2026,1.05416666666667,1.91666666666667,51,1
232,2011-2012,0,0,34,0
232,2012-2013,0,0,36,0
232,2013-2014,0,0,26,0
232,2014-2015,0,0,26,0
232,2015-2016,0,0,26,0
232,2016-2017,0,0,25,0
232,2017-2018,0,0,28,0
232,2018-2019,0,0,28,0
232,2019-2020,0,0,30.5,0
232,2020-2021,0,0,17,0
232,2021-2022,0,0,26,0
232,2022-2023,0,0,33,0
232,2023-2024,0.932608695652174,1.69565217391304,24.5,1
232,2024-2025,1.05769230769231,1.92307692307692,18,1
232,2025-2026,1.04210526315789,1.89473684210526,33,1
233,2011-2012,0,0,83,0
233,2012-2013,0,0,74,0
233,2013-2014,0,0,74,0
233,2014-2015,0,0,78,0
233,2015-2016,0,0,68,0
233,2016-2017,0,0,66,0
233,2017-2018,0,0,66,0
233,2018-2019,0,0,47,0
233,2019-2020,0,0,48,0
233,2020-2021,0,0,50,0
233,2021-2022,0,0,53,0
233,2022-2023,0,0,54,0
233,2023-2024,0.875268817204301,1.59139784946237,53,1
233,2024-2025,0.99622641509434,1.81132075471698,50,1
233,2025-2026,0.94017094017094,1.70940170940171,50,1
234,2011-2012,0,0,126,0
234,2012-2013,0,0,120,0
234,2013-2014,0,0,113,0
234,2014-2015,0,0,105,0
234,2015-2016,0,0,91.5,0
234,2016-2017,0,0,96,0
234,2017-2018,0,0,94,0
234,2018-2019,0,0,91,0
234,2019-2020,0,0,87,0
234,2020-2021,0,0,87,0
234,2021-2022,0,0,89,0
234,2022-2023,0,0,96,0
234,2023-2024,0.898224852071006,1.63313609467456,96,1
234,2024-2025,1.00958904109589,1.83561643835616,94,1
234,2025-2026,0.999390243902439,1.81707317073171,94,1
235,2011-2012,0,0,97,0
235,2012-2013,0,0,97,0
235,2013-2014,0,0,93,0
235,2014-2015,0,0,97,0
235,2015-2016,0,0,78,0
235,2016-2017,0,0,78,0
235,2017-2018,0,0,92,0
235,2018-2019,0,0,81,0
235,2019-2020,0,0,79,0
235,2020-2021,0,0,70,0
235,2021-2022,0,0,71,0
235,2022-2023,0,0,65,0
235,2023-2024,0.837748344370861,1.52317880794702,85,1
235,2024-2025,0.98828125,1.796875,69,1
235,2025-2026,1.05736434108527,1.92248062015504,73,1
236,2011-2012,0,0,72,0
236,2012-2013,0,0,55,0
236,2013-2014,0,0,58,0
236,2014-2015,0,0,59,0
236,2015-2016,0,0,61,0
236,2016-2017,0,0,62,0
236,2017-2018,0,0,68,0
236,2018-2019,0,0,58,0
236,2019-2020,0,0,58,0
236,2020-2021,0,0,57,0
236,2021-2022,0,0,51,0
236,2022-2023,0,0,51,0
236,2023-2024,0.944871794871795,1.71794871794872,47,1
236,2024-2025,0.952439024390244,1.73170731707317,52,1
236,2025-2026,1.1,2,41,1
237,2011-2012,0,0,47,0
237,2012-2013,0,0,43,0
237,2013-2014,0,0,36,0
237,2014-2015,0,0,31,0
237,2015-2016,0,0,41,0
237,2016-2017,0,0,35,0
237,2017-2018,0,0,38,0
237,2018-2019,0,0,38,0
237,2019-2020,0,0,39,0
237,2020-2021,0,0,32,0
237,2021-2022,0,0,32,0
237,2022-2023,0,0,32,0
237,2023-2024,1.00571428571429,1.82857142857143,33,1
237,2024-2025,1.00833333333333,1.83333333333333,34,1
237,2025-2026,1.034,1.88,31.5,1
238,2011-2012,0,0,123,0
238,2012-2013,0,0,114,0
238,2013-2014,0,0,105,0
238,2014-2015,0,0,96,0
238,2015-2016,0,0,91.5,0
238,2016-2017,0,0,81,0
238,2017-2018,0,0,80,0
238,2018-2019,0,0,70,0
238,2019-2020,0,0,70,0
238,2020-2021,0,0,62,0
238,2021-2022,0,0,62,0
238,2022-2023,0,0,62,0
238,2023-2024,0.861855670103093,1.56701030927835,60,1
238,2024-2025,1.00388349514563,1.8252427184466,55,1
238,2025-2026,1.05089285714286,1.91071428571429,59,1
239,2011-2012,0,0,97.5,0
239,2012-2013,0,0,79,0
239,2013-2014,0,0,75,0
239,2014-2015,0,0,77,0
239,2015-2016,0,0,89,0
239,2016-2017,0,0,76,0
239,2017-2018,0,0,74,0
239,2018-2019,0,0,74,0
239,2019-2020,0,0,72.5,0
239,2020-2021,0,0,71,0
239,2021-2022,0,0,65,0
239,2022-2023,0,0,60,0
239,2023-2024,0.746428571428571,1.35714285714286,60,1
239,2024-2025,1.05378151260504,1.91596638655462,65,1
239,2025-2026,1.05,1.90909090909091,65,1
24,2011-2012,0,0,45,0
24,2012-2013,0,0,51,0
24,2013-2014,0,0,48,0
24,2014-2015,0,0,48,0
24,2015-2016,0,0,46,0
24,2016-2017,0,0,42,0
24,2017-2018,0,0,42,0
24,2018-2019,0,0,39,0
24,2019-2020,0,0,36.5,0
24,2020-2021,0,0,41,0
24,2021-2022,0,0,37,0
24,2022-2023,0,0,45,0
24,2023-2024,0.855555555555556,1.55555555555556,49,1
24,2024-2025,0.897701149425287,1.63218390804598,57,1
24,2025-2026,1.03529411764706,1.88235294117647,52,1
240,2011-2012,0,0,170,0
240,2012-2013,0,0,169,0
240,2013-2014,0,0,143,0
240,2014-2015,0,0,136,0
240,2015-2016,0,0,136,0
240,2016-2017,0,0,139.5,0
240,2017-2018,0,0,155,0
240,2018-2019,0,0,133,0
240,2019-2020,0,0,124,0
240,2020-2021,0,0,122,0
240,2021-2022,0,0,123,0
240,2022-2023,0,0,123,0
240,2023-2024,0.750898203592815,1.36526946107784,112,1
240,2024-2025,0.966666666666667,1.75757575757576,100,1
240,2025-2026,1.00486486486486,1.82702702702703,100,1
241,2011-2012,0,0,123,0
241,2012-2013,0,0,112,0
241,2013-2014,0,0,112,0
241,2014-2015,0,0,115,0
241,2015-2016,0,0,108,0
241,2016-2017,0,0,108,0
241,2017-2018,0,0,107,0
241,2018-2019,0,0,106,0
241,2019-2020,0,0,92,0
241,2020-2021,0,0,91,0
241,2021-2022,0,0,91,0
241,2022-2023,0,0,100,0
241,2023-2024,0.738805970149254,1.34328358208955,100.5,1
241,2024-2025,1.05361445783133,1.91566265060241,91,1
241,2025-2026,1.01372549019608,1.84313725490196,101,1
242,2011-2012,0,0,97.5,0
242,2012-2013,0,0,106,0
242,2013-2014,0,0,94,0
242,2014-2015,0,0,73,0
242,2015-2016,0,0,82,0
242,2016-2017,0,0,83,0
242,2017-2018,0,0,80,0
242,2018-2019,0,0,84,0
242,2019-2020,0,0,78,0
242,2020-2021,0,0,78,0
242,2021-2022,0,0,77,0
242,2022-2023,0,0,77,0
242,2023-2024,0.834821428571429,1.51785714285714,67,1
242,2024-2025,1.02413793103448,1.86206896551724,67,1
242,2025-2026,1.00677966101695,1.83050847457627,67,1
243,2011-2012,0,0,97,0
243,2012-2013,0,0,90,0
243,2013-2014,0,0,85,0
243,2014-2015,0,0,85,0
243,2015-2016,0,0,67,0
243,2016-2017,0,0,66,0
243,2017-2018,0,0,66,0
243,2018-2019,0,0,68,0
243,2019-2020,0,0,52,0
243,2020-2021,0,0,52,0
243,2021-2022,0,0,53,0
243,2022-2023,0,0,53,0
243,2023-2024,0.774782608695652,1.40869565217391,52.5,1
243,2024-2025,0.952577319587629,1.7319587628866,54,1
243,2025-2026,1.00833333333333,1.83333333333333,45,1
244,2011-2012,0,0,88,0
244,2012-2013,0,0,90,0
244,2013-2014,0,0,85,0
244,2014-2015,0,0,89,0
244,2015-2016,0,0,85,0
244,2016-2017,0,0,68.5,0
244,2017-2018,0,0,75,0
244,2018-2019,0,0,75,0
244,2019-2020,0,0,68,0
244,2020-2021,0,0,63,0
244,2021-2022,0,0,60,0
244,2022-2023,0,0,73,0
244,2023-2024,0.740384615384615,1.34615384615385,79.5,1
244,2024-2025,1.01538461538462,1.84615384615385,63.5,1
244,2025-2026,1.04021739130435,1.89130434782609,52,1
245,2011-2012,0,0,133,0
245,2012-2013,0,0,135,0
245,2013-2014,0,0,125,0
245,2014-2015,0,0,128,0
245,2015-2016,0,0,110,0
245,2016-2017,0,0,110,0
245,2017-2018,0,0,121,0
245,2018-2019,0,0,118,0
245,2019-2020,0,0,113,0
245,2020-2021,0,0,96,0
245,2021-2022,0,0,92,0
245,2022-2023,0,0,95,0
245,2023-2024,0.889808917197452,1.61783439490446,100,1
245,2024-2025,0.998979591836735,1.81632653061225,100,1
245,2025-2026,1.03091787439614,1.8743961352657,110,1
246,2011-2012,0,0,40,0
246,2012-2013,0,0,46,0
246,2013-2014,0,0,38.5,0
246,2014-2015,0,0,38,0
246,2015-2016,0,0,38,0
246,2016-2017,0,0,43,0
246,2017-2018,0,0,31,0
246,2018-2019,0,0,34.5,0
246,2019-2020,0,0,35.5,0
246,2021-2022,0,0,28,0
246,2022-2023,0,0,34,0
246,2023-2024,0.846153846153846,1.53846153846154,27,1
246,2024-2025,0.942857142857143,1.71428571428571,30,1
246,2025-2026,1.03230769230769,1.87692307692308,33,1
247,2011-2012,0,0,199,0
247,2012-2013,0,0,207,0
247,2013-2014,0,0,209,0
247,2014-2015,0,0,187,0
247,2015-2016,0,0,163,0
247,2016-2017,0,0,185,0
247,2017-2018,0,0,169,0
247,2018-2019,0,0,150,0
247,2019-2020,0,0,150,0
247,2020-2021,0,0,143,0
247,2021-2022,0,0,133,0
247,2022-2023,0,0,133,0
247,2023-2024,0.930396475770925,1.69162995594714,144,1
247,2024-2025,1.02639405204461,1.86617100371747,160,1
247,2025-2026,0.996,1.81090909090909,157,1
248,2011-2012,0,0,212,0
248,2012-2013,0,0,212,0
248,2013-2014,0,0,169,0
248,2014-2015,0,0,169,0
248,2015-2016,0,0,184,0
248,2016-2017,0,0,173,0
248,2017-2018,0,0,154,0
248,2018-2019,0,0,147,0
248,2019-2020,0,0,147,0
248,2020-2021,0,0,132,0
248,2021-2022,0,0,130,0
248,2022-2023,0,0,130,0
248,2023-2024,0.939130434782609,1.70750988142292,136,1
248,2024-2025,1.03275109170306,1.87772925764192,134,1
248,2025-2026,1.04,1.89090909090909,142,1
249,2011-2012,0,0,66,0
249,2012-2013,0,0,66,0
249,2013-2014,0,0,64,0
249,2014-2015,0,0,62,0
249,2015-2016,0,0,52,0
249,2016-2017,0,0,52,0
249,2017-2018,0,0,60,0
249,2018-2019,0,0,49,0
249,2019-2020,0,0,52.5,0
249,2020-2021,0,0,31,0
249,2021-2022,0,0,39,0
249,2022-2023,0,0,35,0
249,2023-2024,0.937037037037037,1.7037037037037,31,1
249,2024-2025,0.979268292682927,1.78048780487805,49,1
249,2025-2026,1.05352112676056,1.91549295774648,37,1
25,2011-2012,0,0,92,0
25,2012-2013,0,0,95,0
25,2013-2014,0,0,98,0
25,2014-2015,0,0,98,0
25,2015-2016,0,0,88,0
25,2016-2017,0,0,88,0
25,2017-2018,0,0,83,0
25,2018-2019,0,0,82,0
25,2019-2020,0,0,82,0
25,2020-2021,0,0,72,0
25,2021-2022,0,0,70,0
25,2022-2023,0,0,81,0
25,2023-2024,0.802183406113537,1.45851528384279,85,1
25,2024-2025,1.01052631578947,1.83732057416268,99,1
25,2025-2026,0.98394495412844,1.78899082568807,110,1
250,2011-2012,0,0,172,0
250,2012-2013,0,0,194,0
250,2013-2014,0,0,155,0
250,2014-2015,0,0,155,0
250,2015-2016,0,0,189,0
250,2016-2017,0,0,160,0
250,2017-2018,0,0,160,0
250,2018-2019,0,0,142,0
250,2019-2020,0,0,138,0
250,2020-2021,0,0,106,0
250,2021-2022,0,0,106,0
250,2022-2023,0,0,110,0
250,2023-2024,0.860396039603961,1.56435643564356,113,1
250,2024-2025,0.968656716417911,1.76119402985075,125,1
250,2025-2026,1.01052631578947,1.83732057416268,121,1
251,2011-2012,0,0,236,0
251,2012-2013,0,0,236,0
251,2013-2014,0,0,187,0
251,2014-2015,0,0,187,0
251,2015-2016,0,0,185,0
251,2016-2017,0,0,176,0
251,2017-2018,0,0,157,0
251,2018-2019,0,0,149,0
251,2019-2020,0,0,149,0
251,2020-2021,0,0,179,0
251,2021-2022,0,0,129,0
251,2022-2023,0,0,138,0
251,2023-2024,0.934798534798535,1.6996336996337,151,1
251,2024-2025,1.01538461538462,1.84615384615385,156,1
251,2025-2026,1.01215277777778,1.84027777777778,160,1
252,2011-2012,0,0,204,0
252,2012-2013,0,0,226,0
252,2013-2014,0,0,173,0
252,2014-2015,0,0,168.5,0
252,2015-2016,0,0,173,0
252,2016-2017,0,0,165,0
252,2017-2018,0,0,165,0
252,2018-2019,0,0,154,0
252,2019-2020,0,0,154,0
252,2020-2021,0,0,155.5,0
252,2021-2022,0,0,116,0
252,2022-2023,0,0,122,0
252,2023-2024,0.913207547169811,1.66037735849057,155,1
252,2024-2025,1.02605042016807,1.8655462184874,149,1
252,2025-2026,1.00583657587549,1.82879377431907,149,1
253,2011-2012,0,0,76,0
253,2012-2013,0,0,74,0
253,2013-2014,0,0,62,0
253,2014-2015,0,0,62,0
253,2015-2016,0,0,52,0
253,2016-2017,0,0,40,0
253,2017-2018,0,0,53,0
253,2018-2019,0,0,50,0
253,2019-2020,0,0,46.5,0
253,2020-2021,0,0,43,0
253,2021-2022,0,0,43.5,0
253,2022-2023,0,0,44,0
253,2023-2024,0.9109375,1.65625,34,1
253,2024-2025,1.03037974683544,1.87341772151899,34,1
253,2025-2026,1.03125,1.875,44,1
254,2011-2012,0,0,106,0
254,2012-2013,0,0,101,0
254,2013-2014,0,0,101,0
254,2014-2015,0,0,92,0
254,2015-2016,0,0,81,0
254,2016-2017,0,0,81,0
254,2017-2018,0,0,93,0
254,2018-2019,0,0,88,0
254,2019-2020,0,0,88,0
254,2020-2021,0,0,75.5,0
254,2021-2022,0,0,74,0
254,2022-2023,0,0,67,0
254,2023-2024,0.884313725490196,1.6078431372549,63,1
254,2024-2025,0.995238095238095,1.80952380952381,77,1
254,2025-2026,0.982786885245902,1.78688524590164,66,1
255,2011-2012,0,0,118,0
255,2012-2013,0,0,109,0
255,2013-2014,0,0,91,0
255,2014-2015,0,0,96,0
255,2015-2016,0,0,89,0
255,2016-2017,0,0,92,0
255,2017-2018,0,0,99,0
255,2018-2019,0,0,99,0
255,2019-2020,0,0,91,0
255,2020-2021,0,0,100,0
255,2021-2022,0,0,93,0
255,2022-2023,0,0,96,0
255,2023-2024,0.823497267759563,1.49726775956284,96,1
255,2024-2025,1.00880829015544,1.83419689119171,116,1
255,2025-2026,1.03089005235602,1.87434554973822,107,1
256,2011-2012,0,0,134,0
256,2012-2013,0,0,127,0
256,2013-2014,0,0,127,0
256,2014-2015,0,0,114,0
256,2015-2016,0,0,114,0
256,2016-2017,0,0,107,0
256,2017-2018,0,0,131,0
256,2018-2019,0,0,106,0
256,2019-2020,0,0,106,0
256,2020-2021,0,0,116,0
256,2021-2022,0,0,90,0
256,2022-2023,0,0,90,0
256,2023-2024,0.845121951219512,1.53658536585366,95,1
256,2024-2025,0.982666666666667,1.78666666666667,84,1
256,2025-2026,1.07987804878049,1.96341463414634,84,1
257,2011-2012,0,0,201.5,0
257,2012-2013,0,0,193,0
257,2013-2014,0,0,197,0
257,2014-2015,0,0,197,0
257,2015-2016,0,0,194,0
257,2016-2017,0,0,193,0
257,2017-2018,0,0,175,0
257,2018-2019,0,0,163,0
257,2019-2020,0,0,163,0
257,2020-2021,0,0,142,0
257,2021-2022,0,0,147,0
257,2022-2023,0,0,147,0
257,2023-2024,0.877617328519856,1.5956678700361,148,1
257,2024-2025,0.982287822878229,1.7859778597786,144,1
257,2025-2026,1.02916666666667,1.87121212121212,144,1
258,2011-2012,0,0,91,0
258,2012-2013,0,0,70,0
258,2013-2014,0,0,70,0
258,2014-2015,0,0,74,0
258,2015-2016,0,0,70,0
258,2016-2017,0,0,68,0
258,2017-2018,0,0,61,0
258,2018-2019,0,0,61,0
258,2019-2020,0,0,64,0
258,2020-2021,0,0,70,0
258,2021-2022,0,0,63,0
258,2022-2023,0,0,49,0
258,2023-2024,0.914953271028037,1.66355140186916,53.5,1
258,2024-2025,0.98421052631579,1.78947368421053,53,1
258,2025-2026,1.00434782608696,1.82608695652174,53,1
259,2011-2012,0,0,30,0
259,2012-2013,0,0,31,0
259,2013-2014,0,0,31,0
259,2014-2015,0,0,37,0
259,2015-2016,0,0,34,0
259,2016-2017,0,0,27,0
259,2017-2018,0,0,33,0
259,2018-2019,0,0,33,0
259,2019-2020,0,0,29,0
259,2020-2021,0,0,23,0
259,2021-2022,0,0,22,0
259,2022-2023,0,0,20.5,0
259,2023-2024,0.763888888888889,1.38888888888889,26,1
259,2024-2025,0.99,1.8,22,1
259,2025-2026,1.03888888888889,1.88888888888889,22,1
260,2011-2012,0,0,73.5,0
260,2012-2013,0,0,69,0
260,2013-2014,0,0,62,0
260,2014-2015,0,0,60,0
260,2015-2016,0,0,40,0
260,2016-2017,0,0,43,0
260,2017-2018,0,0,50,0
260,2018-2019,0,0,47,0
260,2019-2020,0,0,42,0
260,2020-2021,0,0,36,0
260,2021-2022,0,0,35,0
260,2022-2023,0,0,46,0
260,2023-2024,0.850943396226415,1.54716981132075,37.5,1
260,2024-2025,0.829508196721312,1.50819672131148,31,1
260,2025-2026,0.951923076923077,1.73076923076923,30.5,1
261,2011-2012,0,0,137,0
261,2012-2013,0,0,137,0
261,2013-2014,0,0,119,0
261,2014-2015,0,0,122,0
261,2015-2016,0,0,120,0
261,2016-2017,0,0,106,0
261,2017-2018,0,0,105,0
261,2018-2019,0,0,100,0
261,2019-2020,0,0,100,0
261,2020-2021,0,0,89,0
261,2021-2022,0,0,89,0
261,2022-2023,0,0,91,0
261,2023-2024,0.860544217687075,1.56462585034014,87,1
261,2024-2025,1.00833333333333,1.83333333333333,101,1
261,2025-2026,0.999390243902439,1.81707317073171,93,1
262,2011-2012,0,0,70,0
262,2012-2013,0,0,77,0
262,2013-2014,0,0,62,0
262,2014-2015,0,0,57,0
262,2015-2016,0,0,57,0
262,2016-2017,0,0,70,0
262,2017-2018,0,0,63,0
262,2018-2019,0,0,63,0
262,2019-2020,0,0,54,0
262,2020-2021,0,0,52,0
262,2021-2022,0,0,53,0
262,2022-2023,0,0,71,0
262,2023-2024,0.852808988764045,1.55056179775281,57,1
262,2024-2025,0.9625,1.75,62,1
262,2025-2026,1.03452380952381,1.88095238095238,57,1
263,2011-2012,0,0,153,0
263,2012-2013,0,0,144,0
263,2013-2014,0,0,137,0
263,2014-2015,0,0,126,0
263,2015-2016,0,0,135,0
263,2016-2017,0,0,121,0
263,2017-2018,0,0,121,0
263,2018-2019,0,0,110,0
263,2019-2020,0,0,109,0
263,2020-2021,0,0,98,0
263,2021-2022,0,0,98,0
263,2022-2023,0,0,89,0
263,2023-2024,0.867777777777778,1.57777777777778,102,1
263,2024-2025,0.956849315068493,1.73972602739726,95,1
263,2025-2026,1.02923976608187,1.87134502923977,96,1
265,2011-2012,0,0,145,0
265,2012-2013,0,0,143,0
265,2013-2014,0,0,143,0
265,2014-2015,0,0,149,0
265,2015-2016,0,0,136,0
265,2016-2017,0,0,126,0
265,2017-2018,0,0,114,0
265,2018-2019,0,0,106,0
265,2019-2020,0,0,111,0
265,2020-2021,0,0,96,0
265,2021-2022,0,0,96,0
265,2022-2023,0,0,75,0
265,2023-2024,0.914457831325301,1.66265060240964,94,1
265,2024-2025,1.00472440944882,1.82677165354331,80,1
265,2025-2026,1.00730337078652,1.8314606741573,77,1
266,2011-2012,0,0,127.5,0
266,2012-2013,0,0,119,0
266,2013-2014,0,0,100,0
266,2014-2015,0,0,100,0
266,2015-2016,0,0,78,0
266,2016-2017,0,0,78,0
266,2017-2018,0,0,99,0
266,2018-2019,0,0,69,0
266,2019-2020,0,0,69,0
266,2020-2021,0,0,56,0
266,2021-2022,0,0,56,0
266,2022-2023,0,0,61,0
266,2023-2024,0.891,1.62,62,1
266,2024-2025,1.0697247706422,1.94495412844037,73,1
266,2025-2026,0.998319327731092,1.81512605042017,63,1
267,2011-2012,0,0,74,0
267,2012-2013,0,0,74,0
267,2013-2014,0,0,71,0
267,2014-2015,0,0,62,0
267,2015-2016,0,0,61,0
267,2016-2017,0,0,66,0
267,2017-2018,0,0,65,0
267,2018-2019,0,0,52,0
267,2019-2020,0,0,44,0
267,2020-2021,0,0,57,0
267,2021-2022,0,0,41,0
267,2022-2023,0,0,41,0
267,2023-2024,0.836956521739131,1.52173913043478,62,1
267,2024-2025,0.945070422535211,1.71830985915493,58,1
267,2025-2026,0.995238095238095,1.80952380952381,51,1
269,2011-2012,0,0,76,0
269,2012-2013,0,0,65,0
269,2013-2014,0,0,75,0
269,2014-2015,0,0,65,0
269,2015-2016,0,0,56,0
269,2016-2017,0,0,56,0
269,2017-2018,0,0,60,0
269,2018-2019,0,0,65,0
269,2019-2020,0,0,69,0
269,2020-2021,0,0,48.5,0
269,2021-2022,0,0,55,0
269,2022-2023,0,0,50,0
269,2023-2024,0.934246575342466,1.6986301369863,43,1
269,2024-2025,0.953333333333333,1.73333333333333,45,1
269,2025-2026,1.01538461538462,1.84615384615385,46,1
27,2011-2012,0,0,64,0
27,2012-2013,0,0,71,0
27,2013-2014,0,0,69,0
27,2014-2015,0,0,65,0
27,2015-2016,0,0,61,0
27,2016-2017,0,0,64,0
27,2017-2018,0,0,52,0
27,2018-2019,0,0,49,0
27,2019-2020,0,0,52,0
27,2020-2021,0,0,39,0
27,2021-2022,0,0,56,0
27,2022-2023,0,0,45,0
27,2023-2024,0.848571428571429,1.54285714285714,50,1
27,2024-2025,0.94672131147541,1.72131147540984,57,1
27,2025-2026,1.00833333333333,1.83333333333333,65,1
271,2011-2012,0,0,124,0
271,2012-2013,0,0,99,0
271,2013-2014,0,0,109,0
271,2014-2015,0,0,110,0
271,2015-2016,0,0,140,0
271,2016-2017,0,0,100,0
271,2017-2018,0,0,100,0
271,2018-2019,0,0,93,0
271,2019-2020,0,0,93,0
271,2020-2021,0,0,76,0
271,2021-2022,0,0,66.5,0
271,2022-2023,0,0,70,0
271,2023-2024,0.850420168067227,1.54621848739496,78,1
271,2024-2025,0.98062015503876,1.78294573643411,78,1
271,2025-2026,1.0009009009009,1.81981981981982,71,1
272,2011-2012,0,0,56,0
272,2012-2013,0,0,56,0
272,2013-2014,0,0,57,0
272,2014-2015,0,0,55.5,0
272,2015-2016,0,0,47,0
272,2016-2017,0,0,47,0
272,2017-2018,0,0,51,0
272,2018-2019,0,0,43,0
272,2019-2020,0,0,49,0
272,2020-2021,0,0,43,0
272,2021-2022,0,0,43,0
272,2022-2023,0,0,60,0
272,2023-2024,0.949315068493151,1.72602739726027,53,1
272,2024-2025,1.06413043478261,1.93478260869565,47.5,1
272,2025-2026,1.04285714285714,1.8961038961039,45,1
273,2011-2012,0,0,74,0
273,2012-2013,0,0,74,0
273,2013-2014,0,0,76,0
273,2014-2015,0,0,63,0
273,2015-2016,0,0,63,0
273,2016-2017,0,0,71,0
273,2017-2018,0,0,70,0
273,2018-2019,0,0,69,0
273,2019-2020,0,0,68,0
273,2020-2021,0,0,47,0
273,2021-2022,0,0,48,0
273,2022-2023,0,0,55,0
273,2023-2024,0.790625,1.4375,43,1
273,2024-2025,0.999082568807339,1.81651376146789,74,1
273,2025-2026,1.01698113207547,1.84905660377359,60,1
274,2011-2012,0,0,110,0
274,2012-2013,0,0,96,0
274,2013-2014,0,0,93,0
274,2014-2015,0,0,94,0
274,2015-2016,0,0,82,0
274,2016-2017,0,0,82,0
274,2017-2018,0,0,77,0
274,2018-2019,0,0,79,0
274,2019-2020,0,0,82,0
274,2020-2021,0,0,65,0
274,2021-2022,0,0,65,0
274,2022-2023,0,0,72.5,0
274,2023-2024,0.9,1.63636363636364,70,1
274,2024-2025,0.993283582089552,1.80597014925373,70,1
274,2025-2026,1.01056910569106,1.83739837398374,77.5,1
275,2011-2012,0,0,70,0
275,2012-2013,0,0,70.5,0
275,2013-2014,0,0,71,0
275,2014-2015,0,0,61,0
275,2015-2016,0,0,66,0
275,2016-2017,0,0,71,0
275,2017-2018,0,0,63,0
275,2018-2019,0,0,66,0
275,2019-2020,0,0,63,0
275,2020-2021,0,0,59,0
275,2021-2022,0,0,58,0
275,2022-2023,0,0,62,0
275,2023-2024,0.885593220338983,1.61016949152542,62,1
275,2024-2025,1.00983606557377,1.83606557377049,68.5,1
275,2025-2026,0.991666666666667,1.8030303030303,69,1
276,2011-2012,0,0,116,0
276,2012-2013,0,0,108,0
276,2013-2014,0,0,92,0
276,2014-2015,0,0,95,0
276,2015-2016,0,0,86,0
276,2016-2017,0,0,86,0
276,2017-2018,0,0,100,0
276,2018-2019,0,0,100,0
276,2019-2020,0,0,102,0
276,2020-2021,0,0,98,0
276,2021-2022,0,0,98,0
276,2022-2023,0,0,105,0
276,2023-2024,0.853271028037383,1.55140186915888,114,1
276,2024-2025,0.9955,1.81,118,1
276,2025-2026,0.977777777777778,1.77777777777778,118,1
277,2011-2012,0,0,107,0
277,2012-2013,0,0,97,0
277,2013-2014,0,0,93,0
277,2014-2015,0,0,93,0
277,2015-2016,0,0,92,0
277,2016-2017,0,0,90,0
277,2017-2018,0,0,90,0
277,2018-2019,0,0,86,0
277,2019-2020,0,0,86,0
277,2020-2021,0,0,73,0
277,2021-2022,0,0,73,0
277,2022-2023,0,0,74.5,0
277,2023-2024,0.942857142857143,1.71428571428571,76,1
277,2024-2025,1.02,1.85454545454545,83,1
277,2025-2026,1.09179104477612,1.98507462686567,81,1
279,2011-2012,0,0,68,0
279,2012-2013,0,0,61,0
279,2013-2014,0,0,58,0
279,2014-2015,0,0,52,0
279,2015-2016,0,0,57,0
279,2016-2017,0,0,64,0
279,2017-2018,0,0,48,0
279,2018-2019,0,0,47,0
279,2019-2020,0,0,43,0
279,2020-2021,0,0,39,0
279,2021-2022,0,0,47.5,0
279,2022-2023,0,0,48,0
279,2023-2024,0.958064516129032,1.74193548387097,36,1
279,2024-2025,1.05217391304348,1.91304347826087,36,1
279,2025-2026,0.998684210526316,1.81578947368421,38,1
28,2011-2012,0,0,78,0
28,2012-2013,0,0,82,0
28,2013-2014,0,0,73,0
28,2014-2015,0,0,73,0
28,2015-2016,0,0,72,0
28,2016-2017,0,0,71,0
28,2017-2018,0,0,72,0
28,2018-2019,0,0,64,0
28,2019-2020,0,0,62,0
28,2020-2021,0,0,42,0
28,2021-2022,0,0,48,0
28,2022-2023,0,0,54,0
28,2023-2024,0.852713178294574,1.55038759689923,58,1
28,2024-2025,1.03432835820896,1.88059701492537,61,1
28,2025-2026,0.976865671641791,1.77611940298507,70,1
280,2011-2012,0,0,95,0
280,2012-2013,0,0,91,0
280,2013-2014,0,0,84,0
280,2014-2015,0,0,78,0
280,2015-2016,0,0,78,0
280,2016-2017,0,0,81,0
280,2017-2018,0,0,70,0
280,2018-2019,0,0,75,0
280,2019-2020,0,0,62,0
280,2020-2021,0,0,47,0
280,2021-2022,0,0,53,0
280,2022-2023,0,0,59,0
280,2023-2024,0.930769230769231,1.69230769230769,62,1
280,2024-2025,1.06333333333333,1.93333333333333,60,1
280,2025-2026,1.089,1.98,70,1
281,2011-2012,0,0,60,0
281,2012-2013,0,0,54,0
281,2013-2014,0,0,39,0
281,2014-2015,0,0,42,0
281,2015-2016,0,0,43,0
281,2016-2017,0,0,45,0
281,2017-2018,0,0,38,0
281,2018-2019,0,0,43,0
281,2019-2020,0,0,43,0
281,2020-2021,0,0,35,0
281,2021-2022,0,0,35,0
281,2022-2023,0,0,40.5,0
281,2023-2024,0.953333333333333,1.73333333333333,40,1
281,2024-2025,1.02142857142857,1.85714285714286,39,1
281,2025-2026,1.04358974358974,1.8974358974359,39,1
282,2011-2012,0,0,130,0
282,2012-2013,0,0,128,0
282,2013-2014,0,0,112,0
282,2014-2015,0,0,104,0
282,2015-2016,0,0,99,0
282,2016-2017,0,0,95,0
282,2017-2018,0,0,76,0
282,2018-2019,0,0,76,0
282,2019-2020,0,0,63,0
282,2020-2021,0,0,57,0
282,2021-2022,0,0,57,0
282,2022-2023,0,0,71,0
282,2023-2024,0.876691729323308,1.59398496240602,71,1
282,2024-2025,1.03063063063063,1.87387387387387,65,1
282,2025-2026,1.04260869565217,1.89565217391304,57,1
283,2011-2012,0,0,56,0
283,2012-2013,0,0,56,0
283,2013-2014,0,0,52,0
283,2014-2015,0,0,55,0
283,2015-2016,0,0,51,0
283,2016-2017,0,0,52,0
283,2017-2018,0,0,53,0
283,2018-2019,0,0,41,0
283,2019-2020,0,0,31,0
283,2020-2021,0,0,39,0
283,2021-2022,0,0,40.5,0
283,2022-2023,0,0,44.5,0
283,2023-2024,0.887096774193548,1.61290322580645,34,1
283,2024-2025,1.02786885245902,1.86885245901639,40,1
283,2025-2026,1.04677419354839,1.90322580645161,38.5,1
284,2011-2012,0,0,116,0
284,2012-2013,0,0,134,0
284,2013-2014,0,0,106,0
284,2014-2015,0,0,106,0
284,2015-2016,0,0,107,0
284,2016-2017,0,0,105,0
284,2017-2018,0,0,102,0
284,2018-2019,0,0,91,0
284,2019-2020,0,0,101,0
284,2020-2021,0,0,97.5,0
284,2021-2022,0,0,94,0
284,2022-2023,0,0,87,0
284,2023-2024,0.883098591549296,1.6056338028169,87,1
284,2024-2025,1.00896551724138,1.83448275862069,99,1
284,2025-2026,1.02039473684211,1.85526315789474,90,1
285,2011-2012,0,0,160,0
285,2012-2013,0,0,160,0
285,2013-2014,0,0,171,0
285,2014-2015,0,0,164,0
285,2015-2016,0,0,139,0
285,2016-2017,0,0,135,0
285,2017-2018,0,0,144,0
285,2018-2019,0,0,133,0
285,2019-2020,0,0,133,0
285,2020-2021,0,0,133,0
285,2021-2022,0,0,122,0
285,2022-2023,0,0,122,0
285,2023-2024,0.915736040609137,1.66497461928934,114,1
285,2024-2025,1.03697916666667,1.88541666666667,126.5,1
285,2025-2026,1.00922330097087,1.83495145631068,136,1
286,2011-2012,0,0,116,0
286,2012-2013,0,0,116,0
286,2013-2014,0,0,108,0
286,2014-2015,0,0,104,0
286,2015-2016,0,0,104,0
286,2016-2017,0,0,100,0
286,2017-2018,0,0,92,0
286,2018-2019,0,0,97,0
286,2019-2020,0,0,97,0
286,2020-2021,0,0,92,0
286,2021-2022,0,0,88,0
286,2022-2023,0,0,78,0
286,2023-2024,0.848571428571429,1.54285714285714,90,1
286,2024-2025,1.03125,1.875,94,1
286,2025-2026,1.04705882352941,1.90374331550802,95,1
287,2011-2012,0,0,70,0
287,2012-2013,0,0,70,0
287,2013-2014,0,0,62,0
287,2014-2015,0,0,62,0
287,2015-2016,0,0,57,0
287,2016-2017,0,0,63,0
287,2017-2018,0,0,53,0
287,2018-2019,0,0,53,0
287,2019-2020,0,0,58,0
287,2020-2021,0,0,54,0
287,2021-2022,0,0,45,0
287,2022-2023,0,0,45,0
287,2023-2024,0.8625,1.56818181818182,48,1
287,2024-2025,1.00660377358491,1.83018867924528,56,1
287,2025-2026,1.04942528735632,1.90804597701149,57,1
288,2011-2012,0,0,114,0
288,2012-2013,0,0,131,0
288,2013-2014,0,0,124,0
288,2014-2015,0,0,124,0
288,2015-2016,0,0,127,0
288,2016-2017,0,0,98,0
288,2017-2018,0,0,105,0
288,2018-2019,0,0,116,0
288,2019-2020,0,0,116,0
288,2020-2021,0,0,96,0
288,2021-2022,0,0,94,0
288,2022-2023,0,0,99,0
288,2023-2024,0.937037037037037,1.7037037037037,114,1
288,2024-2025,0.99468085106383,1.80851063829787,97,1
288,2025-2026,1.02533936651584,1.86425339366516,105,1
289,2011-2012,0,0,103,0
289,2012-2013,0,0,92,0
289,2013-2014,0,0,88,0
289,2014-2015,0,0,80,0
289,2015-2016,0,0,80,0
289,2016-2017,0,0,84,0
289,2017-2018,0,0,74,0
289,2018-2019,0,0,71,0
289,2019-2020,0,0,81,0
289,2020-2021,0,0,68,0
289,2021-2022,0,0,68,0
289,2022-2023,0,0,72,0
289,2023-2024,0.932450331125828,1.6953642384106,69,1
289,2024-2025,0.970588235294118,1.76470588235294,86.5,1
289,2025-2026,0.994117647058824,1.80748663101604,88,1
29,2011-2012,0,0,53,0
29,2012-2013,0,0,60,0
29,2013-2014,0,0,47,0
29,2014-2015,0,0,60,0
29,2015-2016,0,0,63,0
29,2016-2017,0,0,52,0
29,2017-2018,0,0,58,0
29,2018-2019,0,0,60.5,0
29,2019-2020,0,0,59,0
29,2020-2021,0,0,51.5,0
29,2021-2022,0,0,35,0
29,2022-2023,0,0,49,0
29,2023-2024,0.946236559139785,1.72043010752688,53,1
29,2024-2025,1.06632653061224,1.93877551020408,56,1
29,2025-2026,0.978813559322034,1.77966101694915,56,1
290,2011-2012,0,0,102,0
290,2012-2013,0,0,102,0
290,2013-2014,0,0,100.5,0
290,2014-2015,0,0,92.5,0
290,2015-2016,0,0,104,0
290,2016-2017,0,0,104,0
290,2017-2018,0,0,102,0
290,2018-2019,0,0,95,0
290,2019-2020,0,0,95,0
290,2020-2021,0,0,90,0
290,2021-2022,0,0,90,0
290,2022-2023,0,0,94,0
290,2023-2024,0.977777777777778,1.77777777777778,90,1
290,2024-2025,1.0259067357513,1.86528497409326,106,1
290,2025-2026,1.04148936170213,1.8936170212766,95,1
291,2011-2012,0,0,110,0
291,2012-2013,0,0,116,0
291,2013-2014,0,0,117,0
291,2014-2015,0,0,100,0
291,2015-2016,0,0,100,0
291,2016-2017,0,0,99,0
291,2017-2018,0,0,106,0
291,2018-2019,0,0,121,0
291,2019-2020,0,0,121,0
291,2020-2021,0,0,118,0
291,2021-2022,0,0,118,0
291,2022-2023,0,0,104,0
291,2023-2024,0.930416666666667,1.69166666666667,118,1
291,2024-2025,1.05416666666667,1.91666666666667,127,1
291,2025-2026,1.00677966101695,1.83050847457627,122,1
292,2011-2012,0,0,97,0
292,2012-2013,0,0,96,0
292,2013-2014,0,0,92,0
292,2014-2015,0,0,87,0
292,2015-2016,0,0,101,0
292,2016-2017,0,0,88,0
292,2017-2018,0,0,83,0
292,2018-2019,0,0,81,0
292,2019-2020,0,0,73,0
292,2020-2021,0,0,74.5,0
292,2021-2022,0,0,69,0
292,2022-2023,0,0,69,0
292,2023-2024,0.932608695652174,1.69565217391304,71,1
292,2024-2025,1.00692307692308,1.83076923076923,64,1
292,2025-2026,1.04430379746835,1.89873417721519,73,1
293,2011-2012,0,0,104,0
293,2012-2013,0,0,102,0
293,2013-2014,0,0,102,0
293,2014-2015,0,0,102,0
293,2015-2016,0,0,92,0
293,2016-2017,0,0,92,0
293,2017-2018,0,0,99,0
293,2018-2019,0,0,93,0
293,2019-2020,0,0,93,0
293,2020-2021,0,0,81,0
293,2021-2022,0,0,81,0
293,2022-2023,0,0,70,0
293,2023-2024,0.910071942446043,1.65467625899281,70,1
293,2024-2025,1.02091503267974,1.8562091503268,80,1
293,2025-2026,1.0612676056338,1.92957746478873,89,1
294,2011-2012,0,0,93,0
294,2012-2013,0,0,93,0
294,2013-2014,0,0,83,0
294,2014-2015,0,0,87,0
294,2015-2016,0,0,87,0
294,2016-2017,0,0,90,0
294,2017-2018,0,0,90,0
294,2018-2019,0,0,109,0
294,2019-2020,0,0,104,0
294,2020-2021,0,0,93,0
294,2021-2022,0,0,93,0
294,2022-2023,0,0,105,0
294,2023-2024,0.924,1.68,90,1
294,2024-2025,1.04016736401674,1.89121338912134,112,1
294,2025-2026,1.05392670157068,1.91623036649215,117,1
295,2011-2012,0,0,100,0
295,2012-2013,0,0,104,0
295,2013-2014,0,0,107,0
295,2014-2015,0,0,78,0
295,2015-2016,0,0,87,0
295,2016-2017,0,0,95,0
295,2017-2018,0,0,105,0
295,2018-2019,0,0,97,0
295,2019-2020,0,0,97,0
295,2020-2021,0,0,93,0
295,2021-2022,0,0,89.5,0
295,2022-2023,0,0,91,0
295,2023-2024,0.897959183673469,1.63265306122449,103,1
295,2024-2025,1.03989071038251,1.89071038251366,103,1
295,2025-2026,1.04622222222222,1.90222222222222,118.5,1
296,2011-2012,0,0,135,0
296,2012-2013,0,0,140,0
296,2013-2014,0,0,102,0
296,2014-2015,0,0,103,0
296,2015-2016,0,0,123,0
296,2016-2017,0,0,123,0
296,2017-2018,0,0,127,0
296,2018-2019,0,0,126,0
296,2019-2020,0,0,124,0
296,2020-2021,0,0,128,0
296,2021-2022,0,0,127,0
296,2022-2023,0,0,107,0
296,2023-2024,0.947085201793722,1.7219730941704,112,1
296,2024-2025,1.03125,1.875,140,1
296,2025-2026,0.987072243346008,1.79467680608365,131,1
297,2011-2012,0,0,41,0
297,2012-2013,0,0,41,0
297,2013-2014,0,0,39,0
297,2014-2015,0,0,35,0
297,2015-2016,0,0,30,0
297,2016-2017,0,0,30,0
297,2017-2018,0,0,22,0
297,2018-2019,0,0,22,0
297,2019-2020,0,0,28,0
297,2020-2021,0,0,35,0
297,2021-2022,0,0,31.5,0
297,2022-2023,0,0,27,0
297,2023-2024,0.9625,1.75,27,1
297,2024-2025,1.08196721311475,1.9672131147541,25,1
297,2025-2026,1,1.81818181818182,28,1
298,2011-2012,0,0,49.5,0
298,2012-2013,0,0,51,0
298,2013-2014,0,0,46,0
298,2014-2015,0,0,46,0
298,2015-2016,0,0,55,0
298,2016-2017,0,0,57,0
298,2017-2018,0,0,49,0
298,2018-2019,0,0,49,0
298,2019-2020,0,0,41,0
298,2020-2021,0,0,47,0
298,2021-2022,0,0,35,0
298,2022-2023,0,0,37,0
298,2023-2024,0.9109375,1.65625,40,1
298,2024-2025,0.993055555555556,1.80555555555556,40,1
298,2025-2026,0.986764705882353,1.79411764705882,37,1
299,2011-2012,0,0,106,0
299,2012-2013,0,0,108,0
299,2013-2014,0,0,91,0
299,2014-2015,0,0,91,0
299,2015-2016,0,0,95,0
299,2016-2017,0,0,93,0
299,2017-2018,0,0,90,0
299,2018-2019,0,0,86,0
299,2019-2020,0,0,84,0
299,2020-2021,0,0,72,0
299,2021-2022,0,0,68,0
299,2022-2023,0,0,68,0
299,2023-2024,0.854615384615385,1.55384615384615,66,1
299,2024-2025,1.02347826086957,1.86086956521739,67,1
299,2025-2026,1.02903225806452,1.87096774193548,71,1
3,2011-2012,0,0,41,0
3,2012-2013,0,0,50,0
3,2013-2014,0,0,40,0
3,2014-2015,0,0,44.5,0
3,2015-2016,0,0,41,0
3,2016-2017,0,0,31,0
3,2017-2018,0,0,31,0
3,2018-2019,0,0,32,0
3,2019-2020,0,0,36,0
3,2020-2021,0,0,26,0
3,2021-2022,0,0,26,0
3,2022-2023,0,0,23,0
3,2023-2024,0.912765957446809,1.65957446808511,25,1
3,2024-2025,1.02903225806452,1.87096774193548,27,1
3,2025-2026,1.05352112676056,1.91549295774648,40,1
30,2011-2012,0,0,90.5,0
30,2012-2013,0,0,84.5,0
30,2013-2014,0,0,81,0
30,2014-2015,0,0,73,0
30,2015-2016,0,0,77.5,0
30,2016-2017,0,0,81,0
30,2017-2018,0,0,74,0
30,2018-2019,0,0,81,0
30,2019-2020,0,0,82,0
30,2020-2021,0,0,66,0
30,2021-2022,0,0,66,0
30,2022-2023,0,0,74,0
30,2023-2024,0.85187969924812,1.54887218045113,70,1
30,2024-2025,0.985416666666667,1.79166666666667,81,1
30,2025-2026,1.00434782608696,1.82608695652174,81,1
300,2011-2012,0,0,73,0
300,2012-2013,0,0,72,0
300,2013-2014,0,0,55,0
300,2014-2015,0,0,55,0
300,2015-2016,0,0,54,0
300,2016-2017,0,0,55,0
300,2017-2018,0,0,62,0
300,2018-2019,0,0,56,0
300,2019-2020,0,0,51,0
300,2020-2021,0,0,36,0
300,2021-2022,0,0,46,0
300,2022-2023,0,0,46,0
300,2023-2024,0.848571428571429,1.54285714285714,41,1
300,2024-2025,0.986764705882353,1.79411764705882,42,1
300,2025-2026,1,1.81818181818182,40,1
302,2011-2012,0,0,178,0
302,2012-2013,0,0,178,0
302,2013-2014,0,0,163,0
302,2014-2015,0,0,163,0
302,2015-2016,0,0,164,0
302,2016-2017,0,0,155,0
302,2017-2018,0,0,154,0
302,2018-2019,0,0,140,0
302,2019-2020,0,0,140,0
302,2020-2021,0,0,130,0
302,2021-2022,0,0,130,0
302,2022-2023,0,0,137,0
302,2023-2024,0.827099236641221,1.50381679389313,132,1
302,2024-2025,1.02022900763359,1.85496183206107,134,1
302,2025-2026,1.07598253275109,1.95633187772926,136,1
303,2011-2012,0,0,71,0
303,2012-2013,0,0,62,0
303,2013-2014,0,0,53,0
303,2014-2015,0,0,55.5,0
303,2015-2016,0,0,56,0
303,2016-2017,0,0,55,0
303,2017-2018,0,0,55,0
303,2018-2019,0,0,58,0
303,2019-2020,0,0,53.5,0
303,2020-2021,0,0,79,0
303,2021-2022,0,0,53,0
303,2022-2023,0,0,53,0
303,2023-2024,0.928125,1.6875,65,1
303,2024-2025,1.03984375,1.890625,69,1
303,2025-2026,1.00472440944882,1.82677165354331,76,1
304,2011-2012,0,0,121,0
304,2012-2013,0,0,110,0
304,2013-2014,0,0,103,0
304,2014-2015,0,0,146,0
304,2015-2016,0,0,106,0
304,2016-2017,0,0,116,0
304,2017-2018,0,0,119,0
304,2018-2019,0,0,112,0
304,2019-2020,0,0,93,0
304,2020-2021,0,0,88,0
304,2021-2022,0,0,88,0
304,2022-2023,0,0,93,0
304,2023-2024,0.943870967741935,1.71612903225806,93,1
304,2024-2025,1.03005780346821,1.8728323699422,93,1
304,2025-2026,1.04292452830189,1.89622641509434,100,1
305,2011-2012,0,0,102,0
305,2012-2013,0,0,101,0
305,2013-2014,0,0,92,0
305,2014-2015,0,0,103,0
305,2015-2016,0,0,86,0
305,2016-2017,0,0,86,0
305,2017-2018,0,0,91,0
305,2018-2019,0,0,82,0
305,2019-2020,0,0,82,0
305,2020-2021,0,0,71,0
305,2021-2022,0,0,80,0
305,2022-2023,0,0,77,0
305,2023-2024,0.900724637681159,1.63768115942029,74,1
305,2024-2025,1.034,1.88,90,1
305,2025-2026,1.0208,1.856,73,1
306,2011-2012,0,0,132,0
306,2012-2013,0,0,118,0
306,2013-2014,0,0,98,0
306,2014-2015,0,0,114,0
306,2015-2016,0,0,104,0
306,2016-2017,0,0,104,0
306,2017-2018,0,0,109,0
306,2018-2019,0,0,99,0
306,2019-2020,0,0,92,0
306,2020-2021,0,0,92,0
306,2021-2022,0,0,73,0
306,2022-2023,0,0,77,0
306,2023-2024,0.908333333333333,1.65151515151515,74,1
306,2024-2025,1.00128205128205,1.82051282051282,82,1
306,2025-2026,0.997515527950311,1.81366459627329,84,1
307,2011-2012,0,0,159,0
307,2012-2013,0,0,163,0
307,2013-2014,0,0,132,0
307,2014-2015,0,0,132,0
307,2015-2016,0,0,138,0
307,2016-2017,0,0,138,0
307,2017-2018,0,0,141,0
307,2018-2019,0,0,141,0
307,2019-2020,0,0,133,0
307,2020-2021,0,0,122,0
307,2021-2022,0,0,114,0
307,2022-2023,0,0,113,0
307,2023-2024,0.930396475770925,1.69162995594714,124,1
307,2024-2025,1.01261682242991,1.8411214953271,105,1
307,2025-2026,1.0531914893617,1.91489361702128,127,1
309,2011-2012,0,0,169,0
309,2012-2013,0,0,169,0
309,2013-2014,0,0,149,0
309,2014-2015,0,0,138,0
309,2015-2016,0,0,138,0
309,2016-2017,0,0,149.5,0
309,2017-2018,0,0,152,0
309,2018-2019,0,0,128,0
309,2019-2020,0,0,128,0
309,2020-2021,0,0,126,0
309,2021-2022,0,0,126,0
309,2022-2023,0,0,116,0
309,2023-2024,0.907936507936508,1.65079365079365,116,1
309,2024-2025,1.01361256544503,1.84293193717277,122,1
309,2025-2026,0.999082568807339,1.81651376146789,122,1
31,2011-2012,0,0,54,0
31,2012-2013,0,0,79,0
31,2013-2014,0,0,62,0
31,2014-2015,0,0,68,0
31,2015-2016,0,0,68,0
31,2016-2017,0,0,69,0
31,2017-2018,0,0,69,0
31,2018-2019,0,0,62,0
31,2019-2020,0,0,63,0
31,2020-2021,0,0,62,0
31,2021-2022,0,0,61,0
31,2022-2023,0,0,61,0
31,2023-2024,0.845454545454546,1.53719008264463,66,1
31,2024-2025,0.983443708609272,1.78807947019868,72,1
31,2025-2026,1.05074626865672,1.91044776119403,90,1
310,2011-2012,0,0,139,0
310,2012-2013,0,0,146,0
310,2013-2014,0,0,127,0
310,2014-2015,0,0,125,0
310,2015-2016,0,0,122,0
310,2016-2017,0,0,122,0
310,2017-2018,0,0,127,0
310,2018-2019,0,0,113,0
310,2019-2020,0,0,107,0
310,2020-2021,0,0,95,0
310,2021-2022,0,0,93,0
310,2022-2023,0,0,76,0
310,2023-2024,0.920526315789474,1.67368421052632,91,1
310,2024-2025,1.02710843373494,1.86746987951807,89.5,1
310,2025-2026,0.970588235294118,1.76470588235294,94,1
311,2011-2012,0,0,98,0
311,2012-2013,0,0,98,0
311,2013-2014,0,0,85,0
311,2014-2015,0,0,85,0
311,2015-2016,0,0,91,0
311,2016-2017,0,0,91,0
311,2017-2018,0,0,95,0
311,2018-2019,0,0,77,0
311,2019-2020,0,0,68,0
311,2020-2021,0,0,64.5,0
311,2021-2022,0,0,69,0
311,2022-2023,0,0,72,0
311,2023-2024,0.95,1.72727272727273,58,1
311,2024-2025,1.04634146341463,1.90243902439024,68,1
311,2025-2026,1.03529411764706,1.88235294117647,71,1
312,2011-2012,0,0,100,0
312,2012-2013,0,0,104,0
312,2013-2014,0,0,102,0
312,2014-2015,0,0,95,0
312,2015-2016,0,0,88,0
312,2016-2017,0,0,89,0
312,2017-2018,0,0,93,0
312,2018-2019,0,0,94,0
312,2019-2020,0,0,105,0
312,2020-2021,0,0,94,0
312,2021-2022,0,0,81,0
312,2022-2023,0,0,81,0
312,2023-2024,0.870503597122302,1.58273381294964,82,1
312,2024-2025,0.9295,1.69,82,1
312,2025-2026,1.0032967032967,1.82417582417582,101,1
314,2011-2012,0,0,87,0
314,2012-2013,0,0,98,0
314,2013-2014,0,0,98,0
314,2014-2015,0,0,80,0
314,2015-2016,0,0,87,0
314,2016-2017,0,0,89.5,0
314,2017-2018,0,0,74,0
314,2018-2019,0,0,70,0
314,2019-2020,0,0,70,0
314,2020-2021,0,0,70,0
314,2021-2022,0,0,83,0
314,2022-2023,0,0,58.5,0
314,2023-2024,0.897701149425287,1.63218390804598,61,1
314,2024-2025,0.997196261682243,1.81308411214953,66,1
314,2025-2026,1.025,1.86363636363636,60,1
315,2011-2012,0,0,175,0
315,2012-2013,0,0,185,0
315,2013-2014,0,0,174,0
315,2014-2015,0,0,167,0
315,2015-2016,0,0,167,0
315,2016-2017,0,0,169,0
315,2017-2018,0,0,155,0
315,2018-2019,0,0,153,0
315,2019-2020,0,0,139,0
315,2020-2021,0,0,119,0
315,2021-2022,0,0,119,0
315,2022-2023,0,0,142.5,0
315,2023-2024,0.895098039215686,1.62745098039216,143.5,1
315,2024-2025,1.02061855670103,1.85567010309278,120,1
315,2025-2026,1.04027149321267,1.89140271493213,120,1
316,2011-2012,0,0,117.5,0
316,2012-2013,0,0,88,0
316,2013-2014,0,0,88,0
316,2014-2015,0,0,93,0
316,2015-2016,0,0,103,0
316,2016-2017,0,0,108,0
316,2017-2018,0,0,108,0
316,2018-2019,0,0,88,0
316,2019-2020,0,0,88,0
316,2020-2021,0,0,74,0
316,2021-2022,0,0,74,0
316,2022-2023,0,0,78,0
316,2023-2024,0.892753623188406,1.6231884057971,77.5,1
316,2024-2025,1.06535433070866,1.93700787401575,71,1
316,2025-2026,1.05634920634921,1.92063492063492,67,1
317,2011-2012,0,0,114,0
317,2012-2013,0,0,120,0
317,2013-2014,0,0,114,0
317,2014-2015,0,0,110,0
317,2015-2016,0,0,103,0
317,2016-2017,0,0,103,0
317,2017-2018,0,0,95,0
317,2018-2019,0,0,95,0
317,2019-2020,0,0,98,0
317,2020-2021,0,0,79,0
317,2021-2022,0,0,87.5,0
317,2022-2023,0,0,96,0
317,2023-2024,0.914375,1.6625,78,1
317,2024-2025,1.02142857142857,1.85714285714286,93,1
317,2025-2026,1.012,1.84,88,1
319,2011-2012,0,0,101,0
319,2012-2013,0,0,93,0
319,2013-2014,0,0,104,0
319,2014-2015,0,0,104,0
319,2015-2016,0,0,98,0
319,2016-2017,0,0,102,0
319,2017-2018,0,0,92,0
319,2018-2019,0,0,85,0
319,2019-2020,0,0,85,0
319,2020-2021,0,0,77,0
319,2021-2022,0,0,72,0
319,2022-2023,0,0,69,0
319,2023-2024,0.86890756302521,1.57983193277311,62,1
319,2024-2025,1.04539007092199,1.90070921985816,84,1
319,2025-2026,1.0648,1.936,74,1
32,2011-2012,0,0,97,0
32,2012-2013,0,0,90,0
32,2013-2014,0,0,81.5,0
32,2014-2015,0,0,86,0
32,2015-2016,0,0,76,0
32,2016-2017,0,0,76,0
32,2017-2018,0,0,78,0
32,2018-2019,0,0,78,0
32,2019-2020,0,0,79,0
32,2020-2021,0,0,82,0
32,2021-2022,0,0,79,0
32,2022-2023,0,0,65,0
32,2023-2024,0.885714285714286,1.61038961038961,78,1
32,2024-2025,1.02948717948718,1.87179487179487,78,1
32,2025-2026,1.05510204081633,1.91836734693878,73,1
320,2011-2012,0,0,180,0
320,2012-2013,0,0,172,0
320,2013-2014,0,0,172,0
320,2014-2015,0,0,150,0
320,2015-2016,0,0,145,0
320,2016-2017,0,0,144,0
320,2017-2018,0,0,144,0
320,2018-2019,0,0,127,0
320,2019-2020,0,0,126,0
320,2020-2021,0,0,95,0
320,2021-2022,0,0,108,0
320,2022-2023,0,0,108,0
320,2023-2024,0.915789473684211,1.66507177033493,102,1
320,2024-2025,1.03597883597884,1.88359788359788,101,1
320,2025-2026,1.03820224719101,1.8876404494382,101,1
322,2011-2012,0,0,72,0
322,2012-2013,0,0,68,0
322,2013-2014,0,0,61,0
322,2014-2015,0,0,57,0
322,2015-2016,0,0,60,0
322,2016-2017,0,0,63,0
322,2017-2018,0,0,57,0
322,2018-2019,0,0,51,0
322,2019-2020,0,0,51,0
322,2020-2021,0,0,52,0
322,2021-2022,0,0,53,0
322,2022-2023,0,0,50,0
322,2023-2024,0.894915254237288,1.6271186440678,40.5,1
322,2024-2025,1.03529411764706,1.88235294117647,41.5,1
322,2025-2026,1.08333333333333,1.96969696969697,43,1
324,2011-2012,0,0,30,0
324,2012-2013,0,0,30,0
324,2013-2014,0,0,30,0
324,2014-2015,0,0,40,0
324,2015-2016,0,0,24,0
324,2016-2017,0,0,28,0
324,2017-2018,0,0,28,0
324,2018-2019,0,0,31,0
324,2019-2020,0,0,26,0
324,2020-2021,0,0,26,0
324,2021-2022,0,0,22,0
324,2022-2023,0,0,27,0
324,2023-2024,0.974285714285714,1.77142857142857,23,1
324,2024-2025,1.1,2,23,1
324,2025-2026,0.9625,1.75,16.5,1
325,2011-2012,0,0,135,0
325,2012-2013,0,0,127,0
325,2013-2014,0,0,127,0
325,2014-2015,0,0,130,0
325,2015-2016,0,0,114,0
325,2016-2017,0,0,114,0
325,2017-2018,0,0,121,0
325,2018-2019,0,0,122,0
325,2019-2020,0,0,111,0
325,2020-2021,0,0,111,0
325,2021-2022,0,0,108,0
325,2022-2023,0,0,108,0
325,2023-2024,0.893233082706767,1.62406015037594,90,1
325,2024-2025,1.00833333333333,1.83333333333333,91,1
325,2025-2026,1.02877697841727,1.8705035971223,99,1
326,2011-2012,0,0,102,0
326,2012-2013,0,0,115,0
326,2013-2014,0,0,115,0
326,2014-2015,0,0,113,0
326,2015-2016,0,0,109,0
326,2016-2017,0,0,105,0
326,2017-2018,0,0,94,0
326,2018-2019,0,0,99,0
326,2019-2020,0,0,103,0
326,2020-2021,0,0,89,0
326,2021-2022,0,0,92,0
326,2022-2023,0,0,92,0
326,2023-2024,0.87,1.58181818181818,92,1
326,2024-2025,1.00375,1.825,101,1
326,2025-2026,0.988990825688074,1.79816513761468,112,1
327,2011-2012,0,0,64.5,0
327,2012-2013,0,0,65,0
327,2013-2014,0,0,61,0
327,2014-2015,0,0,63,0
327,2015-2016,0,0,65,0
327,2016-2017,0,0,74,0
327,2017-2018,0,0,70,0
327,2018-2019,0,0,69,0
327,2019-2020,0,0,61,0
327,2020-2021,0,0,63,0
327,2021-2022,0,0,63,0
327,2022-2023,0,0,70,0
327,2023-2024,0.888148148148148,1.61481481481482,70,1
327,2024-2025,0.990909090909091,1.80165289256198,64,1
327,2025-2026,1.01712328767123,1.84931506849315,83,1
328,2011-2012,0,0,62,0
328,2012-2013,0,0,60,0
328,2013-2014,0,0,51,0
328,2014-2015,0,0,51,0
328,2015-2016,0,0,44,0
328,2016-2017,0,0,44,0
328,2017-2018,0,0,29.5,0
328,2018-2019,0,0,32,0
328,2019-2020,0,0,43,0
328,2020-2021,0,0,46,0
328,2021-2022,0,0,46,0
328,2022-2023,0,0,42,0
328,2023-2024,0.825,1.5,44,1
328,2024-2025,1.04086021505376,1.89247311827957,50,1
328,2025-2026,1.065625,1.9375,40,1
329,2011-2012,0,0,35,0
329,2012-2013,0,0,24,0
329,2013-2014,0,0,27.5,0
329,2014-2015,0,0,25,0
329,2015-2016,0,0,25,0
329,2016-2017,0,0,35,0
329,2017-2018,0,0,30,0
329,2018-2019,0,0,30,0
329,2019-2020,0,0,26,0
329,2021-2022,0,0,30,0
329,2022-2023,0,0,27,0
329,2023-2024,0.891891891891892,1.62162162162162,27,1
329,2024-2025,1.01951219512195,1.85365853658537,25,1
329,2025-2026,1.056,1.92,28,1
33,2011-2012,0,0,72,0
33,2012-2013,0,0,76,0
33,2013-2014,0,0,71,0
33,2014-2015,0,0,91,0
33,2015-2016,0,0,72,0
33,2016-2017,0,0,76,0
33,2017-2018,0,0,81,0
33,2018-2019,0,0,65,0
33,2019-2020,0,0,65,0
33,2020-2021,0,0,61,0
33,2021-2022,0,0,72,0
33,2022-2023,0,0,70,0
33,2023-2024,0.902564102564103,1.64102564102564,77,1
33,2024-2025,1.02903225806452,1.87096774193548,63,1
33,2025-2026,1.05352112676056,1.91549295774648,63.5,1
330,2011-2012,0,0,57,0
330,2012-2013,0,0,66,0
330,2013-2014,0,0,57,0
330,2014-2015,0,0,57,0
330,2015-2016,0,0,48,0
330,2016-2017,0,0,47,0
330,2017-2018,0,0,55,0
330,2018-2019,0,0,51,0
330,2019-2020,0,0,50,0
330,2020-2021,0,0,44,0
330,2021-2022,0,0,53.5,0
330,2022-2023,0,0,44,0
330,2023-2024,0.885057471264368,1.60919540229885,45,1
330,2024-2025,0.973563218390805,1.77011494252874,50,1
330,2025-2026,0.972631578947368,1.76842105263158,52,1
331,2011-2012,0,0,77,0
331,2012-2013,0,0,79,0
331,2013-2014,0,0,71,0
331,2014-2015,0,0,75,0
331,2015-2016,0,0,79,0
331,2016-2017,0,0,76,0
331,2017-2018,0,0,77,0
331,2018-2019,0,0,65,0
331,2019-2020,0,0,70,0
331,2020-2021,0,0,70,0
331,2021-2022,0,0,51,0
331,2022-2023,0,0,45,0
331,2023-2024,0.827619047619048,1.5047619047619,49,1
331,2024-2025,0.957407407407407,1.74074074074074,57,1
331,2025-2026,0.982142857142857,1.78571428571429,59,1
333,2011-2012,0,0,31,0
333,2012-2013,0,0,31,0
333,2013-2014,0,0,31,0
333,2014-2015,0,0,28,0
333,2015-2016,0,0,38,0
333,2016-2017,0,0,41,0
333,2017-2018,0,0,29,0
333,2018-2019,0,0,31,0
333,2019-2020,0,0,36,0
333,2020-2021,0,0,32,0
333,2021-2022,0,0,22,0
333,2022-2023,0,0,23,0
333,2023-2024,0.866666666666667,1.57575757575758,25,1
333,2024-2025,1.1,2,27.5,1
333,2025-2026,1.1,2,25,1
334,2011-2012,0,0,45.5,0
334,2012-2013,0,0,47.5,0
334,2013-2014,0,0,33,0
334,2014-2015,0,0,37.5,0
334,2015-2016,0,0,40,0
334,2016-2017,0,0,38,0
334,2017-2018,0,0,38,0
334,2018-2019,0,0,27,0
334,2019-2020,0,0,34,0
334,2021-2022,0,0,23,0
334,2022-2023,0,0,31,0
334,2023-2024,0.916666666666667,1.66666666666667,26,1
334,2024-2025,1.06071428571429,1.92857142857143,38,1
334,2025-2026,1.078,1.96,22,1
335,2011-2012,0,0,80,0
335,2012-2013,0,0,80,0
335,2013-2014,0,0,74,0
335,2014-2015,0,0,67,0
335,2015-2016,0,0,67,0
335,2016-2017,0,0,76,0
335,2017-2018,0,0,64,0
335,2018-2019,0,0,64,0
335,2019-2020,0,0,72,0
335,2020-2021,0,0,51,0
335,2021-2022,0,0,51,0
335,2022-2023,0,0,48,0
335,2023-2024,0.816129032258065,1.48387096774194,61,1
335,2024-2025,1.01111111111111,1.83838383838384,62,1
335,2025-2026,0.974285714285714,1.77142857142857,64,1
336,2011-2012,0,0,99.5,0
336,2012-2013,0,0,107,0
336,2013-2014,0,0,99,0
336,2014-2015,0,0,93,0
336,2015-2016,0,0,81,0
336,2016-2017,0,0,84,0
336,2017-2018,0,0,85,0
336,2018-2019,0,0,82,0
336,2019-2020,0,0,82,0
336,2020-2021,0,0,86,0
336,2021-2022,0,0,66,0
336,2022-2023,0,0,74,0
336,2023-2024,0.94672131147541,1.72131147540984,74,1
336,2024-2025,0.968478260869565,1.76086956521739,66,1
336,2025-2026,1.0208,1.856,67.5,1
337,2011-2012,0,0,50.5,0
337,2012-2013,0,0,46,0
337,2013-2014,0,0,46,0
337,2014-2015,0,0,43,0
337,2015-2016,0,0,43,0
337,2016-2017,0,0,53,0
337,2017-2018,0,0,37.5,0
337,2018-2019,0,0,56,0
337,2019-2020,0,0,52,0
337,2020-2021,0,0,29,0
337,2021-2022,0,0,36,0
337,2022-2023,0,0,42,0
337,2023-2024,0.92463768115942,1.68115942028986,42,1
337,2024-2025,1.04107142857143,1.89285714285714,44,1
337,2025-2026,1.065625,1.9375,33,1
338,2011-2012,0,0,111,0
338,2012-2013,0,0,96.5,0
338,2013-2014,0,0,90,0
338,2014-2015,0,0,90,0
338,2015-2016,0,0,104,0
338,2016-2017,0,0,105,0
338,2017-2018,0,0,99,0
338,2018-2019,0,0,99,0
338,2019-2020,0,0,82,0
338,2020-2021,0,0,81.5,0
338,2021-2022,0,0,87,0
338,2022-2023,0,0,87,0
338,2023-2024,0.918181818181818,1.66942148760331,88,1
338,2024-2025,0.981818181818182,1.78512396694215,85,1
338,2025-2026,1.02325581395349,1.86046511627907,85,1
339,2011-2012,0,0,138,0
339,2012-2013,0,0,134,0
339,2013-2014,0,0,110,0
339,2014-2015,0,0,117,0
339,2015-2016,0,0,123,0
339,2016-2017,0,0,117,0
339,2017-2018,0,0,114,0
339,2018-2019,0,0,114,0
339,2019-2020,0,0,122,0
339,2020-2021,0,0,105,0
339,2021-2022,0,0,88,0
339,2022-2023,0,0,97,0
339,2023-2024,0.737888198757764,1.3416149068323,97.5,1
339,2024-2025,1.02707182320442,1.86740331491713,102,1
339,2025-2026,1.01137440758294,1.83886255924171,106,1
34,2011-2012,0,0,55,0
34,2012-2013,0,0,69,0
34,2013-2014,0,0,58,0
34,2014-2015,0,0,57,0
34,2015-2016,0,0,57,0
34,2016-2017,0,0,56,0
34,2017-2018,0,0,56,0
34,2018-2019,0,0,54,0
34,2019-2020,0,0,51,0
34,2020-2021,0,0,56,0
34,2021-2022,0,0,54,0
34,2022-2023,0,0,41,0
34,2023-2024,0.973076923076923,1.76923076923077,50,1
34,2024-2025,1.01,1.83636363636364,57,1
34,2025-2026,1.05801526717557,1.9236641221374,64,1
340,2011-2012,0,0,135,0
340,2012-2013,0,0,130,0
340,2013-2014,0,0,141,0
340,2014-2015,0,0,156,0
340,2015-2016,0,0,133,0
340,2016-2017,0,0,122,0
340,2017-2018,0,0,122,0
340,2018-2019,0,0,116,0
340,2019-2020,0,0,113,0
340,2020-2021,0,0,102,0
340,2021-2022,0,0,102,0
340,2022-2023,0,0,87,0
340,2023-2024,0.846666666666667,1.53939393939394,86,1
340,2024-2025,1.03230769230769,1.87692307692308,87,1
340,2025-2026,0.982442748091603,1.78625954198473,80,1
341,2011-2012,0,0,110,0
341,2012-2013,0,0,96,0
341,2013-2014,0,0,96,0
341,2014-2015,0,0,89,0
341,2015-2016,0,0,90,0
341,2016-2017,0,0,90,0
341,2017-2018,0,0,91,0
341,2018-2019,0,0,90,0
341,2019-2020,0,0,79,0
341,2020-2021,0,0,78,0
341,2021-2022,0,0,78,0
341,2022-2023,0,0,80,0
341,2023-2024,0.903571428571429,1.64285714285714,82,1
341,2024-2025,1.03984375,1.890625,76,1
341,2025-2026,1.02666666666667,1.86666666666667,76,1
342,2011-2012,0,0,102.5,0
342,2012-2013,0,0,104,0
342,2013-2014,0,0,94,0
342,2014-2015,0,0,94,0
342,2015-2016,0,0,94,0
342,2016-2017,0,0,108,0
342,2017-2018,0,0,105,0
342,2018-2019,0,0,102.5,0
342,2019-2020,0,0,101,0
342,2020-2021,0,0,98,0
342,2021-2022,0,0,98,0
342,2022-2023,0,0,77,0
342,2023-2024,0.976056338028169,1.77464788732394,103.5,1
342,2024-2025,1.04292452830189,1.89622641509434,110,1
342,2025-2026,1.02393617021277,1.86170212765957,108,1
343,2011-2012,0,0,27,0
343,2012-2013,0,0,25,0
343,2013-2014,0,0,22.5,0
343,2014-2015,0,0,17,0
343,2015-2016,0,0,17,0
343,2016-2017,0,0,14,0
343,2017-2018,0,0,15,0
343,2018-2019,0,0,20,0
343,2019-2020,0,0,23,0
343,2020-2021,0,0,15,0
343,2021-2022,0,0,22,0
343,2022-2023,0,0,22,0
343,2023-2024,0.937037037037037,1.7037037037037,13,1
343,2024-2025,1.04761904761905,1.9047619047619,16,1
343,2025-2026,1.1,2,17,1
344,2011-2012,0,0,44,0
344,2012-2013,0,0,45,0
344,2013-2014,0,0,48,0
344,2014-2015,0,0,40,0
344,2015-2016,0,0,40,0
344,2016-2017,0,0,41,0
344,2017-2018,0,0,41,0
344,2018-2019,0,0,41,0
344,2019-2020,0,0,42,0
344,2020-2021,0,0,38,0
344,2021-2022,0,0,38,0
344,2022-2023,0,0,39,0
344,2023-2024,0.964197530864198,1.75308641975309,33,1
344,2024-2025,1.05822784810127,1.92405063291139,41,1
344,2025-2026,1.03333333333333,1.87878787878788,51,1
345,2011-2012,0,0,145,0
345,2012-2013,0,0,171,0
345,2013-2014,0,0,169,0
345,2014-2015,0,0,149,0
345,2015-2016,0,0,140,0
345,2016-2017,0,0,140,0
345,2017-2018,0,0,140,0
345,2018-2019,0,0,130,0
345,2019-2020,0,0,113,0
345,2020-2021,0,0,105,0
345,2021-2022,0,0,105,0
345,2022-2023,0,0,101,0
345,2023-2024,1.01294964028777,1.84172661870504,96,1
345,2024-2025,1.04465408805031,1.89937106918239,93,1
345,2025-2026,1.04277456647399,1.89595375722543,93,1
346,2011-2012,0,0,25,0
346,2012-2013,0,0,25,0
346,2013-2014,0,0,28,0
346,2014-2015,0,0,30,0
346,2015-2016,0,0,28,0
346,2016-2017,0,0,26,0
346,2017-2018,0,0,29,0
346,2018-2019,0,0,26,0
346,2019-2020,0,0,22.5,0
346,2020-2021,0,0,24.5,0
346,2021-2022,0,0,18,0
346,2022-2023,0,0,17.5,0
346,2023-2024,1.02142857142857,1.85714285714286,21,1
346,2024-2025,0.974285714285714,1.77142857142857,19,1
346,2025-2026,1.00571428571429,1.82857142857143,17,1
347,2011-2012,0,0,37,0
347,2012-2013,0,0,31,0
347,2013-2014,0,0,36,0
347,2014-2015,0,0,35,0
347,2015-2016,0,0,35,0
347,2016-2017,0,0,34,0
347,2017-2018,0,0,29.5,0
347,2018-2019,0,0,29,0
347,2019-2020,0,0,42,0
347,2020-2021,0,0,25,0
347,2021-2022,0,0,23,0
347,2022-2023,0,0,25,0
347,2023-2024,0.839473684210526,1.52631578947368,27,1
347,2024-2025,1.01538461538462,1.84615384615385,26,1
347,2025-2026,0.965853658536586,1.75609756097561,26,1
348,2011-2012,0,0,148,0
348,2012-2013,0,0,141.5,0
348,2013-2014,0,0,132,0
348,2014-2015,0,0,121,0
348,2015-2016,0,0,121,0
348,2016-2017,0,0,119,0
348,2017-2018,0,0,118,0
348,2018-2019,0,0,105,0
348,2019-2020,0,0,110,0
348,2020-2021,0,0,82,0
348,2021-2022,0,0,82,0
348,2022-2023,0,0,80,0
348,2023-2024,0.908333333333333,1.65151515151515,85,1
348,2024-2025,0.980434782608696,1.78260869565217,74,1
348,2025-2026,1.02142857142857,1.85714285714286,86,1
349,2011-2012,0,0,125,0
349,2012-2013,0,0,117,0
349,2013-2014,0,0,97,0
349,2014-2015,0,0,97,0
349,2015-2016,0,0,99,0
349,2016-2017,0,0,99,0
349,2017-2018,0,0,89,0
349,2018-2019,0,0,85,0
349,2019-2020,0,0,80,0
349,2020-2021,0,0,73,0
349,2021-2022,0,0,73,0
349,2022-2023,0,0,77,0
349,2023-2024,0.971666666666667,1.76666666666667,67,1
349,2024-2025,1.01160714285714,1.83928571428571,71,1
349,2025-2026,0.980434782608696,1.78260869565217,76,1
35,2011-2012,0,0,104,0
35,2012-2013,0,0,109,0
35,2013-2014,0,0,102,0
35,2014-2015,0,0,108,0
35,2015-2016,0,0,108,0
35,2016-2017,0,0,103,0
35,2017-2018,0,0,106,0
35,2018-2019,0,0,95,0
35,2019-2020,0,0,97.5,0
35,2020-2021,0,0,107,0
35,2021-2022,0,0,100,0
35,2022-2023,0,0,100,0
35,2023-2024,0.869083969465649,1.58015267175573,118,1
35,2024-2025,0.978391959798995,1.77889447236181,110,1
35,2025-2026,1.01277533039648,1.84140969162996,118,1
350,2011-2012,0,0,144.5,0
350,2012-2013,0,0,156,0
350,2013-2014,0,0,122,0
350,2014-2015,0,0,142,0
350,2015-2016,0,0,142,0
350,2016-2017,0,0,119,0
350,2017-2018,0,0,121,0
350,2018-2019,0,0,126.5,0
350,2019-2020,0,0,132,0
350,2020-2021,0,0,106,0
350,2021-2022,0,0,103,0
350,2022-2023,0,0,103,0
350,2023-2024,0.932105263157895,1.69473684210526,106,1
350,2024-2025,1.05025125628141,1.90954773869347,102,1
350,2025-2026,1.06745562130178,1.94082840236686,99,1
351,2011-2012,0,0,158,0
351,2012-2013,0,0,158,0
351,2013-2014,0,0,147,0
351,2014-2015,0,0,136,0
351,2015-2016,0,0,122,0
351,2016-2017,0,0,121.5,0
351,2017-2018,0,0,121,0
351,2018-2019,0,0,128,0
351,2019-2020,0,0,128,0
351,2020-2021,0,0,112,0
351,2021-2022,0,0,112,0
351,2022-2023,0,0,125,0
351,2023-2024,0.929951690821256,1.69082125603865,129,1
351,2024-2025,1.0337962962963,1.87962962962963,129,1
351,2025-2026,1.05532994923858,1.91878172588832,118,1
352,2011-2012,0,0,69,0
352,2012-2013,0,0,71,0
352,2013-2014,0,0,71,0
352,2014-2015,0,0,56,0
352,2015-2016,0,0,55,0
352,2016-2017,0,0,66,0
352,2017-2018,0,0,60,0
352,2018-2019,0,0,60,0
352,2019-2020,0,0,57,0
352,2020-2021,0,0,57,0
352,2021-2022,0,0,55,0
352,2022-2023,0,0,55,0
352,2023-2024,0.819148936170213,1.48936170212766,58,1
352,2024-2025,1.03529411764706,1.88235294117647,44,1
352,2025-2026,1.05111111111111,1.91111111111111,49,1
353,2011-2012,0,0,68,0
353,2012-2013,0,0,67,0
353,2013-2014,0,0,67,0
353,2014-2015,0,0,71,0
353,2015-2016,0,0,69,0
353,2016-2017,0,0,51,0
353,2017-2018,0,0,62,0
353,2018-2019,0,0,61,0
353,2019-2020,0,0,61,0
353,2020-2021,0,0,38,0
353,2021-2022,0,0,50,0
353,2022-2023,0,0,49.5,0
353,2023-2024,0.82112676056338,1.49295774647887,47,1
353,2024-2025,1.03292682926829,1.8780487804878,48,1
353,2025-2026,1.05849056603774,1.92452830188679,48,1
354,2011-2012,0,0,34,0
354,2012-2013,0,0,26,0
354,2013-2014,0,0,45,0
354,2014-2015,0,0,45,0
354,2015-2016,0,0,35,0
354,2016-2017,0,0,32,0
354,2017-2018,0,0,32,0
354,2018-2019,0,0,25,0
354,2019-2020,0,0,26,0
354,2020-2021,0,0,41,0
354,2021-2022,0,0,25,0
354,2022-2023,0,0,18,0
354,2023-2024,0.959574468085106,1.74468085106383,31,1
354,2024-2025,0.980434782608696,1.78260869565217,23,1
354,2025-2026,0.916666666666667,1.66666666666667,24,1
355,2011-2012,0,0,37,0
355,2012-2013,0,0,41,0
355,2013-2014,0,0,48,0
355,2014-2015,0,0,42,0
355,2015-2016,0,0,42,0
355,2016-2017,0,0,43,0
355,2017-2018,0,0,41,0
355,2018-2019,0,0,40,0
355,2019-2020,0,0,38,0
355,2021-2022,0,0,31,0
355,2022-2023,0,0,39.5,0
355,2023-2024,0.903571428571429,1.64285714285714,31,1
355,2024-2025,1.02542372881356,1.86440677966102,41,1
355,2025-2026,0.994520547945205,1.80821917808219,38,1
356,2011-2012,0,0,154,0
356,2012-2013,0,0,154,0
356,2013-2014,0,0,118,0
356,2014-2015,0,0,124,0
356,2015-2016,0,0,134,0
356,2016-2017,0,0,134,0
356,2017-2018,0,0,123,0
356,2018-2019,0,0,107,0
356,2019-2020,0,0,107,0
356,2020-2021,0,0,109,0
356,2021-2022,0,0,82,0
356,2022-2023,0,0,89,0
356,2023-2024,0.944565217391304,1.71739130434783,109,1
356,2024-2025,0.976158940397351,1.77483443708609,97,1
356,2025-2026,0.979190751445087,1.78034682080925,97,1
357,2011-2012,0,0,112.5,0
357,2012-2013,0,0,122,0
357,2013-2014,0,0,114,0
357,2014-2015,0,0,113,0
357,2015-2016,0,0,119,0
357,2016-2017,0,0,119,0
357,2017-2018,0,0,110,0
357,2018-2019,0,0,107,0
357,2019-2020,0,0,107,0
357,2020-2021,0,0,110,0
357,2021-2022,0,0,110,0
357,2022-2023,0,0,110,0
357,2023-2024,0.868789808917198,1.5796178343949,103,1
357,2024-2025,0.990683229813665,1.80124223602484,103,1
357,2025-2026,0.966025641025641,1.75641025641026,98,1
358,2011-2012,0,0,54,0
358,2012-2013,0,0,77,0
358,2013-2014,0,0,84,0
358,2014-2015,0,0,75,0
358,2015-2016,0,0,75,0
358,2016-2017,0,0,73,0
358,2017-2018,0,0,75,0
358,2018-2019,0,0,71,0
358,2019-2020,0,0,70,0
358,2020-2021,0,0,67.5,0
358,2021-2022,0,0,65.5,0
358,2022-2023,0,0,68,0
358,2023-2024,0.910071942446043,1.65467625899281,70,1
358,2024-2025,1.04634146341463,1.90243902439024,68,1
358,2025-2026,1.04677419354839,1.90322580645161,68,1
359,2011-2012,0,0,153,0
359,2012-2013,0,0,146,0
359,2013-2014,0,0,124,0
359,2014-2015,0,0,124,0
359,2015-2016,0,0,141,0
359,2016-2017,0,0,132,0
359,2017-2018,0,0,126,0
359,2018-2019,0,0,122,0
359,2019-2020,0,0,122,0
359,2020-2021,0,0,119,0
359,2021-2022,0,0,109,0
359,2022-2023,0,0,100.5,0
359,2023-2024,0.833168316831683,1.51485148514851,93,1
359,2024-2025,1.0020942408377,1.82198952879581,112,1
359,2025-2026,1.02311827956989,1.86021505376344,104,1
36,2011-2012,0,0,77,0
36,2012-2013,0,0,82,0
36,2013-2014,0,0,78,0
36,2014-2015,0,0,78,0
36,2015-2016,0,0,70,0
36,2016-2017,0,0,71,0
36,2017-2018,0,0,77,0
36,2018-2019,0,0,66,0
36,2019-2020,0,0,63,0
36,2020-2021,0,0,65,0
36,2021-2022,0,0,65,0
36,2022-2023,0,0,65,0
36,2023-2024,0.808333333333333,1.46969696969697,61,1
36,2024-2025,0.932911392405063,1.69620253164557,74,1
36,2025-2026,1.00205479452055,1.82191780821918,80,1
360,2011-2012,0,0,161,0
360,2012-2013,0,0,139.5,0
360,2013-2014,0,0,137,0
360,2014-2015,0,0,137,0
360,2015-2016,0,0,123,0
360,2016-2017,0,0,124,0
360,2017-2018,0,0,124,0
360,2018-2019,0,0,127,0
360,2019-2020,0,0,108,0
360,2020-2021,0,0,107,0
360,2021-2022,0,0,107,0
360,2022-2023,0,0,109,0
360,2023-2024,0.870149253731343,1.58208955223881,117,1
360,2024-2025,1.04530386740332,1.90055248618785,103,1
360,2025-2026,0.996534653465347,1.81188118811881,108,1
361,2011-2012,0,0,104,0
361,2012-2013,0,0,97,0
361,2013-2014,0,0,97,0
361,2014-2015,0,0,99,0
361,2015-2016,0,0,82,0
361,2016-2017,0,0,82,0
361,2017-2018,0,0,94.5,0
361,2018-2019,0,0,93,0
361,2019-2020,0,0,80,0
361,2020-2021,0,0,72,0
361,2021-2022,0,0,72,0
361,2022-2023,0,0,71,0
361,2023-2024,0.892125984251969,1.62204724409449,77,1
361,2024-2025,1.04148936170213,1.8936170212766,74,1
361,2025-2026,0.977777777777778,1.77777777777778,74,1
362,2011-2012,0,0,60,0
362,2012-2013,0,0,61.5,0
362,2013-2014,0,0,81,0
362,2014-2015,0,0,64,0
362,2015-2016,0,0,62,0
362,2016-2017,0,0,65,0
362,2017-2018,0,0,63,0
362,2018-2019,0,0,63,0
362,2019-2020,0,0,50,0
362,2020-2021,0,0,69,0
362,2021-2022,0,0,53,0
362,2022-2023,0,0,63,0
362,2023-2024,0.932911392405063,1.69620253164557,53,1
362,2024-2025,1.01720430107527,1.8494623655914,53,1
362,2025-2026,1.05,1.90909090909091,50,1
363,2011-2012,0,0,108,0
363,2012-2013,0,0,100,0
363,2013-2014,0,0,108,0
363,2014-2015,0,0,86,0
363,2015-2016,0,0,85,0
363,2016-2017,0,0,85,0
363,2017-2018,0,0,81,0
363,2018-2019,0,0,81,0
363,2019-2020,0,0,64,0
363,2020-2021,0,0,57,0
363,2021-2022,0,0,60,0
363,2022-2023,0,0,55,0
363,2023-2024,0.945070422535211,1.71830985915493,53,1
363,2024-2025,1.06857142857143,1.94285714285714,50.5,1
363,2025-2026,1.0531914893617,1.91489361702128,45,1
364,2011-2012,0,0,55,0
364,2012-2013,0,0,47.5,0
364,2013-2014,0,0,52,0
364,2014-2015,0,0,49,0
364,2015-2016,0,0,49,0
364,2016-2017,0,0,48,0
364,2017-2018,0,0,47,0
364,2018-2019,0,0,57,0
364,2019-2020,0,0,50,0
364,2020-2021,0,0,50,0
364,2021-2022,0,0,42.5,0
364,2022-2023,0,0,47,0
364,2023-2024,0.86144578313253,1.56626506024096,46,1
364,2024-2025,1.0625,1.93181818181818,45,1
364,2025-2026,1.00128205128205,1.82051282051282,44,1
365,2011-2012,0,0,177,0
365,2012-2013,0,0,180,0
365,2013-2014,0,0,155,0
365,2014-2015,0,0,155,0
365,2015-2016,0,0,180,0
365,2016-2017,0,0,161,0
365,2017-2018,0,0,136,0
365,2018-2019,0,0,140,0
365,2019-2020,0,0,149,0
365,2020-2021,0,0,116,0
365,2021-2022,0,0,114,0
365,2022-2023,0,0,111,0
365,2023-2024,0.872020725388601,1.58549222797927,113,1
365,2024-2025,0.98421052631579,1.78947368421053,107,1
365,2025-2026,0.988888888888889,1.7979797979798,107,1
366,2011-2012,0,0,123,0
366,2012-2013,0,0,132,0
366,2013-2014,0,0,118,0
366,2014-2015,0,0,117,0
366,2015-2016,0,0,120,0
366,2016-2017,0,0,122,0
366,2017-2018,0,0,107,0
366,2018-2019,0,0,107,0
366,2019-2020,0,0,109,0
366,2020-2021,0,0,83,0
366,2021-2022,0,0,83,0
366,2022-2023,0,0,101,0
366,2023-2024,0.821518987341772,1.49367088607595,95,1
366,2024-2025,1.02086330935252,1.85611510791367,90,1
366,2025-2026,0.965030674846626,1.75460122699387,90,1
367,2011-2012,0,0,62,0
367,2012-2013,0,0,67,0
367,2013-2014,0,0,63,0
367,2014-2015,0,0,54,0
367,2015-2016,0,0,44,0
367,2016-2017,0,0,57,0
367,2017-2018,0,0,58,0
367,2018-2019,0,0,39,0
367,2019-2020,0,0,36,0
367,2020-2021,0,0,46,0
367,2021-2022,0,0,41,0
367,2022-2023,0,0,40,0
367,2023-2024,1.00704225352113,1.83098591549296,41,1
367,2024-2025,1.06451612903226,1.93548387096774,33,1
367,2025-2026,1.01791044776119,1.85074626865672,33,1
368,2011-2012,0,0,111,0
368,2012-2013,0,0,107,0
368,2013-2014,0,0,93,0
368,2014-2015,0,0,93,0
368,2015-2016,0,0,101,0
368,2016-2017,0,0,106,0
368,2017-2018,0,0,104,0
368,2018-2019,0,0,104,0
368,2019-2020,0,0,110,0
368,2020-2021,0,0,97,0
368,2021-2022,0,0,94,0
368,2022-2023,0,0,94,0
368,2023-2024,0.933720930232558,1.69767441860465,103,1
368,2024-2025,1.00462427745665,1.82658959537572,97,1
368,2025-2026,1.04913294797688,1.90751445086705,97,1
369,2011-2012,0,0,103,0
369,2012-2013,0,0,91,0
369,2013-2014,0,0,88,0
369,2014-2015,0,0,78.5,0
369,2015-2016,0,0,72,0
369,2016-2017,0,0,73,0
369,2017-2018,0,0,78,0
369,2018-2019,0,0,70,0
369,2019-2020,0,0,70,0
369,2020-2021,0,0,66,0
369,2021-2022,0,0,58,0
369,2022-2023,0,0,55,0
369,2023-2024,0.82,1.49090909090909,61,1
369,2024-2025,1.05769230769231,1.92307692307692,62,1
369,2025-2026,1.03636363636364,1.88429752066116,70,1
370,2011-2012,0,0,84,0
370,2012-2013,0,0,77,0
370,2013-2014,0,0,72,0
370,2014-2015,0,0,72,0
370,2015-2016,0,0,69,0
370,2016-2017,0,0,65,0
370,2017-2018,0,0,57,0
370,2018-2019,0,0,57,0
370,2019-2020,0,0,49,0
370,2020-2021,0,0,44.5,0
370,2021-2022,0,0,43,0
370,2022-2023,0,0,43,0
370,2023-2024,0.838983050847458,1.52542372881356,44,1
370,2024-2025,1.0828125,1.96875,35,1
370,2025-2026,1.04133333333333,1.89333333333333,45,1
371,2011-2012,0,0,108,0
371,2012-2013,0,0,105,0
371,2013-2014,0,0,89,0
371,2014-2015,0,0,89,0
371,2015-2016,0,0,86,0
371,2016-2017,0,0,84,0
371,2017-2018,0,0,84,0
371,2018-2019,0,0,80,0
371,2019-2020,0,0,83,0
371,2020-2021,0,0,89,0
371,2021-2022,0,0,81,0
371,2022-2023,0,0,81,0
371,2023-2024,0.916666666666667,1.66666666666667,81,1
371,2024-2025,1.01597222222222,1.84722222222222,92,1
371,2025-2026,1.03694267515924,1.88535031847134,80,1
372,2011-2012,0,0,104,0
372,2012-2013,0,0,97,0
372,2013-2014,0,0,97,0
372,2014-2015,0,0,96,0
372,2015-2016,0,0,96,0
372,2016-2017,0,0,96,0
372,2017-2018,0,0,95,0
372,2018-2019,0,0,92.5,0
372,2019-2020,0,0,83,0
372,2020-2021,0,0,79,0
372,2021-2022,0,0,79,0
372,2022-2023,0,0,70,0
372,2023-2024,0.97109375,1.765625,66,1
372,2024-2025,1.02786885245902,1.86885245901639,67,1
372,2025-2026,1.06271186440678,1.93220338983051,67,1
373,2011-2012,0,0,37,0
373,2012-2013,0,0,49,0
373,2013-2014,0,0,39,0
373,2014-2015,0,0,39,0
373,2015-2016,0,0,45,0
373,2016-2017,0,0,36.5,0
373,2017-2018,0,0,34,0
373,2018-2019,0,0,31,0
373,2019-2020,0,0,27,0
373,2020-2021,0,0,23,0
373,2021-2022,0,0,19,0
373,2022-2023,0,0,24,0
373,2023-2024,0.896296296296296,1.62962962962963,21,1
373,2025-2026,1.00178571428571,1.82142857142857,22,1
374,2011-2012,0,0,110,0
374,2012-2013,0,0,115,0
374,2013-2014,0,0,97,0
374,2014-2015,0,0,106.5,0
374,2015-2016,0,0,103,0
374,2016-2017,0,0,97.5,0
374,2017-2018,0,0,90,0
374,2018-2019,0,0,84,0
374,2019-2020,0,0,82,0
374,2020-2021,0,0,69,0
374,2021-2022,0,0,69,0
374,2022-2023,0,0,70,0
374,2023-2024,0.889041095890411,1.61643835616438,68,1
374,2024-2025,1.00704225352113,1.83098591549296,69.5,1
374,2025-2026,1.0472602739726,1.9041095890411,71,1
375,2011-2012,0,0,66,0
375,2012-2013,0,0,59,0
375,2013-2014,0,0,64,0
375,2014-2015,0,0,62,0
375,2015-2016,0,0,61.5,0
375,2016-2017,0,0,61,0
375,2017-2018,0,0,46,0
375,2018-2019,0,0,57,0
375,2019-2020,0,0,57,0
375,2020-2021,0,0,55,0
375,2021-2022,0,0,55,0
375,2022-2023,0,0,57,0
375,2023-2024,0.929896907216495,1.69072164948454,50,1
375,2024-2025,1.01348314606742,1.84269662921348,39,1
375,2025-2026,1.06162790697674,1.93023255813954,39,1
376,2011-2012,0,0,111,0
376,2012-2013,0,0,100,0
376,2013-2014,0,0,100,0
376,2014-2015,0,0,113,0
376,2015-2016,0,0,104,0
376,2016-2017,0,0,96,0
376,2017-2018,0,0,96,0
376,2018-2019,0,0,93,0
376,2019-2020,0,0,90,0
376,2020-2021,0,0,92,0
376,2021-2022,0,0,77,0
376,2022-2023,0,0,78,0
376,2023-2024,0.944029850746269,1.71641791044776,84,1
376,2024-2025,1.07555555555556,1.95555555555556,82,1
376,2025-2026,1.05925925925926,1.92592592592593,88,1
377,2011-2012,0,0,59,0
377,2012-2013,0,0,56,0
377,2013-2014,0,0,52,0
377,2014-2015,0,0,52,0
377,2015-2016,0,0,51,0
377,2016-2017,0,0,48,0
377,2017-2018,0,0,44.5,0
377,2018-2019,0,0,40,0
377,2019-2020,0,0,43,0
377,2020-2021,0,0,39,0
377,2021-2022,0,0,39,0
377,2022-2023,0,0,39,0
377,2023-2024,0.897368421052632,1.63157894736842,45,1
377,2024-2025,1.05822784810127,1.92405063291139,46,1
377,2025-2026,0.981538461538462,1.78461538461538,37,1
378,2011-2012,0,0,97,0
378,2012-2013,0,0,88,0
378,2013-2014,0,0,87,0
378,2014-2015,0,0,87,0
378,2015-2016,0,0,88,0
378,2016-2017,0,0,90,0
378,2017-2018,0,0,79,0
378,2018-2019,0,0,79,0
378,2019-2020,0,0,69,0
378,2020-2021,0,0,62.5,0
378,2021-2022,0,0,56,0
378,2022-2023,0,0,52,0
378,2023-2024,0.883928571428572,1.60714285714286,58,1
378,2024-2025,0.978899082568807,1.77981651376147,62,1
378,2025-2026,1.0531914893617,1.91489361702128,59,1
379,2011-2012,0,0,112,0
379,2012-2013,0,0,89,0
379,2013-2014,0,0,89,0
379,2014-2015,0,0,90,0
379,2015-2016,0,0,97,0
379,2016-2017,0,0,96,0
379,2017-2018,0,0,81,0
379,2018-2019,0,0,75,0
379,2019-2020,0,0,83,0
379,2020-2021,0,0,57,0
379,2021-2022,0,0,57,0
379,2022-2023,0,0,62,0
379,2023-2024,0.926315789473684,1.68421052631579,67,1
379,2024-2025,1.02978723404255,1.87234042553192,69,1
379,2025-2026,1.07295081967213,1.95081967213115,69,1
38,2011-2012,0,0,76,0
38,2012-2013,0,0,78,0
38,2013-2014,0,0,71,0
38,2014-2015,0,0,71,0
38,2015-2016,0,0,81,0
38,2016-2017,0,0,81,0
38,2017-2018,0,0,89,0
38,2018-2019,0,0,65,0
38,2019-2020,0,0,78,0
38,2020-2021,0,0,64,0
38,2021-2022,0,0,65,0
38,2022-2023,0,0,57,0
38,2023-2024,0.905487804878049,1.64634146341463,77,1
38,2024-2025,0.973885350318471,1.77070063694268,86,1
38,2025-2026,1.00402684563758,1.8255033557047,73,1
380,2011-2012,0,0,86,0
380,2012-2013,0,0,84.5,0
380,2013-2014,0,0,78,0
380,2014-2015,0,0,71,0
380,2015-2016,0,0,71,0
380,2016-2017,0,0,83,0
380,2017-2018,0,0,70,0
380,2018-2019,0,0,73,0
380,2019-2020,0,0,80,0
380,2020-2021,0,0,68,0
380,2021-2022,0,0,68,0
380,2022-2023,0,0,76,0
380,2023-2024,0.851304347826087,1.54782608695652,59,1
380,2024-2025,1.01111111111111,1.83838383838384,59,1
380,2025-2026,0.999166666666667,1.81666666666667,64,1
383,2011-2012,0,0,76,0
383,2012-2013,0,0,77,0
383,2013-2014,0,0,75,0
383,2014-2015,0,0,58,0
383,2015-2016,0,0,59,0
383,2016-2017,0,0,62,0
383,2017-2018,0,0,63,0
383,2018-2019,0,0,52,0
383,2019-2020,0,0,52,0
383,2020-2021,0,0,39,0
383,2021-2022,0,0,52,0
383,2022-2023,0,0,52,0
383,2023-2024,0.88411214953271,1.60747663551402,55.5,1
383,2024-2025,1.03529411764706,1.88235294117647,56,1
383,2025-2026,1,1.81818181818182,54,1
384,2011-2012,0,0,80,0
384,2012-2013,0,0,80,0
384,2013-2014,0,0,72,0
384,2014-2015,0,0,64,0
384,2015-2016,0,0,43,0
384,2016-2017,0,0,59,0
384,2017-2018,0,0,58.5,0
384,2018-2019,0,0,50,0
384,2019-2020,0,0,50,0
384,2020-2021,0,0,47.5,0
384,2021-2022,0,0,48,0
384,2022-2023,0,0,49,0
384,2023-2024,0.951685393258427,1.73033707865169,52,1
384,2024-2025,1.03956043956044,1.89010989010989,56.5,1
384,2025-2026,1.0175,1.85,44,1
385,2011-2012,0,0,90,0
385,2012-2013,0,0,92,0
385,2013-2014,0,0,96,0
385,2014-2015,0,0,96,0
385,2015-2016,0,0,89,0
385,2016-2017,0,0,74,0
385,2017-2018,0,0,74,0
385,2018-2019,0,0,74.5,0
385,2019-2020,0,0,73,0
385,2020-2021,0,0,73,0
385,2021-2022,0,0,70,0
385,2022-2023,0,0,66,0
385,2023-2024,0.917985611510791,1.66906474820144,76,1
385,2024-2025,1.0697247706422,1.94495412844037,68,1
385,2025-2026,1.05074626865672,1.91044776119403,69,1
386,2011-2012,0,0,106,0
386,2012-2013,0,0,88,0
386,2013-2014,0,0,85,0
386,2014-2015,0,0,85,0
386,2015-2016,0,0,84,0
386,2016-2017,0,0,84,0
386,2017-2018,0,0,72,0
386,2018-2019,0,0,74,0
386,2019-2020,0,0,80,0
386,2020-2021,0,0,73,0
386,2021-2022,0,0,63,0
386,2022-2023,0,0,63,0
386,2023-2024,0.991964285714286,1.80357142857143,69,1
386,2024-2025,1.03125,1.875,66,1
386,2025-2026,1.01465517241379,1.8448275862069,66,1
387,2011-2012,0,0,87,0
387,2012-2013,0,0,85.5,0
387,2013-2014,0,0,86,0
387,2014-2015,0,0,77,0
387,2015-2016,0,0,75,0
387,2016-2017,0,0,75,0
387,2017-2018,0,0,60,0
387,2018-2019,0,0,56,0
387,2019-2020,0,0,56,0
387,2020-2021,0,0,52,0
387,2021-2022,0,0,52,0
387,2022-2023,0,0,46,0
387,2023-2024,1.00722891566265,1.83132530120482,50,1
387,2024-2025,1.02280701754386,1.85964912280702,37,1
387,2025-2026,0.976404494382022,1.7752808988764,42,1
388,2011-2012,0,0,138,0
388,2012-2013,0,0,146,0
388,2013-2014,0,0,148,0
388,2014-2015,0,0,152,0
388,2015-2016,0,0,136,0
388,2016-2017,0,0,136,0
388,2017-2018,0,0,138,0
388,2018-2019,0,0,119,0
388,2019-2020,0,0,119,0
388,2020-2021,0,0,108,0
388,2021-2022,0,0,94,0
388,2022-2023,0,0,94,0
388,2023-2024,0.886666666666667,1.61212121212121,94,1
388,2024-2025,1.02864864864865,1.87027027027027,100,1
388,2025-2026,1.03387978142077,1.87978142076503,104,1
389,2011-2012,0,0,144,0
389,2012-2013,0,0,146,0
389,2013-2014,0,0,130,0
389,2014-2015,0,0,130,0
389,2015-2016,0,0,115,0
389,2016-2017,0,0,115,0
389,2017-2018,0,0,110,0
389,2018-2019,0,0,111,0
389,2019-2020,0,0,101,0
389,2020-2021,0,0,92,0
389,2021-2022,0,0,89.5,0
389,2022-2023,0,0,87,0
389,2023-2024,0.922058823529412,1.67647058823529,80,1
389,2024-2025,0.978620689655173,1.77931034482759,89,1
389,2025-2026,1.01032608695652,1.83695652173913,94,1
39,2011-2012,0,0,84,0
39,2012-2013,0,0,84,0
39,2013-2014,0,0,86,0
39,2014-2015,0,0,93,0
39,2015-2016,0,0,93,0
39,2016-2017,0,0,79,0
39,2017-2018,0,0,89,0
39,2018-2019,0,0,77,0
39,2019-2020,0,0,72.5,0
39,2020-2021,0,0,67,0
39,2021-2022,0,0,74,0
39,2022-2023,0,0,71,0
39,2023-2024,0.848192771084337,1.5421686746988,75,1
39,2024-2025,1.00060240963855,1.81927710843374,97,1
39,2025-2026,1.01483870967742,1.84516129032258,87,1
390,2011-2012,0,0,178,0
390,2012-2013,0,0,185,0
390,2013-2014,0,0,185,0
390,2014-2015,0,0,188,0
390,2015-2016,0,0,170,0
390,2016-2017,0,0,170,0
390,2017-2018,0,0,182,0
390,2018-2019,0,0,169,0
390,2019-2020,0,0,160,0
390,2020-2021,0,0,138,0
390,2021-2022,0,0,138,0
390,2022-2023,0,0,140,0
390,2023-2024,0.885258964143426,1.60956175298805,144,1
390,2024-2025,1.0243119266055,1.86238532110092,132,1
390,2025-2026,1.04347826086957,1.89723320158103,143,1
391,2011-2012,0,0,83,0
391,2012-2013,0,0,82,0
391,2013-2014,0,0,58,0
391,2014-2015,0,0,58,0
391,2015-2016,0,0,70,0
391,2016-2017,0,0,63,0
391,2017-2018,0,0,50,0
391,2018-2019,0,0,51,0
391,2019-2020,0,0,55,0
391,2020-2021,0,0,43,0
391,2021-2022,0,0,43,0
391,2022-2023,0,0,43,0
391,2023-2024,0.848571428571429,1.54285714285714,51,1
391,2024-2025,1.03432835820896,1.88059701492537,46,1
391,2025-2026,0.992156862745098,1.80392156862745,47,1
392,2011-2012,0,0,108,0
392,2012-2013,0,0,107,0
392,2013-2014,0,0,99,0
392,2014-2015,0,0,97,0
392,2015-2016,0,0,93,0
392,2016-2017,0,0,91,0
392,2017-2018,0,0,87,0
392,2018-2019,0,0,83,0
392,2019-2020,0,0,82,0
392,2020-2021,0,0,75,0
392,2021-2022,0,0,69,0
392,2022-2023,0,0,69,0
392,2023-2024,0.948275862068965,1.72413793103448,57,1
392,2024-2025,1.00941176470588,1.83529411764706,50,1
392,2025-2026,1.00350877192982,1.82456140350877,56,1
393,2011-2012,0,0,91,0
393,2012-2013,0,0,97.5,0
393,2013-2014,0,0,100,0
393,2014-2015,0,0,97,0
393,2015-2016,0,0,96,0
393,2016-2017,0,0,86,0
393,2017-2018,0,0,80,0
393,2018-2019,0,0,80,0
393,2019-2020,0,0,84,0
393,2020-2021,0,0,63,0
393,2021-2022,0,0,63,0
393,2022-2023,0,0,68,0
393,2023-2024,0.804201680672269,1.46218487394958,68,1
393,2024-2025,0.937037037037037,1.7037037037037,70,1
393,2025-2026,1.00902255639098,1.83458646616541,69,1
394,2011-2012,0,0,95,0
394,2012-2013,0,0,87,0
394,2013-2014,0,0,87,0
394,2014-2015,0,0,99,0
394,2015-2016,0,0,99,0
394,2016-2017,0,0,94,0
394,2017-2018,0,0,76,0
394,2018-2019,0,0,77,0
394,2019-2020,0,0,77,0
394,2020-2021,0,0,76,0
394,2021-2022,0,0,76,0
394,2022-2023,0,0,70,0
394,2023-2024,0.782222222222222,1.42222222222222,77,1
394,2024-2025,1.01603053435115,1.84732824427481,71,1
394,2025-2026,1.00763358778626,1.83206106870229,64,1
395,2011-2012,0,0,119,0
395,2012-2013,0,0,123,0
395,2013-2014,0,0,123,0
395,2014-2015,0,0,124,0
395,2015-2016,0,0,106,0
395,2016-2017,0,0,106,0
395,2017-2018,0,0,102,0
395,2018-2019,0,0,102,0
395,2019-2020,0,0,98.5,0
395,2020-2021,0,0,92,0
395,2021-2022,0,0,83,0
395,2022-2023,0,0,83,0
395,2023-2024,0.950261780104712,1.72774869109948,108,1
395,2024-2025,1.03931034482759,1.88965517241379,85.5,1
395,2025-2026,1.0484375,1.90625,96,1
396,2011-2012,0,0,114,0
396,2012-2013,0,0,109,0
396,2013-2014,0,0,100,0
396,2014-2015,0,0,100,0
396,2015-2016,0,0,98,0
396,2016-2017,0,0,100,0
396,2017-2018,0,0,93.5,0
396,2018-2019,0,0,87,0
396,2019-2020,0,0,104,0
396,2020-2021,0,0,66,0
396,2021-2022,0,0,65,0
396,2022-2023,0,0,62,0
396,2023-2024,0.924305555555556,1.68055555555556,68,1
396,2024-2025,1.06106194690265,1.92920353982301,64,1
396,2025-2026,1.04420289855072,1.89855072463768,64,1
397,2011-2012,0,0,88,0
397,2012-2013,0,0,88,0
397,2013-2014,0,0,93,0
397,2014-2015,0,0,89,0
397,2015-2016,0,0,81,0
397,2016-2017,0,0,81,0
397,2017-2018,0,0,77,0
397,2018-2019,0,0,76,0
397,2019-2020,0,0,76,0
397,2020-2021,0,0,72,0
397,2021-2022,0,0,72,0
397,2022-2023,0,0,86,0
397,2023-2024,0.656302521008403,1.19327731092437,72,1
397,2024-2025,1.02016129032258,1.85483870967742,65,1
397,2025-2026,1.09214285714286,1.98571428571429,70,1
398,2011-2012,0,0,141,0
398,2012-2013,0,0,141,0
398,2013-2014,0,0,129,0
398,2014-2015,0,0,124,0
398,2015-2016,0,0,124,0
398,2016-2017,0,0,136,0
398,2017-2018,0,0,114,0
398,2018-2019,0,0,122,0
398,2019-2020,0,0,122,0
398,2020-2021,0,0,98,0
398,2021-2022,0,0,98,0
398,2022-2023,0,0,107,0
398,2023-2024,0.797927461139897,1.45077720207254,99,1
398,2024-2025,1.01488095238095,1.8452380952381,102,1
398,2025-2026,1.02826086956522,1.8695652173913,97,1
399,2011-2012,0,0,64,0
399,2012-2013,0,0,59,0
399,2013-2014,0,0,59,0
399,2014-2015,0,0,55,0
399,2015-2016,0,0,51,0
399,2016-2017,0,0,50,0
399,2017-2018,0,0,48,0
399,2018-2019,0,0,40,0
399,2019-2020,0,0,40,0
399,2020-2021,0,0,36.5,0
399,2021-2022,0,0,34,0
399,2022-2023,0,0,37,0
399,2023-2024,0.894666666666667,1.62666666666667,42,1
399,2024-2025,1.01269841269841,1.84126984126984,37,1
399,2025-2026,1.03230769230769,1.87692307692308,35,1
4,2011-2012,0,0,161,0
4,2012-2013,0,0,144,0
4,2013-2014,0,0,122,0
4,2014-2015,0,0,122,0
4,2015-2016,0,0,135,0
4,2016-2017,0,0,121,0
4,2017-2018,0,0,120,0
4,2018-2019,0,0,124,0
4,2019-2020,0,0,121,0
4,2020-2021,0,0,121,0
4,2021-2022,0,0,105,0
4,2022-2023,0,0,103,0
4,2023-2024,0.931216931216931,1.69312169312169,104,1
4,2024-2025,0.980571428571429,1.78285714285714,104,1
4,2025-2026,1.06413043478261,1.93478260869565,107,1
40,2011-2012,0,0,81,0
40,2012-2013,0,0,76,0
40,2013-2014,0,0,71,0
40,2014-2015,0,0,62,0
40,2015-2016,0,0,62,0
40,2016-2017,0,0,69.5,0
40,2017-2018,0,0,63,0
40,2018-2019,0,0,65,0
40,2019-2020,0,0,65,0
40,2020-2021,0,0,48,0
40,2021-2022,0,0,58.5,0
40,2022-2023,0,0,54,0
40,2023-2024,0.853731343283582,1.55223880597015,62,1
40,2024-2025,0.957,1.74,75,1
40,2025-2026,0.995620437956204,1.81021897810219,66,1
400,2011-2012,0,0,61,0
400,2012-2013,0,0,93,0
400,2013-2014,0,0,72,0
400,2014-2015,0,0,73,0
400,2015-2016,0,0,81,0
400,2016-2017,0,0,81,0
400,2017-2018,0,0,66,0
400,2018-2019,0,0,75,0
400,2019-2020,0,0,73,0
400,2020-2021,0,0,70,0
400,2021-2022,0,0,63,0
400,2022-2023,0,0,69,0
400,2023-2024,0.89079754601227,1.61963190184049,78,1
400,2024-2025,1.02253521126761,1.85915492957746,71,1
400,2025-2026,1.01645569620253,1.84810126582279,83,1
401,2011-2012,0,0,143,0
401,2012-2013,0,0,144,0
401,2013-2014,0,0,111,0
401,2014-2015,0,0,111,0
401,2015-2016,0,0,124,0
401,2016-2017,0,0,107,0
401,2017-2018,0,0,107,0
401,2018-2019,0,0,100,0
401,2019-2020,0,0,100,0
401,2020-2021,0,0,90,0
401,2021-2022,0,0,90,0
401,2022-2023,0,0,80,0
401,2023-2024,0.948854961832061,1.72519083969466,80,1
401,2024-2025,1.01129032258065,1.83870967741935,93,1
401,2025-2026,1.00653594771242,1.83006535947712,85,1
402,2011-2012,0,0,61,0
402,2012-2013,0,0,61,0
402,2013-2014,0,0,60,0
402,2014-2015,0,0,66,0
402,2015-2016,0,0,66,0
402,2016-2017,0,0,66,0
402,2017-2018,0,0,67,0
402,2018-2019,0,0,60,0
402,2019-2020,0,0,53,0
402,2020-2021,0,0,49.5,0
402,2021-2022,0,0,45,0
402,2022-2023,0,0,51.5,0
402,2023-2024,0.958415841584159,1.74257425742574,60,1
402,2024-2025,1.02903225806452,1.87096774193548,47,1
402,2025-2026,1.034,1.88,51,1
403,2011-2012,0,0,114,0
403,2012-2013,0,0,120,0
403,2013-2014,0,0,117,0
403,2014-2015,0,0,92,0
403,2015-2016,0,0,92,0
403,2016-2017,0,0,95,0
403,2017-2018,0,0,97,0
403,2018-2019,0,0,100,0
403,2019-2020,0,0,96,0
403,2020-2021,0,0,96,0
403,2021-2022,0,0,76,0
403,2022-2023,0,0,76,0
403,2023-2024,0.92258064516129,1.67741935483871,89,1
403,2024-2025,1.0320987654321,1.87654320987654,98,1
403,2025-2026,1.03956043956044,1.89010989010989,86,1
404,2011-2012,0,0,112,0
404,2012-2013,0,0,118,0
404,2013-2014,0,0,103,0
404,2014-2015,0,0,103,0
404,2015-2016,0,0,113,0
404,2016-2017,0,0,108,0
404,2017-2018,0,0,106,0
404,2018-2019,0,0,77,0
404,2019-2020,0,0,77,0
404,2020-2021,0,0,76,0
404,2021-2022,0,0,61,0
404,2022-2023,0,0,61,0
404,2023-2024,0.983802816901408,1.7887323943662,84,1
404,2024-2025,0.965467625899281,1.75539568345324,77,1
404,2025-2026,1.00337837837838,1.82432432432432,75,1
405,2011-2012,0,0,86,0
405,2012-2013,0,0,70,0
405,2013-2014,0,0,70,0
405,2014-2015,0,0,69,0
405,2015-2016,0,0,72,0
405,2016-2017,0,0,75,0
405,2017-2018,0,0,66,0
405,2018-2019,0,0,64,0
405,2019-2020,0,0,64,0
405,2020-2021,0,0,57,0
405,2021-2022,0,0,48,0
405,2022-2023,0,0,58,0
405,2023-2024,0.81304347826087,1.47826086956522,62,1
405,2024-2025,1.05111111111111,1.91111111111111,58,1
405,2025-2026,1.03888888888889,1.88888888888889,66,1
406,2011-2012,0,0,103,0
406,2012-2013,0,0,101,0
406,2013-2014,0,0,93,0
406,2014-2015,0,0,105,0
406,2015-2016,0,0,87,0
406,2016-2017,0,0,82,0
406,2017-2018,0,0,88,0
406,2018-2019,0,0,81,0
406,2019-2020,0,0,81,0
406,2020-2021,0,0,74,0
406,2021-2022,0,0,75.5,0
406,2022-2023,0,0,77,0
406,2023-2024,0.741666666666667,1.34848484848485,76,1
406,2024-2025,0.972727272727273,1.76859504132231,63,1
406,2025-2026,1.00434782608696,1.82608695652174,80,1
408,2011-2012,0,0,48,0
408,2012-2013,0,0,48,0
408,2013-2014,0,0,45,0
408,2014-2015,0,0,50,0
408,2015-2016,0,0,47,0
408,2016-2017,0,0,47,0
408,2017-2018,0,0,47,0
408,2018-2019,0,0,38,0
408,2019-2020,0,0,38,0
408,2020-2021,0,0,41,0
408,2021-2022,0,0,44,0
408,2022-2023,0,0,47,0
408,2023-2024,0.956521739130435,1.73913043478261,42,1
408,2024-2025,1.02280701754386,1.85964912280702,38,1
408,2025-2026,1.03230769230769,1.87692307692308,34,1
409,2011-2012,0,0,55,0
409,2012-2013,0,0,65,0
409,2013-2014,0,0,58,0
409,2014-2015,0,0,58,0
409,2015-2016,0,0,53,0
409,2016-2017,0,0,53,0
409,2017-2018,0,0,55,0
409,2018-2019,0,0,41,0
409,2019-2020,0,0,38,0
409,2020-2021,0,0,43,0
409,2021-2022,0,0,38,0
409,2022-2023,0,0,31,0
409,2023-2024,,,31,1
409,2024-2025,1.06071428571429,1.92857142857143,31,1
409,2025-2026,1.07884615384615,1.96153846153846,27,1
41,2011-2012,0,0,100,0
41,2012-2013,0,0,105,0
41,2013-2014,0,0,99,0
41,2014-2015,0,0,96,0
41,2015-2016,0,0,101,0
41,2016-2017,0,0,92,0
41,2017-2018,0,0,75,0
41,2018-2019,0,0,75,0
41,2019-2020,0,0,81,0
41,2020-2021,0,0,81,0
41,2021-2022,0,0,78,0
41,2022-2023,0,0,78,0
41,2023-2024,0.912765957446809,1.65957446808511,86,1
41,2024-2025,0.96775956284153,1.75956284153005,91,1
41,2025-2026,1.01637426900585,1.84795321637427,103,1
42,2011-2012,0,0,88,0
42,2012-2013,0,0,93,0
42,2013-2014,0,0,92,0
42,2014-2015,0,0,90,0
42,2015-2016,0,0,87,0
42,2016-2017,0,0,84,0
42,2017-2018,0,0,77,0
42,2018-2019,0,0,77,0
42,2019-2020,0,0,87,0
42,2020-2021,0,0,54.5,0
42,2021-2022,0,0,64,0
42,2022-2023,0,0,92,0
42,2023-2024,0.857142857142857,1.55844155844156,84,1
42,2024-2025,1.00687830687831,1.83068783068783,119,1
42,2025-2026,0.96858407079646,1.76106194690266,122,1
43,2011-2012,0,0,134,0
43,2012-2013,0,0,134,0
43,2013-2014,0,0,118,0
43,2014-2015,0,0,125,0
43,2015-2016,0,0,114,0
43,2016-2017,0,0,118,0
43,2017-2018,0,0,113,0
43,2018-2019,0,0,113,0
43,2019-2020,0,0,120,0
43,2020-2021,0,0,103,0
43,2021-2022,0,0,116,0
43,2022-2023,0,0,117,0
43,2023-2024,0.905882352941176,1.64705882352941,124,1
43,2024-2025,1.01472868217054,1.84496124031008,129,1
43,2025-2026,0.974285714285714,1.77142857142857,161,1
44,2011-2012,0,0,116,0
44,2012-2013,0,0,113,0
44,2013-2014,0,0,125,0
44,2014-2015,0,0,117,0
44,2015-2016,0,0,117,0
44,2016-2017,0,0,94,0
44,2017-2018,0,0,103,0
44,2018-2019,0,0,88,0
44,2019-2020,0,0,72.5,0
44,2020-2021,0,0,65,0
44,2021-2022,0,0,65,0
44,2022-2023,0,0,72,0
44,2023-2024,0.881818181818182,1.60330578512397,83,1
44,2024-2025,0.95,1.72727272727273,92,1
44,2025-2026,0.960115606936416,1.74566473988439,93,1
45,2011-2012,0,0,100,0
45,2012-2013,0,0,93,0
45,2013-2014,0,0,93,0
45,2014-2015,0,0,89,0
45,2015-2016,0,0,87,0
45,2016-2017,0,0,67,0
45,2017-2018,0,0,72,0
45,2018-2019,0,0,73,0
45,2019-2020,0,0,73,0
45,2020-2021,0,0,50,0
45,2021-2022,0,0,50,0
45,2022-2023,0,0,47,0
45,2023-2024,0.891578947368421,1.62105263157895,47,1
45,2024-2025,0.941237113402062,1.71134020618557,54,1
45,2025-2026,0.9625,1.75,57,1
46,2011-2012,0,0,129,0
46,2012-2013,0,0,121,0
46,2013-2014,0,0,119,0
46,2014-2015,0,0,123,0
46,2015-2016,0,0,113,0
46,2016-2017,0,0,112,0
46,2017-2018,0,0,101.5,0
46,2018-2019,0,0,94,0
46,2019-2020,0,0,94,0
46,2020-2021,0,0,85,0
46,2021-2022,0,0,85,0
46,2022-2023,0,0,90,0
46,2023-2024,0.946113989637306,1.72020725388601,90,1
46,2024-2025,1.00833333333333,1.83333333333333,104,1
46,2025-2026,1.02633928571429,1.86607142857143,126,1
47,2011-2012,0,0,98,0
47,2012-2013,0,0,99,0
47,2013-2014,0,0,96,0
47,2014-2015,0,0,85,0
47,2015-2016,0,0,85,0
47,2016-2017,0,0,91,0
47,2017-2018,0,0,92,0
47,2018-2019,0,0,93,0
47,2019-2020,0,0,88,0
47,2020-2021,0,0,87,0
47,2021-2022,0,0,87,0
47,2022-2023,0,0,80,0
47,2023-2024,0.924305555555556,1.68055555555556,82,1
47,2024-2025,1.02185792349727,1.85792349726776,94,1
47,2025-2026,1.04148936170213,1.8936170212766,94,1
48,2011-2012,0,0,78,0
48,2012-2013,0,0,87,0
48,2013-2014,0,0,92,0
48,2014-2015,0,0,81,0
48,2015-2016,0,0,80,0
48,2016-2017,0,0,77,0
48,2017-2018,0,0,76,0
48,2018-2019,0,0,81,0
48,2019-2020,0,0,81,0
48,2020-2021,0,0,75,0
48,2021-2022,0,0,76,0
48,2022-2023,0,0,72.5,0
48,2023-2024,0.905063291139241,1.64556962025316,69,1
48,2024-2025,0.945731707317073,1.71951219512195,64,1
48,2025-2026,1.02193548387097,1.85806451612903,81,1
49,2011-2012,0,0,65,0
49,2012-2013,0,0,62,0
49,2013-2014,0,0,63,0
49,2014-2015,0,0,68,0
49,2015-2016,0,0,65,0
49,2016-2017,0,0,65,0
49,2017-2018,0,0,72,0
49,2018-2019,0,0,70,0
49,2019-2020,0,0,79,0
49,2020-2021,0,0,61,0
49,2021-2022,0,0,58,0
49,2022-2023,0,0,58,0
49,2023-2024,0.95607476635514,1.73831775700935,58,1
49,2024-2025,0.993548387096774,1.80645161290323,62.5,1
49,2025-2026,1.02016129032258,1.85483870967742,73,1
5,2011-2012,0,0,57,0
5,2012-2013,0,0,59,0
5,2013-2014,0,0,56,0
5,2014-2015,0,0,65,0
5,2015-2016,0,0,43,0
5,2016-2017,0,0,42,0
5,2017-2018,0,0,41,0
5,2018-2019,0,0,38,0
5,2019-2020,0,0,38,0
5,2020-2021,0,0,39,0
5,2021-2022,0,0,42,0
5,2022-2023,0,0,51,0
5,2023-2024,0.942857142857143,1.71428571428571,44,1
5,2024-2025,1.0375,1.88636363636364,46,1
5,2025-2026,0.993548387096774,1.80645161290323,46,1
50,2011-2012,0,0,85.5,0
50,2012-2013,0,0,84,0
50,2013-2014,0,0,77,0
50,2014-2015,0,0,85,0
50,2015-2016,0,0,85,0
50,2016-2017,0,0,73,0
50,2017-2018,0,0,70,0
50,2018-2019,0,0,74,0
50,2019-2020,0,0,58,0
50,2020-2021,0,0,64,0
50,2021-2022,0,0,67,0
50,2022-2023,0,0,74,0
50,2023-2024,0.925396825396825,1.68253968253968,65,1
50,2024-2025,1.02204724409449,1.85826771653543,71,1
50,2025-2026,0.994782608695652,1.80869565217391,61,1
51,2011-2012,0,0,80,0
51,2012-2013,0,0,80,0
51,2013-2014,0,0,82,0
51,2014-2015,0,0,68,0
51,2015-2016,0,0,65,0
51,2016-2017,0,0,70,0
51,2017-2018,0,0,73,0
51,2018-2019,0,0,80,0
51,2019-2020,0,0,69,0
51,2020-2021,0,0,60,0
51,2021-2022,0,0,72,0
51,2022-2023,0,0,63,0
51,2023-2024,0.93206106870229,1.69465648854962,63,1
51,2024-2025,1.00294117647059,1.82352941176471,70,1
51,2025-2026,1.01818181818182,1.85123966942149,70,1
52,2011-2012,0,0,53,0
52,2012-2013,0,0,67,0
52,2013-2014,0,0,61,0
52,2014-2015,0,0,60,0
52,2015-2016,0,0,59,0
52,2016-2017,0,0,62,0
52,2017-2018,0,0,60,0
52,2018-2019,0,0,56,0
52,2019-2020,0,0,56,0
52,2020-2021,0,0,62,0
52,2021-2022,0,0,62,0
52,2022-2023,0,0,53,0
52,2023-2024,0.48494623655914,0.881720430107527,50,1
52,2024-2025,0.990909090909091,1.80165289256198,52,1
52,2025-2026,1.01680672268908,1.84873949579832,63,1
53,2011-2012,0,0,71,0
53,2012-2013,0,0,75,0
53,2013-2014,0,0,75,0
53,2014-2015,0,0,70,0
53,2015-2016,0,0,64.5,0
53,2016-2017,0,0,61,0
53,2017-2018,0,0,67,0
53,2018-2019,0,0,69,0
53,2019-2020,0,0,56,0
53,2020-2021,0,0,59,0
53,2021-2022,0,0,59,0
53,2022-2023,0,0,62,0
53,2023-2024,0.935374149659864,1.70068027210884,71,1
53,2024-2025,1.02605042016807,1.8655462184874,70,1
53,2025-2026,1.06507936507937,1.93650793650794,64,1
54,2011-2012,0,0,118,0
54,2012-2013,0,0,112,0
54,2013-2014,0,0,111,0
54,2014-2015,0,0,103,0
54,2015-2016,0,0,102,0
54,2016-2017,0,0,102,0
54,2017-2018,0,0,107,0
54,2018-2019,0,0,82,0
54,2019-2020,0,0,81,0
54,2020-2021,0,0,78,0
54,2021-2022,0,0,79,0
54,2022-2023,0,0,83,0
54,2023-2024,0.969375,1.7625,84,1
54,2024-2025,1.05,1.90909090909091,91,1
54,2025-2026,0.987179487179487,1.7948717948718,84,1
55,2011-2012,0,0,112,0
55,2012-2013,0,0,111,0
55,2013-2014,0,0,110,0
55,2014-2015,0,0,100,0
55,2015-2016,0,0,100,0
55,2016-2017,0,0,106,0
55,2017-2018,0,0,96,0
55,2018-2019,0,0,96.5,0
55,2019-2020,0,0,100,0
55,2020-2021,0,0,100,0
55,2021-2022,0,0,100,0
55,2022-2023,0,0,104,0
55,2023-2024,0.912765957446809,1.65957446808511,102,1
55,2024-2025,1.02413793103448,1.86206896551724,91.5,1
55,2025-2026,1.02020725388601,1.85492227979275,94,1
56,2011-2012,0,0,73.5,0
56,2012-2013,0,0,82.5,0
56,2013-2014,0,0,71,0
56,2014-2015,0,0,71,0
56,2015-2016,0,0,71,0
56,2016-2017,0,0,65,0
56,2017-2018,0,0,61,0
56,2018-2019,0,0,68,0
56,2019-2020,0,0,68,0
56,2020-2021,0,0,59,0
56,2021-2022,0,0,59,0
56,2022-2023,0,0,64,0
56,2023-2024,0.981538461538462,1.78461538461538,67,1
56,2024-2025,0.986507936507937,1.79365079365079,63,1
56,2025-2026,1.00833333333333,1.83333333333333,63,1
59,2011-2012,0,0,78,0
59,2012-2013,0,0,86,0
59,2013-2014,0,0,79,0
59,2014-2015,0,0,76,0
59,2015-2016,0,0,84,0
59,2016-2017,0,0,78,0
59,2017-2018,0,0,78.5,0
59,2018-2019,0,0,85,0
59,2019-2020,0,0,86,0
59,2020-2021,0,0,68,0
59,2021-2022,0,0,72,0
59,2022-2023,0,0,79,0
59,2023-2024,0.947019867549669,1.72185430463576,98,1
59,2024-2025,1.04730538922156,1.90419161676647,97,1
59,2025-2026,1.05064102564103,1.91025641025641,97,1
62,2011-2012,0,0,122,0
62,2012-2013,0,0,108,0
62,2013-2014,0,0,94,0
62,2014-2015,0,0,81,0
62,2015-2016,0,0,88,0
62,2016-2017,0,0,86,0
62,2017-2018,0,0,86,0
62,2018-2019,0,0,64,0
62,2019-2020,0,0,64,0
62,2020-2021,0,0,61,0
62,2021-2022,0,0,58,0
62,2022-2023,0,0,66,0
62,2023-2024,0.901639344262295,1.63934426229508,71.5,1
62,2024-2025,1.0377358490566,1.88679245283019,77,1
62,2025-2026,1.04453781512605,1.89915966386555,72,1
63,2011-2012,0,0,95,0
63,2012-2013,0,0,75,0
63,2013-2014,0,0,72,0
63,2014-2015,0,0,66,0
63,2015-2016,0,0,66,0
63,2016-2017,0,0,62,0
63,2017-2018,0,0,62,0
63,2018-2019,0,0,74,0
63,2019-2020,0,0,74,0
63,2020-2021,0,0,78,0
63,2021-2022,0,0,69,0
63,2022-2023,0,0,61,0
63,2023-2024,0.908053691275168,1.6510067114094,71,1
63,2024-2025,1.02347826086957,1.86086956521739,84,1
63,2025-2026,1.0484375,1.90625,71,1
64,2011-2012,0,0,80,0
64,2012-2013,0,0,87,0
64,2013-2014,0,0,84,0
64,2014-2015,0,0,81,0
64,2015-2016,0,0,81,0
64,2016-2017,0,0,88,0
64,2017-2018,0,0,73,0
64,2018-2019,0,0,72,0
64,2019-2020,0,0,72,0
64,2020-2021,0,0,78.5,0
64,2021-2022,0,0,69,0
64,2022-2023,0,0,65,0
64,2023-2024,0.930769230769231,1.69230769230769,59,1
64,2024-2025,1.03333333333333,1.87878787878788,68,1
64,2025-2026,1.012,1.84,68,1
65,2011-2012,0,0,121,0
65,2012-2013,0,0,132,0
65,2013-2014,0,0,132,0
65,2014-2015,0,0,134,0
65,2015-2016,0,0,126,0
65,2016-2017,0,0,126,0
65,2017-2018,0,0,128,0
65,2018-2019,0,0,105,0
65,2019-2020,0,0,105,0
65,2020-2021,0,0,119,0
65,2021-2022,0,0,101,0
65,2022-2023,0,0,101,0
65,2023-2024,0.871497584541063,1.58454106280193,105,1
65,2024-2025,0.986036036036036,1.79279279279279,117,1
65,2025-2026,1.0319587628866,1.87628865979381,109,1
67,2011-2012,0,0,116,0
67,2012-2013,0,0,126,0
67,2013-2014,0,0,126,0
67,2014-2015,0,0,123.5,0
67,2015-2016,0,0,121,0
67,2016-2017,0,0,127,0
67,2017-2018,0,0,121,0
67,2018-2019,0,0,94,0
67,2019-2020,0,0,94,0
67,2020-2021,0,0,110,0
67,2021-2022,0,0,109,0
67,2022-2023,0,0,100,0
67,2023-2024,0.914851485148515,1.66336633663366,107,1
67,2024-2025,1.01382488479263,1.84331797235023,104,1
67,2025-2026,1.0337962962963,1.87962962962963,114,1
69,2011-2012,0,0,82,0
69,2012-2013,0,0,82,0
69,2013-2014,0,0,68,0
69,2014-2015,0,0,65,0
69,2015-2016,0,0,65,0
69,2016-2017,0,0,65,0
69,2017-2018,0,0,63,0
69,2018-2019,0,0,57,0
69,2019-2020,0,0,63,0
69,2020-2021,0,0,61,0
69,2021-2022,0,0,55,0
69,2022-2023,0,0,55,0
69,2023-2024,0.960169491525424,1.74576271186441,71,1
69,2024-2025,1.05111111111111,1.91111111111111,62,1
69,2025-2026,1.03820224719101,1.8876404494382,56,1
7,2011-2012,0,0,32,0
7,2012-2013,0,0,39.5,0
7,2013-2014,0,0,35,0
7,2014-2015,0,0,44,0
7,2015-2016,0,0,42,0
7,2016-2017,0,0,37,0
7,2017-2018,0,0,32,0
7,2018-2019,0,0,37,0
7,2019-2020,0,0,30,0
7,2020-2021,0,0,18,0
7,2021-2022,0,0,25,0
7,2022-2023,0,0,25,0
7,2023-2024,0.785714285714286,1.42857142857143,27,1
7,2024-2025,0.949019607843137,1.72549019607843,26,1
7,2025-2026,1.03529411764706,1.88235294117647,24,1
70,2011-2012,0,0,63,0
70,2012-2013,0,0,60,0
70,2013-2014,0,0,56,0
70,2014-2015,0,0,58.5,0
70,2015-2016,0,0,57,0
70,2016-2017,0,0,54,0
70,2017-2018,0,0,54,0
70,2018-2019,0,0,56,0
70,2019-2020,0,0,56,0
70,2020-2021,0,0,59,0
70,2021-2022,0,0,64,0
70,2022-2023,0,0,53,0
70,2023-2024,0.992156862745098,1.80392156862745,52,1
70,2024-2025,0.966666666666667,1.75757575757576,58,1
70,2025-2026,1.056,1.92,56,1
71,2011-2012,0,0,160,0
71,2012-2013,0,0,152,0
71,2013-2014,0,0,152,0
71,2014-2015,0,0,151,0
71,2015-2016,0,0,151,0
71,2016-2017,0,0,136,0
71,2017-2018,0,0,120,0
71,2018-2019,0,0,120,0
71,2019-2020,0,0,115,0
71,2020-2021,0,0,119,0
71,2021-2022,0,0,110,0
71,2022-2023,0,0,104,0
71,2023-2024,0.913661202185792,1.66120218579235,104,1
71,2024-2025,0.979781420765027,1.78142076502732,104,1
71,2025-2026,1.01720430107527,1.8494623655914,113,1
72,2011-2012,0,0,131,0
72,2012-2013,0,0,143,0
72,2013-2014,0,0,125,0
72,2014-2015,0,0,120,0
72,2015-2016,0,0,119,0
72,2016-2017,0,0,116,0
72,2017-2018,0,0,114,0
72,2018-2019,0,0,104,0
72,2019-2020,0,0,104,0
72,2020-2021,0,0,90,0
72,2021-2022,0,0,88,0
72,2022-2023,0,0,84,0
72,2023-2024,0.782587064676617,1.4228855721393,83,1
72,2024-2025,0.941988950276243,1.71270718232044,101.5,1
72,2025-2026,1.00833333333333,1.83333333333333,96,1
73,2011-2012,0,0,119,0
73,2012-2013,0,0,111,0
73,2013-2014,0,0,121,0
73,2014-2015,0,0,118,0
73,2015-2016,0,0,103,0
73,2016-2017,0,0,103,0
73,2017-2018,0,0,116,0
73,2018-2019,0,0,101,0
73,2019-2020,0,0,101,0
73,2020-2021,0,0,81,0
73,2021-2022,0,0,77,0
73,2022-2023,0,0,77,0
73,2023-2024,0.894308943089431,1.6260162601626,79,1
73,2024-2025,1.02948717948718,1.87179487179487,83,1
73,2025-2026,1.01081081081081,1.83783783783784,87,1
74,2011-2012,0,0,132,0
74,2012-2013,0,0,119,0
74,2013-2014,0,0,106,0
74,2014-2015,0,0,125,0
74,2015-2016,0,0,105,0
74,2016-2017,0,0,86,0
74,2017-2018,0,0,96,0
74,2018-2019,0,0,128,0
74,2019-2020,0,0,128,0
74,2020-2021,0,0,99,0
74,2021-2022,0,0,99,0
74,2022-2023,0,0,107,0
74,2023-2024,0.89020618556701,1.61855670103093,122,1
74,2024-2025,1.03423913043478,1.8804347826087,106,1
74,2025-2026,1.03423913043478,1.8804347826087,113,1
75,2011-2012,0,0,42,0
75,2012-2013,0,0,42,0
75,2013-2014,0,0,53,0
75,2014-2015,0,0,55,0
75,2015-2016,0,0,45,0
75,2016-2017,0,0,45,0
75,2017-2018,0,0,54,0
75,2018-2019,0,0,54,0
75,2019-2020,0,0,48,0
75,2020-2021,0,0,33,0
75,2021-2022,0,0,36,0
75,2022-2023,0,0,41,0
75,2023-2024,0.961261261261261,1.74774774774775,43,1
75,2024-2025,0.95607476635514,1.73831775700935,65,1
75,2025-2026,1.02450980392157,1.86274509803922,50,1
76,2011-2012,0,0,75,0
76,2012-2013,0,0,73,0
76,2013-2014,0,0,74,0
76,2014-2015,0,0,74,0
76,2015-2016,0,0,76,0
76,2016-2017,0,0,77,0
76,2017-2018,0,0,72,0
76,2018-2019,0,0,71,0
76,2019-2020,0,0,71,0
76,2020-2021,0,0,61,0
76,2021-2022,0,0,55,0
76,2022-2023,0,0,63,0
76,2023-2024,0.887333333333333,1.61333333333333,63,1
76,2024-2025,0.975,1.77272727272727,69,1
76,2025-2026,0.980891719745223,1.78343949044586,66,1
77,2011-2012,0,0,81,0
77,2012-2013,0,0,89,0
77,2013-2014,0,0,78,0
77,2014-2015,0,0,72,0
77,2015-2016,0,0,74,0
77,2016-2017,0,0,73,0
77,2017-2018,0,0,73,0
77,2018-2019,0,0,70,0
77,2019-2020,0,0,68,0
77,2020-2021,0,0,54,0
77,2021-2022,0,0,54,0
77,2022-2023,0,0,63,0
77,2023-2024,0.830769230769231,1.51048951048951,63,1
77,2024-2025,1.04961832061069,1.90839694656489,70,1
77,2025-2026,1.01081081081081,1.83783783783784,61,1
78,2011-2012,0,0,62,0
78,2012-2013,0,0,65,0
78,2013-2014,0,0,74,0
78,2014-2015,0,0,71,0
78,2015-2016,0,0,72,0
78,2016-2017,0,0,54,0
78,2017-2018,0,0,78,0
78,2018-2019,0,0,51,0
78,2019-2020,0,0,51,0
78,2020-2021,0,0,48,0
78,2021-2022,0,0,48,0
78,2022-2023,0,0,48,0
78,2023-2024,0.894308943089431,1.6260162601626,55,1
78,2024-2025,1.06206896551724,1.93103448275862,57,1
78,2025-2026,1.01020408163265,1.83673469387755,57,1
79,2011-2012,0,0,53,0
79,2012-2013,0,0,53,0
79,2013-2014,0,0,44.5,0
79,2014-2015,0,0,41,0
79,2015-2016,0,0,41,0
79,2016-2017,0,0,47,0
79,2017-2018,0,0,47,0
79,2018-2019,0,0,47,0
79,2019-2020,0,0,46,0
79,2020-2021,0,0,45,0
79,2021-2022,0,0,42,0
79,2022-2023,0,0,42,0
79,2023-2024,0.808433734939759,1.46987951807229,43,1
79,2024-2025,0.975257731958763,1.77319587628866,47,1
79,2025-2026,1.03529411764706,1.88235294117647,47,1
8,2011-2012,0,0,61,0
8,2012-2013,0,0,51,0
8,2013-2014,0,0,58,0
8,2014-2015,0,0,54,0
8,2015-2016,0,0,49,0
8,2016-2017,0,0,49,0
8,2017-2018,0,0,49,0
8,2018-2019,0,0,42,0
8,2019-2020,0,0,38,0
8,2020-2021,0,0,40,0
8,2021-2022,0,0,53,0
8,2022-2023,0,0,53,0
8,2023-2024,0.821978021978022,1.49450549450549,51,1
8,2024-2025,0.944705882352941,1.71764705882353,51,1
8,2025-2026,1.03956043956044,1.89010989010989,44,1
80,2011-2012,0,0,23,0
80,2012-2013,0,0,24,0
80,2013-2014,0,0,21,0
80,2014-2015,0,0,22.5,0
80,2015-2016,0,0,20,0
80,2016-2017,0,0,17,0
80,2017-2018,0,0,18,0
80,2018-2019,0,0,15,0
80,2019-2020,0,0,16.5,0
80,2020-2021,0,0,21,0
80,2021-2022,0,0,16.5,0
80,2022-2023,0,0,13,0
80,2023-2024,0.948275862068965,1.72413793103448,13.5,1
80,2024-2025,1.1,2,14,1
80,2025-2026,1.03529411764706,1.88235294117647,18.5,1
81,2011-2012,0,0,38,0
81,2012-2013,0,0,31,0
81,2013-2014,0,0,31,0
81,2014-2015,0,0,32,0
81,2015-2016,0,0,35,0
81,2016-2017,0,0,38,0
81,2017-2018,0,0,28,0
81,2018-2019,0,0,28,0
81,2019-2020,0,0,27,0
81,2020-2021,0,0,27.5,0
81,2021-2022,0,0,28,0
81,2022-2023,0,0,22,0
81,2023-2024,1.02978723404255,1.87234042553192,26,1
81,2024-2025,1.02413793103448,1.86206896551724,29,1
81,2025-2026,0.975471698113208,1.77358490566038,35,1
82,2011-2012,0,0,99,0
82,2012-2013,0,0,91,0
82,2013-2014,0,0,87,0
82,2014-2015,0,0,78,0
82,2015-2016,0,0,78,0
82,2016-2017,0,0,82,0
82,2017-2018,0,0,67,0
82,2018-2019,0,0,69,0
82,2019-2020,0,0,80,0
82,2020-2021,0,0,74,0
82,2021-2022,0,0,61,0
82,2022-2023,0,0,56,0
82,2023-2024,0.844642857142857,1.53571428571429,77,1
82,2024-2025,1.03125,1.875,84,1
82,2025-2026,1.02903225806452,1.87096774193548,84,1
83,2011-2012,0,0,20,0
83,2012-2013,0,0,22,0
83,2013-2014,0,0,27,0
83,2014-2015,0,0,34,0
83,2015-2016,0,0,33,0
83,2016-2017,0,0,25.5,0
83,2017-2018,0,0,26,0
83,2018-2019,0,0,29,0
83,2019-2020,0,0,28,0
83,2020-2021,0,0,18,0
83,2021-2022,0,0,23,0
83,2022-2023,0,0,22,0
83,2023-2024,0.955263157894737,1.73684210526316,23,1
83,2024-2025,0.958064516129032,1.74193548387097,21,1
83,2025-2026,0.825,1.5,21,1
84,2011-2012,0,0,103,0
84,2012-2013,0,0,103,0
84,2013-2014,0,0,103,0
84,2014-2015,0,0,92,0
84,2015-2016,0,0,92,0
84,2016-2017,0,0,96,0
84,2017-2018,0,0,78,0
84,2018-2019,0,0,75.5,0
84,2019-2020,0,0,75,0
84,2020-2021,0,0,76.5,0
84,2021-2022,0,0,60,0
84,2022-2023,0,0,60,0
84,2023-2024,1.02212389380531,1.85840707964602,69,1
84,2024-2025,0.994230769230769,1.80769230769231,61,1
84,2025-2026,1.04,1.89090909090909,58,1
85,2011-2012,0,0,165,0
85,2012-2013,0,0,163,0
85,2013-2014,0,0,137,0
85,2014-2015,0,0,139,0
85,2015-2016,0,0,139,0
85,2016-2017,0,0,134,0
85,2017-2018,0,0,133,0
85,2018-2019,0,0,126,0
85,2019-2020,0,0,126,0
85,2020-2021,0,0,122,0
85,2021-2022,0,0,119,0
85,2022-2023,0,0,119,0
85,2023-2024,0.987962962962963,1.7962962962963,124,1
85,2024-2025,1.02,1.85454545454545,145,1
85,2025-2026,1.0594470046083,1.92626728110599,132,1
86,2011-2012,0,0,81,0
86,2012-2013,0,0,77,0
86,2013-2014,0,0,60,0
86,2014-2015,0,0,60,0
86,2015-2016,0,0,61,0
86,2016-2017,0,0,51,0
86,2017-2018,0,0,60,0
86,2018-2019,0,0,59,0
86,2019-2020,0,0,63.5,0
86,2020-2021,0,0,62,0
86,2021-2022,0,0,42,0
86,2022-2023,0,0,56,0
86,2023-2024,0.963917525773196,1.75257731958763,62,1
86,2024-2025,1.07441860465116,1.95348837209302,56,1
86,2025-2026,1.06024096385542,1.92771084337349,56,1
87,2011-2012,0,0,35,0
87,2012-2013,0,0,32,0
87,2013-2014,0,0,32,0
87,2014-2015,0,0,36,0
87,2015-2016,0,0,38,0
87,2016-2017,0,0,34,0
87,2017-2018,0,0,32,0
87,2018-2019,0,0,32,0
87,2019-2020,0,0,36,0
87,2020-2021,0,0,35,0
87,2021-2022,0,0,34,0
87,2022-2023,0,0,28,0
87,2023-2024,0.9625,1.75,26.5,1
87,2024-2025,1.034,1.88,29,1
87,2025-2026,1.08070175438597,1.96491228070175,34,1
88,2011-2012,0,0,35,0
88,2012-2013,0,0,36.5,0
88,2013-2014,0,0,36,0
88,2014-2015,0,0,33.5,0
88,2015-2016,0,0,33,0
88,2016-2017,0,0,26,0
88,2017-2018,0,0,24,0
88,2018-2019,0,0,27,0
88,2019-2020,0,0,31,0
88,2020-2021,0,0,25,0
88,2021-2022,0,0,25,0
88,2022-2023,0,0,29,0
88,2023-2024,0.942857142857143,1.71428571428571,33,1
88,2024-2025,0.99622641509434,1.81132075471698,33,1
88,2025-2026,1.02542372881356,1.86440677966102,29.5,1
89,2011-2012,0,0,108,0
89,2012-2013,0,0,119,0
89,2013-2014,0,0,113,0
89,2014-2015,0,0,101,0
89,2015-2016,0,0,91,0
89,2016-2017,0,0,91,0
89,2017-2018,0,0,109,0
89,2018-2019,0,0,106,0
89,2019-2020,0,0,91,0
89,2020-2021,0,0,68,0
89,2021-2022,0,0,68,0
89,2022-2023,0,0,81,0
89,2023-2024,0.864285714285714,1.57142857142857,92,1
89,2024-2025,1.01538461538462,1.84615384615385,72,1
89,2025-2026,1.02666666666667,1.86666666666667,75,1
9,2011-2012,0,0,120,0
9,2012-2013,0,0,104,0
9,2013-2014,0,0,92,0
9,2014-2015,0,0,92,0
9,2015-2016,0,0,91,0
9,2016-2017,0,0,90,0
9,2017-2018,0,0,96,0
9,2018-2019,0,0,97,0
9,2019-2020,0,0,94,0
9,2020-2021,0,0,81,0
9,2021-2022,0,0,75,0
9,2022-2023,0,0,75,0
9,2023-2024,0.924305555555556,1.68055555555556,78,1
9,2024-2025,1.00970149253731,1.83582089552239,81,1
9,2025-2026,1.05175438596491,1.91228070175439,68,1
90,2011-2012,0,0,85.5,0
90,2012-2013,0,0,67,0
90,2013-2014,0,0,77.5,0
90,2014-2015,0,0,77,0
90,2015-2016,0,0,59,0
90,2016-2017,0,0,60.5,0
90,2017-2018,0,0,73.5,0
90,2018-2019,0,0,74,0
90,2019-2020,0,0,71.5,0
90,2020-2021,0,0,68,0
90,2021-2022,0,0,64,0
90,2022-2023,0,0,60,0
90,2023-2024,0.864285714285714,1.57142857142857,60,1
90,2024-2025,1.023,1.86,62,1
90,2025-2026,1.01808510638298,1.85106382978723,61.5,1
91,2011-2012,0,0,186,0
91,2012-2013,0,0,188,0
91,2013-2014,0,0,155,0
91,2014-2015,0,0,167,0
91,2015-2016,0,0,167,0
91,2016-2017,0,0,177,0
91,2017-2018,0,0,175,0
91,2018-2019,0,0,155,0
91,2019-2020,0,0,132,0
91,2020-2021,0,0,128,0
91,2021-2022,0,0,124,0
91,2022-2023,0,0,124,0
91,2023-2024,0.88,1.6,131,1
91,2024-2025,1.03623188405797,1.88405797101449,133,1
91,2025-2026,0.953333333333333,1.73333333333333,108,1
92,2011-2012,0,0,13,0
92,2012-2013,0,0,15.5,0
92,2013-2014,0,0,12,0
92,2014-2015,0,0,21,0
92,2015-2016,0,0,18,0
92,2016-2017,0,0,14,0
92,2017-2018,0,0,13,0
92,2018-2019,0,0,13,0
92,2019-2020,0,0,15.5,0
92,2020-2021,0,0,15,0
92,2021-2022,0,0,13,0
92,2022-2023,0,0,15,0
92,2023-2024,0.825,1.5,14,1
92,2024-2025,0.88,1.6,10.5,1
92,2025-2026,1.00833333333333,1.83333333333333,10,1
93,2011-2012,0,0,124,0
93,2012-2013,0,0,116,0
93,2013-2014,0,0,116,0
93,2014-2015,0,0,99,0
93,2015-2016,0,0,85,0
93,2016-2017,0,0,85,0
93,2017-2018,0,0,81,0
93,2018-2019,0,0,81,0
93,2019-2020,0,0,81,0
93,2020-2021,0,0,71,0
93,2021-2022,0,0,58,0
93,2022-2023,0,0,69,0
93,2023-2024,0.86,1.56363636363636,72,1
93,2024-2025,0.986915887850467,1.79439252336449,72,1
93,2025-2026,0.964754098360656,1.75409836065574,72,1
95,2011-2012,0,0,110,0
95,2012-2013,0,0,133.5,0
95,2013-2014,0,0,111,0
95,2014-2015,0,0,104,0
95,2015-2016,0,0,100,0
95,2016-2017,0,0,104,0
95,2017-2018,0,0,96,0
95,2018-2019,0,0,96,0
95,2019-2020,0,0,100,0
95,2020-2021,0,0,76,0
95,2021-2022,0,0,76,0
95,2022-2023,0,0,85,0
95,2023-2024,0.91219512195122,1.65853658536585,77,1
95,2024-2025,1.00833333333333,1.83333333333333,77,1
95,2025-2026,1.01768707482993,1.85034013605442,68,1
96,2011-2012,0,0,23,0
96,2012-2013,0,0,24,0
96,2013-2014,0,0,22,0
96,2014-2015,0,0,22.5,0
96,2015-2016,0,0,22,0
96,2016-2017,0,0,20.5,0
96,2017-2018,0,0,21,0
96,2018-2019,0,0,12,0
96,2019-2020,0,0,21,0
96,2020-2021,0,0,15,0
96,2021-2022,0,0,8,0
96,2022-2023,0,0,10,0
96,2023-2024,0.89375,1.625,14,1
96,2024-2025,1.05217391304348,1.91304347826087,10.5,1
96,2025-2026,1.1,2,12,1
97,2011-2012,0,0,115,0
97,2012-2013,0,0,135,0
97,2013-2014,0,0,137,0
97,2014-2015,0,0,130,0
97,2015-2016,0,0,118,0
97,2016-2017,0,0,118,0
97,2017-2018,0,0,112,0
97,2018-2019,0,0,110,0
97,2019-2020,0,0,107,0
97,2020-2021,0,0,97.5,0
97,2021-2022,0,0,92,0
97,2022-2023,0,0,93,0
97,2023-2024,0.945070422535211,1.71830985915493,81,1
97,2024-2025,0.992481203007519,1.80451127819549,86,1
97,2025-2026,0.983333333333333,1.78787878787879,90,1
98,2011-2012,0,0,83.5,0
98,2012-2013,0,0,93,0
98,2013-2014,0,0,58,0
98,2014-2015,0,0,58,0
98,2015-2016,0,0,62,0
98,2016-2017,0,0,69,0
98,2017-2018,0,0,71,0
98,2018-2019,0,0,62,0
98,2019-2020,0,0,63,0
98,2020-2021,0,0,55,0
98,2021-2022,0,0,59,0
98,2022-2023,0,0,59,0
98,2023-2024,0.985849056603774,1.79245283018868,54,1
98,2024-2025,1.00927835051546,1.83505154639175,60,1
98,2025-2026,1.02666666666667,1.86666666666667,61,1
