rep,scenario,method,component,interval_type,true,estimate,lower,upper,se,rhat,ess_bulk,divergences,max_treedepth_hits,shift_rmse,speed_rmse,phi_estimate,beta_time_estimate,modulation_amplitude,sigma_series_estimate,schedule,error
1,aligned,BEACON-Stan,bayesian_validation,credible,-0.597837000755621,-0.453763525779163,-0.75647996425,-0.0980322859250001,0.169123646906317,1.00301599567805,545.606512254866,0,0,0.0405333887348563,0.00622338721791468,11.0756033123333,0.021373642879924,0.0766580535086916,0.19053794604,short,
2,aligned,BEACON-Stan,bayesian_validation,credible,-0.597837000755621,-0.514314156591667,-0.660535704,-0.34268666325,0.0804540257234072,1.00846926245078,410.689541477169,0,0,0.0626258738515596,0.00379991081492764,12.8193812808333,0.0880671817051667,0.119192893798943,0.187297905558333,short,
3,aligned,BEACON-Stan,bayesian_validation,credible,-0.597837000755621,-0.5710035155175,-0.8452792175,-0.271851107,0.14531262228103,1.00293126625199,877.41437872704,0,0,0.080928436000265,0.0115532206521354,15.4554512074167,0.0436309997092859,0.0794448576889599,0.158429838155,short,
4,aligned,BEACON-Stan,bayesian_validation,credible,-0.597837000755621,-0.497256214334167,-0.74932313975,-0.245481582250001,0.130231261242688,1.0082424040091,677.502972800783,0,0,0.164511783984308,0.0116739975028747,10.2611887208333,0.00625801529914833,0.0789346974686094,0.120024138278333,short,
5,aligned,BEACON-Stan,bayesian_validation,credible,-0.597837000755621,-0.714530351291667,-0.89134005275,-0.52325298675,0.0934260722360631,1.00583308292608,560.425548724508,28,0,0.336321235721644,0.00667073914733355,10.7521399528333,0.0524209721480142,0.0887421619936643,0.138253736553333,short,
6,aligned,BEACON-Stan,bayesian_validation,credible,-0.597837000755621,-0.569969906341667,-0.83221123525,-0.298996388000001,0.12896639083085,1.00159888253112,597.195979259425,0,0,0.295558707822193,0.00579509892761487,12.402758283,0.00349899111259164,0.0670994532781235,0.159181470728333,short,
7,aligned,BEACON-Stan,bayesian_validation,credible,-0.597837000755621,-0.557757867483333,-0.76286050925,-0.334936739,0.111821840752668,1.00049793865528,781.450217117232,0,0,0.243404086326049,0.00302315262612144,14.0671574370833,-0.0663171963486583,0.0947090941610659,0.166065144196667,short,
8,aligned,BEACON-Stan,bayesian_validation,credible,-0.597837000755621,-0.501271082501333,-0.78646580525,-0.17877814025,0.157275547928238,1.00175834716,580.265685635356,0,0,0.0875350889971769,0.00728236463547835,9.65306727983333,0.0389807531242192,0.111699119027017,0.14706335055,short,
9,aligned,BEACON-Stan,bayesian_validation,credible,-0.597837000755621,-0.333274203727133,-0.596351638,0.000867049423999589,0.149748043920544,1.00776000551895,548.669627954288,0,0,0.0816937377778675,0.0114790106544027,12.5654117843333,-0.062961480403435,0.0885146946846117,0.128985455249167,short,
10,aligned,BEACON-Stan,bayesian_validation,credible,-0.597837000755621,-0.496273380025,-0.693098437,-0.31926975525,0.093459713146779,1.00083144841916,524.894091418852,1,0,0.160989597601052,0.00692167662035053,11.223751507,0.0297565421995,0.128341380217462,0.163278725135833,short,
11,aligned,BEACON-Stan,bayesian_validation,credible,-0.597837000755621,-0.657899206425,-0.81663656875,-0.4550774065,0.0902040290766035,1.00224449931031,701.650298607541,0,0,0.0698064603937294,0.00276955953038653,10.9982843606667,-0.0436972363967667,0.0849955614539999,0.1373003258725,short,
12,aligned,BEACON-Stan,bayesian_validation,credible,-0.597837000755621,-0.482579175133667,-0.83787028625,-0.0763367293250004,0.189570811262346,1.01158928470655,535.489030377531,0,0,0.0813020128793461,0.00402757654850116,10.84965537875,0.0458429192855758,0.0781436609124054,0.190680816725,short,
13,aligned,BEACON-Stan,bayesian_validation,credible,-0.597837000755621,-0.673221900308333,-0.879189479,-0.446752747,0.110800098483901,1.00277224504115,610.758356346585,1,0,0.44020557489267,0.00730846248549444,14.1023044751667,0.00468902397271833,0.0850301379701531,0.170883993830833,short,
14,aligned,BEACON-Stan,bayesian_validation,credible,-0.597837000755621,-0.597912981775,-0.6940183355,-0.500031701,0.0496901172533557,0.9994999743021,1100.44520309509,0,0,0.106135644278881,0.00633808898616848,11.2736288600833,-0.0537331056347192,0.0794701723169542,0.0989808405458333,short,
15,aligned,BEACON-Stan,bayesian_validation,credible,-0.597837000755621,-0.631744551075,-0.81345628475,-0.46696703875,0.0865786533982202,1.00067670253349,636.717558085781,0,0,0.18394924691086,0.00374943242953678,17.5658508523333,-0.0377273348665346,0.0864018376219425,0.130141721555833,short,
16,aligned,BEACON-Stan,bayesian_validation,credible,-0.597837000755621,-0.632072886733333,-0.828812488,-0.395295424750001,0.109913579723539,1.00688745528463,519.581452454083,0,0,0.41782734517275,0.00417210303905719,11.0389207745833,-0.0156599139022383,0.0767790472027936,0.172758000323333,short,
17,aligned,BEACON-Stan,bayesian_validation,credible,-0.597837000755621,-0.369498903538333,-0.59699872975,-0.17015799125,0.108652626630788,1.00236392044083,541.296931063757,2,0,0.208672958801677,0.00660937509501301,10.2078612708333,-0.0461770760917942,0.0768926658291634,0.121637236943333,short,
18,aligned,BEACON-Stan,bayesian_validation,credible,-0.597837000755621,-0.511870992058333,-0.72059997475,-0.31773177725,0.100401689407287,1.00136065471084,559.481237176023,0,0,0.128802959364374,0.00590257620542759,11.25328649475,0.0523230511942737,0.104278952815743,0.199172234083333,short,
19,aligned,BEACON-Stan,bayesian_validation,credible,-0.597837000755621,-0.496242349575,-0.73362458775,-0.25120400675,0.123573283333036,1.00206837004009,572.917420032582,0,0,0.129495744594975,0.0200778265576612,12.2562861175,-0.114478069234967,0.141851178441978,0.0723439977021583,short,
20,aligned,BEACON-Stan,bayesian_validation,credible,-0.597837000755621,-0.424420938030167,-0.76878582025,0.00149257011249992,0.201437259751491,1.01795847360019,253.955265257426,1,0,0.600230165242836,0.0062282384488392,10.6478057185833,-0.0752989466372333,0.107856421911826,0.138095511435,short,
21,aligned,BEACON-Stan,bayesian_validation,credible,-0.597837000755621,-0.597375464744167,-0.82765191075,-0.3725426435,0.113323377960463,1.00067813326394,723.569801589914,0,0,0.0786373728550689,0.00795194683968658,12.6571517616667,0.0106638019407842,0.103574237759947,0.1397601047925,short,
22,aligned,BEACON-Stan,bayesian_validation,credible,-0.597837000755621,-0.619318010163833,-0.88383255025,-0.3416022055,0.13995597165409,1.00577132715587,575.677767549141,0,0,0.0865018834758667,0.00277416044402788,12.4119548599167,0.0189284935959133,0.0682815047561391,0.160063196758333,short,
23,aligned,BEACON-Stan,bayesian_validation,credible,-0.597837000755621,-0.482732473383667,-0.812322863,-0.0543719182500001,0.190218627219586,1.00356274368291,591.746694412787,0,0,0.188186940015881,0.00585452936622409,10.3925490814167,0.068164699271275,0.094372910429122,0.17120101113,short,
24,aligned,BEACON-Stan,bayesian_validation,credible,-0.597837000755621,-0.477661862401667,-0.810171097,-0.21556933775,0.145795586440375,1.00536438305889,808.057718738627,0,0,0.199881484954155,0.0045276513494169,16.1057657978333,-0.00721089544495833,0.0939611953617931,0.1670202825125,short,
25,aligned,BEACON-Stan,bayesian_validation,credible,-0.597837000755621,-0.391982283328333,-0.6402593925,-0.1023822605,0.141150139880939,1.01390241469901,516.848922585775,0,0,0.12260358352357,0.00232685759397388,12.4052084195833,0.0635547794811267,0.129472775560228,0.154834267015833,short,
26,aligned,BEACON-Stan,bayesian_validation,credible,-0.597837000755621,-0.575434096199167,-0.83298334975,-0.25963278425,0.147105503604537,1.00749357476561,599.421288894915,0,0,0.049174498217368,0.00410641352784909,12.4705604600833,-0.0690710277624583,0.0930499255768656,0.106739633128833,short,
27,aligned,BEACON-Stan,bayesian_validation,credible,-0.597837000755621,-0.377750842936667,-0.57101484275,-0.195085565,0.0953236322591987,1.00890175186621,447.418744736498,75,0,0.226354610376664,0.00343254151266175,13.2112479644167,0.014071997022525,0.0686622615819707,0.139309680563333,short,
28,aligned,BEACON-Stan,bayesian_validation,credible,-0.597837000755621,-0.51714294497,-0.72463108975,-0.3047762735,0.103536058009642,1.00249389114016,876.256503016436,8,0,0.0639862521928271,0.00366780342789173,17.307533817,0.0644242772613192,0.0918009034699057,0.128683570715833,short,
29,aligned,BEACON-Stan,bayesian_validation,credible,-0.597837000755621,-0.596476542908333,-0.8952163195,-0.29093875,0.149631644681387,1.01291955053502,367.726365945985,0,0,0.0694576358501095,0.00175946671512219,10.5249552525833,0.0508632919734417,0.0920016119479617,0.0951924498666667,short,
30,aligned,BEACON-Stan,bayesian_validation,credible,-0.597837000755621,-0.677914514775,-1.023926955,-0.33723458675,0.178263214773953,1.02212169829107,241.588939879209,1,0,0.098678355259954,0.0100537993367635,11.2616232240833,0.0875819882983417,0.113868026703761,0.1884284968,short,
31,aligned,BEACON-Stan,bayesian_validation,credible,-0.597837000755621,-0.315805767555917,-0.5288615085,-0.0887338855750008,0.113141762472534,1.00232173478046,569.926175559308,0,0,0.150724390080456,0.00875328541571009,14.8381172429167,0.00220567014641833,0.0770894562649164,0.147173530600833,short,
32,aligned,BEACON-Stan,bayesian_validation,credible,-0.597837000755621,-0.751967730791667,-1.0358346125,-0.475758673,0.142831685543136,1.00297736819943,681.389566771671,0,0,0.132455069437678,0.00282718120536233,12.4515061308333,-0.0710854084690975,0.112391805630293,0.1921988338,short,
33,aligned,BEACON-Stan,bayesian_validation,credible,-0.597837000755621,-0.701112109516667,-0.8138064345,-0.56872175475,0.0639088869674177,1.0028032783757,614.336178679786,0,0,0.294247892448603,0.0147186085641108,12.3010385956667,0.0135617428757,0.172208361908237,0.1187781244275,short,
34,aligned,BEACON-Stan,bayesian_validation,credible,-0.597837000755621,-0.6840587577,-1.0053184125,-0.37492329825,0.15539269175755,1.00351024434142,725.31026030696,0,0,0.159235832858077,0.00598589923925136,13.0921563828333,0.001613352273915,0.0690080749407059,0.179045035163333,short,
35,aligned,BEACON-Stan,bayesian_validation,credible,-0.597837000755621,-0.616053688341667,-0.87271648025,-0.3863212015,0.121247124996196,1.00110732941751,568.908093883587,3,0,0.232168451560184,0.0200911940396184,12.9031356055,0.01331648577394,0.101567586737527,0.207689477766667,short,
36,aligned,BEACON-Stan,bayesian_validation,credible,-0.597837000755621,-0.829091236016667,-1.0103420925,-0.61067849825,0.0991249793116718,1.00228175639067,868.327678844908,0,0,0.0486363494603876,0.00942945182165996,13.5435366089167,0.002155514257,0.0697631727575607,0.150710402305,short,
37,aligned,BEACON-Stan,bayesian_validation,credible,-0.597837000755621,-0.582397578080833,-0.82735103475,-0.34373246525,0.124178432651419,1.00733071179106,534.889575815367,1,0,0.0890681453972019,0.00488792476077067,12.3575623871667,-0.0180854875173583,0.0619902332861043,0.168284331936667,short,
38,aligned,BEACON-Stan,bayesian_validation,credible,-0.597837000755621,-0.680472771991667,-0.9322603845,-0.42955596775,0.126651334624074,1.00155131768631,1069.58358291405,0,0,0.0257752612861085,0.0147405445471267,16.6991639726667,0.0542937787208417,0.090998272344191,0.0898316762516667,short,
39,aligned,BEACON-Stan,bayesian_validation,credible,-0.597837000755621,-0.374387802995833,-0.55324893525,-0.137466747,0.10707087157836,1.01090444388236,404.835618355682,0,0,0.0918420391498124,0.00488356946397413,11.8913338788333,-0.025938961603275,0.0686330236185136,0.070216575107,short,
40,aligned,BEACON-Stan,bayesian_validation,credible,-0.597837000755621,-0.52501346008,-0.802506793,-0.19180351525,0.154602939154571,1.002871765107,659.494042368553,0,0,0.0772316011489577,0.00496792941955731,15.90937562525,-0.123561869922917,0.148739827576095,0.1573820273325,short,
41,aligned,BEACON-Stan,bayesian_validation,credible,-0.597837000755621,-0.4918324034925,-0.7428736675,-0.278172727750001,0.115665366347403,0.999688125457159,566.400901376267,0,0,0.709524850499521,0.00558025235409759,13.06565593325,0.14009164241016,0.155635298821592,0.122939210120833,short,
42,aligned,BEACON-Stan,bayesian_validation,credible,-0.597837000755621,-0.5354821851925,-0.814220731,-0.171177563000001,0.160619990945589,1.0037668491008,475.652938706518,0,0,0.176692523867489,0.00556892751684492,12.5559189511667,-0.0325050248554417,0.077991044440785,0.169783360353333,short,
43,aligned,BEACON-Stan,bayesian_validation,credible,-0.597837000755621,-0.617493506108333,-0.89227978975,-0.3598067295,0.134445789384973,1.00783318059326,608.66624100947,0,0,0.155122460832376,0.0243947693483525,13.8039105026667,-0.00797508964859833,0.076845407563022,0.152234459395833,short,
44,aligned,BEACON-Stan,bayesian_validation,credible,-0.597837000755621,-0.56301508614575,-0.800792963,-0.23975486975,0.139501887343705,1.00142025041961,669.745236993613,2,0,0.182696635134698,0.00569451338752749,12.6876565021667,0.027150796758125,0.0767517001860198,0.130842105501667,short,
45,aligned,BEACON-Stan,bayesian_validation,credible,-0.597837000755621,-0.85659096715,-1.2032016375,-0.49099617275,0.188030005987781,1.0033972288562,534.296376356258,0,0,0.514899931475946,0.00532558667314532,11.2724665674167,-0.0645639274452058,0.114301093672912,0.151641945860833,short,
46,aligned,BEACON-Stan,bayesian_validation,credible,-0.597837000755621,-0.422598568133333,-0.663370036,-0.2194865205,0.112443599566878,1.00395115206039,738.099034489923,0,0,0.0879084656112983,0.00841324673203123,12.43100798525,0.00372590543684417,0.073027771412943,0.161918574561667,short,
47,aligned,BEACON-Stan,bayesian_validation,credible,-0.597837000755621,-0.488259534176083,-0.61233373925,-0.2744612145,0.0822187604680503,1.01702954303092,359.24055685775,0,0,0.159687298324868,0.00609175340377496,13.0208007194167,-0.02913791301835,0.0679999816495197,0.0605441516079042,short,
48,aligned,BEACON-Stan,bayesian_validation,credible,-0.597837000755621,-0.437394665116733,-0.61750263025,-0.2255156515,0.0994403225098066,1.00425913021557,567.436285326844,0,0,0.0621076154183748,0.00842071931744013,10.8991792984167,-0.00335679564097333,0.0599905897026666,0.1329254474225,short,
49,aligned,BEACON-Stan,bayesian_validation,credible,-0.597837000755621,-0.644932243783333,-0.79933841975,-0.4320014475,0.0933258758256233,1.00948741329403,349.301490628655,0,0,0.141542512628456,0.00471010222311257,10.8065239766667,0.0452767773938083,0.0787435711791115,0.150687064144167,short,
50,aligned,BEACON-Stan,bayesian_validation,credible,-0.597837000755621,-0.505544119983333,-0.744280987,-0.26961323325,0.124023254576492,1.0153516109484,491.077980187681,0,0,0.12129296755002,0.023702773185677,10.7964825985833,0.00980544823983333,0.0629393861779643,0.145452366151667,short,
51,aligned,BEACON-Stan,bayesian_validation,credible,-0.597837000755621,-0.5770910086775,-0.88297135775,-0.28235817575,0.151574642654633,1.0001261653091,602.697832060217,1,0,0.121496504549726,0.00581387590702455,13.56056062375,0.0034874131687465,0.0969242390638579,0.159312823603333,short,
52,aligned,BEACON-Stan,bayesian_validation,credible,-0.597837000755621,-0.592371839125,-0.850620899,-0.3880223835,0.113687663343666,1.0041700646954,447.523309361856,0,0,0.122224132943657,0.00328856394323675,11.3251204825,0.0244546083348508,0.0780575025426244,0.1461624897325,short,
53,aligned,BEACON-Stan,bayesian_validation,credible,-0.597837000755621,-0.548589172775,-0.76924337475,-0.3732189655,0.101051938840903,1.00652837291445,780.132779289025,0,0,0.0622170242927671,0.00527427663849998,12.5501334278333,0.0580828432680517,0.0781217636018308,0.139931708,short,
54,aligned,BEACON-Stan,bayesian_validation,credible,-0.597837000755621,-0.541290546858333,-0.799929485,-0.31531759375,0.120950599108711,1.01009547976281,639.179243113293,0,0,0.110495892048643,0.0162329756120696,12.0502521926667,0.0350255418130008,0.0738993184895247,0.216756373466667,short,
55,aligned,BEACON-Stan,bayesian_validation,credible,-0.597837000755621,-0.59421912345,-0.7244674225,-0.457977357,0.066915464909,1.00467250748589,829.575834464748,0,0,0.272057159714101,0.00965363342630882,14.4568890731667,0.00445113372613333,0.100993680167445,0.125508645165,short,
56,aligned,BEACON-Stan,bayesian_validation,credible,-0.597837000755621,-0.442719106258167,-0.7002977885,-0.20082793525,0.130093818415631,1.00753812398208,403.950857134991,2,0,0.143327702201336,0.00318344639525003,10.9372439435833,-0.0617418384160417,0.102563255793321,0.099816374953325,short,
57,aligned,BEACON-Stan,bayesian_validation,credible,-0.597837000755621,-0.745516933941667,-1.0231809575,-0.44191262575,0.14555043619993,1.00507435485978,552.528637484015,0,0,0.190337439039309,0.00888107074411078,11.3588938824167,0.0209586027258008,0.074934328587776,0.187441969991667,short,
58,aligned,BEACON-Stan,bayesian_validation,credible,-0.597837000755621,-0.464417123925,-0.667809038,-0.24118367075,0.106564956824095,1.00349925295956,678.571859167804,0,0,0.435458851366823,0.00477840125675977,15.0338574160833,-0.01494017696435,0.0790747718865852,0.14863951679,short,
59,aligned,BEACON-Stan,bayesian_validation,credible,-0.597837000755621,-0.467302241733333,-0.63704876425,-0.33689709475,0.0746099943065063,1.00290451823111,539.414475975581,0,0,0.0640347482343958,0.0120195102752523,12.8894272299167,0.0400121364431083,0.0676561803911646,0.176573789166667,short,
60,aligned,BEACON-Stan,bayesian_validation,credible,-0.597837000755621,-0.6472523954125,-0.9465174335,-0.3875466765,0.141485039071626,1.00260907860634,737.139079862141,0,0,0.12140339626511,0.00291381999824555,9.99040938175,-0.0556045661411292,0.0887862523246251,0.185889063475,short,
61,aligned,BEACON-Stan,bayesian_validation,credible,-0.597837000755621,-0.672679146885,-1.0313129,-0.26734231075,0.193324335171862,1.01271024180948,360.848054594411,0,0,0.286900786664996,0.00174003492665045,10.6700066795833,-0.02313597707335,0.0829297120637972,0.131128254135,short,
62,aligned,BEACON-Stan,bayesian_validation,credible,-0.597837000755621,-0.4989956388175,-0.76184797825,-0.204600005750001,0.144291685982761,1.00517392307352,502.687107622259,1,0,0.25975652862334,0.00377906372026454,10.6494554841667,-0.0148386710080558,0.0779641379338347,0.1308900689525,short,
63,aligned,BEACON-Stan,bayesian_validation,credible,-0.597837000755621,-0.583522969191667,-0.8953797695,-0.284034441250001,0.153406220750845,1.00115314605222,617.31911579234,0,0,0.0955227377988084,0.00589604455077795,17.8323260781667,-0.0495471819390258,0.0839320755216268,0.148526406384167,short,
64,aligned,BEACON-Stan,bayesian_validation,credible,-0.597837000755621,-0.575649623241667,-0.74593431525,-0.34451572025,0.105264204808284,1.00227954097298,333.668463771316,1,0,0.25194468326909,0.00947851003266526,15.6082964884167,-0.0618327923141667,0.100024763652161,0.149763813458333,short,
65,aligned,BEACON-Stan,bayesian_validation,credible,-0.597837000755621,-0.417961847946917,-0.72668783825,-0.0806508979000004,0.166103604600517,1.00653627577919,579.128184735682,0,0,0.106944619337005,0.00781160957071994,11.1198382235833,-0.0223249458623167,0.126465688497332,0.126333654258333,short,
66,aligned,BEACON-Stan,bayesian_validation,credible,-0.597837000755621,-0.437410552570833,-0.60539624275,-0.2723502335,0.0847505908252879,1.01290967267743,406.070360292313,1,0,0.138805816879872,0.00387460257255032,12.5954208669167,0.0767839658973458,0.124792858313345,0.140438035286667,short,
67,aligned,BEACON-Stan,bayesian_validation,credible,-0.597837000755621,-0.537091881656667,-0.803315194,-0.2351169215,0.145593986546547,1.0050346436,449.395324876391,0,0,0.134961196754987,0.0185078906346538,17.3288713035833,-0.0514866658907908,0.0879892928624001,0.1426018231425,short,
68,aligned,BEACON-Stan,bayesian_validation,credible,-0.597837000755621,-0.487722611649167,-0.777304969,-0.24335425425,0.132788320795705,1.00182913211145,436.671460620531,0,0,0.130398306155324,0.0033990426148421,11.5006242420833,-0.0562945277304483,0.103411958828723,0.1309197581025,short,
69,aligned,BEACON-Stan,bayesian_validation,credible,-0.597837000755621,-0.531910773016667,-0.76663233975,-0.32720221075,0.110674539219241,1.00673652290434,947.338311435791,0,0,0.0456028994911534,0.0086412747615789,8.3602184055,0.0212650849166667,0.0786951179857717,0.120891010023333,short,
70,aligned,BEACON-Stan,bayesian_validation,credible,-0.597837000755621,-0.6356559087475,-0.85172869425,-0.3380477225,0.131931045647307,1.00514823954198,460.813853781973,0,0,0.0315073550098537,0.00680280830175184,14.8657329751667,-0.00657708515709667,0.0740306659097675,0.1655917575025,short,
71,aligned,BEACON-Stan,bayesian_validation,credible,-0.597837000755621,-0.417373162198333,-0.57328952275,-0.252583794000001,0.0804144572066972,0.999921169528643,643.362743256336,0,0,0.125212509779341,0.00600614574462964,14.32845663475,-0.0398152283219192,0.0753493093885204,0.114227738404167,short,
72,aligned,BEACON-Stan,bayesian_validation,credible,-0.597837000755621,-0.7548780262,-1.0780172975,-0.4827366735,0.150225412860916,1.00487850904364,440.771017970651,0,0,0.108858548963448,0.00400873829242892,11.447989314,-0.0408603898228583,0.0803792807864074,0.140939242166667,short,
73,aligned,BEACON-Stan,bayesian_validation,credible,-0.597837000755621,-0.752314333825,-0.97993775925,-0.50238373075,0.120209084482298,1.00752878258013,600.029805142024,0,0,0.153192288810701,0.00534164758607562,16.3965533773333,-0.0060574813490175,0.0983127341926786,0.1680947690525,short,
74,aligned,BEACON-Stan,bayesian_validation,credible,-0.597837000755621,-0.733781471133333,-1.0338155625,-0.431478503,0.146306510762299,1.00490635344858,515.999389745555,0,0,0.0728637170559077,0.00893297017108523,13.37872296525,0.0204724148428233,0.0721345334193955,0.142183169445833,short,
75,aligned,BEACON-Stan,bayesian_validation,credible,-0.597837000755621,-0.490972118201667,-0.71300121225,-0.2218487025,0.122454697332077,1.00578379826516,411.994484213712,2,0,0.0582075629167203,0.0136222917800514,8.51094520958333,-0.0260632908998083,0.0726432335783231,0.112077660295,short,
76,aligned,BEACON-Stan,bayesian_validation,credible,-0.597837000755621,-0.640914599190833,-0.95068604725,-0.230032824,0.181729637969522,1.00625825501568,418.604380973314,0,0,0.0720854119979344,0.00383249724150395,14.9210447715,0.0138722598817442,0.0739050426656524,0.196421150741667,short,
77,aligned,BEACON-Stan,bayesian_validation,credible,-0.597837000755621,-0.445108197281917,-0.73590571175,-0.153255093,0.150830669052285,1.00254531066935,588.707211411146,0,0,0.104750715863217,0.00351156512313495,20.3372087919167,-0.0458569026972192,0.160920945499166,0.180042058748333,short,
78,aligned,BEACON-Stan,bayesian_validation,credible,-0.597837000755621,-0.627781213491667,-0.87445850425,-0.343248173,0.132396840888426,1.00743865751027,864.715179127667,0,0,0.294546476323157,0.00384004823631682,15.0183599704167,-0.0457295737009417,0.0943548866008878,0.126932600768333,short,
79,aligned,BEACON-Stan,bayesian_validation,credible,-0.597837000755621,-0.522678554458333,-0.6805496005,-0.3040604,0.0925195296947102,1.01728908849052,481.389085047054,0,0,0.131827645131988,0.00696193237632709,9.43429219866667,0.0496363208150617,0.11342904341226,0.170950962639167,short,
80,aligned,BEACON-Stan,bayesian_validation,credible,-0.597837000755621,-0.633853620391667,-0.780857723,-0.495735161,0.0723352353844612,1.00204125683715,787.176771279601,0,0,0.0470483800676479,0.00632000948434718,12.7161381385,0.0339072609686417,0.078533213453813,0.08150484681525,short,
81,aligned,BEACON-Stan,bayesian_validation,credible,-0.597837000755621,-0.373547721507833,-0.65009935975,-0.0420657861250001,0.15618176784649,1.00311313079441,472.495958951874,0,0,0.182073294207911,0.00401485465904619,13.48893127325,0.0252494419942533,0.0667083337330481,0.172327251440833,short,
82,aligned,BEACON-Stan,bayesian_validation,credible,-0.597837000755621,-0.609031979798333,-0.8400174205,-0.361725873500001,0.118655113619587,1.00222017938233,761.0607593008,0,0,0.043814840023384,0.00150749128349197,12.0929047060833,0.0053233956827275,0.0682106564712747,0.154235202134167,short,
83,aligned,BEACON-Stan,bayesian_validation,credible,-0.597837000755621,-0.453307990629167,-0.70620887825,-0.2063452885,0.127131093911376,1.00552770882469,721.586414368923,0,0,0.135992874904071,0.0035354182727173,17.7685302866667,0.0235876255779558,0.0805823986713592,0.1474091138925,short,
84,aligned,BEACON-Stan,bayesian_validation,credible,-0.597837000755621,-0.555263827918333,-0.865636757,-0.202566078000001,0.169257963838423,1.00389462172853,648.206026749877,0,0,0.0982396718257267,0.00857691488001521,14.1479720129167,0.019391411066175,0.0830467456656434,0.136566708349167,short,
85,aligned,BEACON-Stan,bayesian_validation,credible,-0.597837000755621,-0.495855503002333,-0.727281317,-0.266472363500002,0.111066507399378,1.00079852016385,576.87925223117,0,0,0.124685939214056,0.00368721807446696,15.9148901181667,-0.06739142654298,0.13245825388291,0.195206634008333,short,
86,aligned,BEACON-Stan,bayesian_validation,credible,-0.597837000755621,-0.482536638904167,-0.729372054,-0.21354451375,0.133306523366188,1.00168810972744,673.70450849961,0,0,0.11300520208901,0.0168112303770881,11.5912067885833,0.0520996819073075,0.0853904887056651,0.131269942336667,short,
87,aligned,BEACON-Stan,bayesian_validation,credible,-0.597837000755621,-0.571195949883333,-0.81692983575,-0.30762691675,0.126252751522156,1.00296965839121,551.676706625413,0,0,0.144987158145266,0.00334442161215392,10.4376779390833,-0.045182262662495,0.0985159978983505,0.123559727448333,short,
88,aligned,BEACON-Stan,bayesian_validation,credible,-0.597837000755621,-0.465132616289333,-0.72852421275,-0.142920325750002,0.149083115306612,1.01876595517079,387.564672750924,1,0,0.13104897932308,0.00616997472729457,11.8572196545,-0.00154052343768,0.0743601178424097,0.124901375215833,short,
89,aligned,BEACON-Stan,bayesian_validation,credible,-0.597837000755621,-0.731348642325,-0.9113081395,-0.58852435175,0.0802735446908362,1.00428955980486,290.010647657588,0,0,0.214558392918009,0.0106326749479303,8.82227256783333,-0.02904032111093,0.0942993528931129,0.164631770085833,short,
90,aligned,BEACON-Stan,bayesian_validation,credible,-0.597837000755621,-0.610063865483333,-0.76937371325,-0.4788099815,0.0737292336271902,1.00212078250749,792.759060496174,0,0,0.140564667584555,0.00510277162285347,13.3727136965833,0.0796995179447558,0.100494137176346,0.0920457796261667,short,
91,aligned,BEACON-Stan,bayesian_validation,credible,-0.597837000755621,-0.546642015639167,-0.786733434,-0.30487930925,0.124026590027132,1.00594505094657,791.755406663828,0,0,0.0991829030759347,0.00386483084098481,9.515921472,0.01909201029264,0.07864411078674,0.1146118010175,short,
92,aligned,BEACON-Stan,bayesian_validation,credible,-0.597837000755621,-0.520534086556667,-0.75636618825,-0.2081124685,0.134078097609881,1.00368461051762,591.388241698903,1,0,0.19350920624859,0.00566505774478879,10.1989265448333,0.0238580249290842,0.0941038119740405,0.154103524100833,short,
93,aligned,BEACON-Stan,bayesian_validation,credible,-0.597837000755621,-0.548811120308333,-0.85297699625,-0.204070818,0.164822299836255,1.01050676468896,407.953509211757,0,0,0.219537082948296,0.00539860569660711,11.606878324,0.0856043994153167,0.114267540516913,0.148866299235,short,
94,aligned,BEACON-Stan,bayesian_validation,credible,-0.597837000755621,-0.602201867975,-0.81320142925,-0.43138170275,0.0974783651283794,1.00351695580158,641.424531659106,0,0,0.115577759576184,0.0162844297554109,10.1892922645833,-0.0443710406393742,0.0740953714310696,0.140793793255,short,
95,aligned,BEACON-Stan,bayesian_validation,credible,-0.597837000755621,-0.846456391616667,-1.2467472625,-0.54018293025,0.185221969390135,1.0042909224158,419.596644502369,0,0,0.675975024921734,0.015321208770215,14.3638027339167,-0.0453409864896758,0.113041938440213,0.143487772946667,short,
96,aligned,BEACON-Stan,bayesian_validation,credible,-0.597837000755621,-0.608745908858333,-0.8754778905,-0.346276714750001,0.130986069629924,1.00429873186787,527.805582504237,0,0,0.226738930224211,0.0143295545275822,12.0704181015833,-0.0185476082184592,0.0648382150371609,0.176456215733333,short,
97,aligned,BEACON-Stan,bayesian_validation,credible,-0.597837000755621,-0.5109619827025,-0.70906753375,-0.26945206475,0.108683552743732,1.00493213152445,659.714730168368,0,0,0.0657205618939387,0.00174543629732685,12.7542187394167,-0.00784834616359917,0.0996321233948385,0.1837041889225,short,
98,aligned,BEACON-Stan,bayesian_validation,credible,-0.597837000755621,-0.408562181709258,-0.68289934275,-0.1042845275,0.142689913143603,0.999968162808198,740.052912170833,1,0,0.0669749673374975,0.00585415300356563,18.1990361475,0.103329854821042,0.121114841295368,0.165498630493333,short,
99,aligned,BEACON-Stan,bayesian_validation,credible,-0.597837000755621,-0.39923003457275,-0.74327216825,-0.16600158325,0.14372652666951,1.03475274942754,153.345791180727,0,0,0.154734338372711,0.0105203235351727,12.6502464523333,0.0710948212903375,0.0915010352146152,0.158215523535833,short,
100,aligned,BEACON-Stan,bayesian_validation,credible,-0.597837000755621,-0.41380885746,-0.72366709875,0.0366346330999997,0.194627679074148,1.01745627627557,246.489280902532,0,0,0.109298916637819,0.0056418854293802,13.8492347431667,0.143067037753417,0.155299514284734,0.180455199033333,short,
1,phase_and_ascertainment,BEACON-Stan,bayesian_validation,credible,-0.597837000755621,-0.684437859916667,-0.95478447375,-0.39193292,0.140463550706515,1.00525690036508,482.954498323465,0,0,1.73761673583971,0.0358605528944805,11.7761212540833,-0.101074861846258,0.12861154028697,0.200270543195,short,
2,phase_and_ascertainment,BEACON-Stan,bayesian_validation,credible,-0.597837000755621,-0.731288155386667,-1.0328111125,-0.37619755425,0.167975823597732,1.0031257610003,501.278169497738,0,0,1.2968677905597,0.0192240136195923,11.2452437144167,0.0288669320898017,0.123212096366014,0.129421358264167,short,
3,phase_and_ascertainment,BEACON-Stan,bayesian_validation,credible,-0.597837000755621,-0.651484417875,-0.84085041125,-0.46075946225,0.0964222031371254,1.00908028217935,695.38710364892,0,0,2.68599184334011,0.039991901582271,17.6102497825,0.068533875077208,0.110165705573969,0.157961136589167,short,
4,phase_and_ascertainment,BEACON-Stan,bayesian_validation,credible,-0.597837000755621,-0.720129655808333,-0.91834441,-0.521134634500001,0.100507362102479,1.00358434815021,580.838139328708,0,0,0.320482617448941,0.0205000436193162,12.5268625945,0.00740431733986167,0.0743190374838884,0.1364772596975,short,
5,phase_and_ascertainment,BEACON-Stan,bayesian_validation,credible,-0.597837000755621,-0.852245562766667,-1.124725215,-0.52637235575,0.149419823839759,1.00798724652002,640.810611456911,0,0,1.00700720584208,0.0211590857484623,11.3992924219167,0.056766665122075,0.138640571557959,0.13581196472,short,
6,phase_and_ascertainment,BEACON-Stan,bayesian_validation,credible,-0.597837000755621,-0.87359177825,-1.0775722175,-0.70903027075,0.0919948815648689,1.00239730893383,657.658090436881,0,0,2.45144995405645,0.0348506826278291,11.02381492725,-0.00756523558816833,0.0794582128068752,0.08998127578225,short,
7,phase_and_ascertainment,BEACON-Stan,bayesian_validation,credible,-0.597837000755621,-0.785528967166667,-0.962870999,-0.54954049125,0.103706457693816,1.01705259428103,398.173758406253,0,0,1.92802706851222,0.012597400970643,12.32627112025,-0.00513995142266667,0.122515436009779,0.1444093399975,short,
8,phase_and_ascertainment,BEACON-Stan,bayesian_validation,credible,-0.597837000755621,-0.483903285383333,-0.65739240275,-0.27464370675,0.09523447949957,1.01310941017156,565.276213412167,0,0,1.65542012637892,0.0112674745450057,15.538324478,-0.0139322062386375,0.0809744479504403,0.180188149425,short,
9,phase_and_ascertainment,BEACON-Stan,bayesian_validation,credible,-0.597837000755621,-0.620917951875,-0.9053437695,-0.297446984000001,0.152856530743232,1.00204675365547,687.136221145406,2,0,0.764151919935788,0.0201539133368972,12.6027516923333,0.01692034630961,0.0808268420814961,0.180753524355833,short,
10,phase_and_ascertainment,BEACON-Stan,bayesian_validation,credible,-0.597837000755621,-0.89930519925,-1.083697335,-0.70854261175,0.0977091812082096,1.00207379431597,777.35612312796,0,0,0.920992235088383,0.0277305145337852,14.3105264218333,0.00514367496781667,0.100240633341918,0.167219454878333,short,
11,phase_and_ascertainment,BEACON-Stan,bayesian_validation,credible,-0.597837000755621,-0.5075277682,-0.745713312,-0.264404885500001,0.122084317502832,1.00564836248016,526.844283889347,0,0,0.662151822861271,0.0298709201562923,12.87975776925,-0.0235826564426667,0.0982729667135724,0.106550042395517,short,
12,phase_and_ascertainment,BEACON-Stan,bayesian_validation,credible,-0.597837000755621,-0.681618745138333,-1.0308048475,-0.2297758885,0.19250440433349,1.00140092221532,373.674009690574,1,0,1.70904610691269,0.034334136279425,12.7582388868333,-0.00209077410086667,0.108263673917861,0.172205961740833,short,
13,phase_and_ascertainment,BEACON-Stan,bayesian_validation,credible,-0.597837000755621,-0.767596019365833,-1.068353445,-0.431401088,0.163302327967014,1.00012050074214,765.766440428664,0,0,2.38119051628521,0.0267287104135121,12.8930420891667,-0.215959923430667,0.227485580199992,0.158128748395,short,
14,phase_and_ascertainment,BEACON-Stan,bayesian_validation,credible,-0.597837000755621,-0.6557929376,-0.854716944,-0.45031989325,0.103211785717255,1.00551754324921,794.391997062025,0,0,2.30436400859616,0.0205006555795276,11.1635858886667,0.0428102991258267,0.0842312708287675,0.135487440238333,short,
15,phase_and_ascertainment,BEACON-Stan,bayesian_validation,credible,-0.597837000755621,-0.946462395116667,-1.22805964,-0.71708952375,0.125032185054739,1.00183090151375,826.8669645465,0,0,1.72263628170096,0.0465178522378082,11.2291368240833,0.0269296415913917,0.0805881392444193,0.138880345120833,short,
16,phase_and_ascertainment,BEACON-Stan,bayesian_validation,credible,-0.597837000755621,-0.775644605733333,-1.0211284075,-0.48949899525,0.138581825998171,1.00755165032729,562.52208079461,0,0,0.856706896683352,0.0303708226161219,11.4420270745,-0.0709770893383917,0.102346139043863,0.144447646798333,short,
17,phase_and_ascertainment,BEACON-Stan,bayesian_validation,credible,-0.597837000755621,-0.597670813031667,-0.90032660625,-0.321125441,0.153008322154107,1.00674729266927,533.927784805715,0,0,2.34884788821413,0.0240080319160253,16.0858241460833,-0.0214098800616417,0.0885652699298604,0.193820206441667,short,
18,phase_and_ascertainment,BEACON-Stan,bayesian_validation,credible,-0.597837000755621,-0.691269996952917,-0.9924288505,-0.265501532500001,0.187187116903479,1.01800992657088,497.906186769657,1,0,3.46565502284863,0.056793492375907,11.8892947373333,-0.04607788936376,0.124220878185491,0.164414813924167,short,
19,phase_and_ascertainment,BEACON-Stan,bayesian_validation,credible,-0.597837000755621,-0.741879304258333,-0.9405344795,-0.51449867325,0.106513895660286,0.999627260127428,473.301544290598,1,0,2.25650026077744,0.0200933435301055,9.01330286875,0.0130779241355725,0.0893226621857553,0.1198296753924,short,
20,phase_and_ascertainment,BEACON-Stan,bayesian_validation,credible,-0.597837000755621,-0.901366525425,-1.216311425,-0.589013464000001,0.156901911880386,1.00462964416306,547.260092558533,0,0,1.1987340174954,0.0172172948270867,16.5811393375833,0.0174327671579548,0.102098301706179,0.210799642119167,short,
21,phase_and_ascertainment,BEACON-Stan,bayesian_validation,credible,-0.597837000755621,-0.70024308675,-0.96115673725,-0.42184619925,0.13872960326025,1.00086447333968,1274.05366324353,0,0,2.05857038688625,0.0345904995495235,14.7092744600833,0.05941315732295,0.105500877417572,0.124994713551667,short,
22,phase_and_ascertainment,BEACON-Stan,bayesian_validation,credible,-0.597837000755621,-0.522664640941967,-0.87385545475,-0.1044193755,0.19778091015089,1.01430790635468,417.224917674925,0,0,1.08773725227812,0.0316983010606197,18.938014183,-0.0841207711572583,0.113500823696492,0.173549197976667,short,
23,phase_and_ascertainment,BEACON-Stan,bayesian_validation,credible,-0.597837000755621,-0.818879417504167,-1.1296273725,-0.505725618500001,0.158301884731718,1.00585606914129,619.689948725502,1,0,1.32968682355014,0.0550265508718252,11.161013917,-0.0732089406716075,0.108101764277706,0.186999541141667,short,
24,phase_and_ascertainment,BEACON-Stan,bayesian_validation,credible,-0.597837000755621,-0.638037063525667,-0.89000710675,-0.3095405495,0.147404897927319,1.0030296687231,673.081526713897,0,0,1.53623620111406,0.0230558501834581,10.85477027625,0.00930615809000417,0.0844661185050222,0.116113214186667,short,
25,phase_and_ascertainment,BEACON-Stan,bayesian_validation,credible,-0.597837000755621,-0.821309629383333,-1.163969185,-0.498565596500001,0.169432661774425,1.0012701398455,766.448613360599,0,0,1.5353757393746,0.0250835105226916,10.5927262174167,0.0251089048539342,0.0922070283483486,0.167791477829167,short,
26,phase_and_ascertainment,BEACON-Stan,bayesian_validation,credible,-0.597837000755621,-0.876245446133333,-1.0573978825,-0.727867718500001,0.084343064405216,1.00299648984862,606.207973417969,0,0,0.807983225242839,0.0251647548217726,11.4608687113333,-0.127114876857267,0.146202282647727,0.1144521546075,short,
27,phase_and_ascertainment,BEACON-Stan,bayesian_validation,credible,-0.597837000755621,-0.830113076666667,-1.1121715375,-0.4820625945,0.159581328420081,1.00516212357937,605.147330341826,0,0,1.20815261614742,0.0266015005029701,16.0900000813333,0.071728111080875,0.111435406658717,0.201121520233333,short,
28,phase_and_ascertainment,BEACON-Stan,bayesian_validation,credible,-0.597837000755621,-0.6017611515,-0.90675008425,-0.33186324,0.144126392876349,0.99906906918435,467.440144376375,0,0,2.01545684189964,0.0325754243564418,13.8176463480833,-0.0118964707970267,0.075945069151292,0.173929840464167,short,
29,phase_and_ascertainment,BEACON-Stan,bayesian_validation,credible,-0.597837000755621,-0.661095077441667,-0.9210215395,-0.40889907425,0.12973327058077,1.00343888356497,621.446979414896,0,0,1.94241742160911,0.0355056986270779,10.8498010116667,-0.099182401658125,0.11700701906905,0.159767283911667,short,
30,phase_and_ascertainment,BEACON-Stan,bayesian_validation,credible,-0.597837000755621,-0.534201656429167,-0.76382220925,-0.3026522365,0.115986167576461,1.00884169259074,454.051762937304,1,0,1.96761491391607,0.0441835788503368,10.7695952776667,0.0814402617387508,0.113555844663743,0.209902964233333,short,
31,phase_and_ascertainment,BEACON-Stan,bayesian_validation,credible,-0.597837000755621,-0.609821437258333,-0.852967823,-0.37549973525,0.127692451582621,1.00341412301596,813.578115267853,0,0,2.4031678007121,0.02474182160268,11.5234945555,-0.032498082604975,0.116947796173762,0.1288185365175,short,
32,phase_and_ascertainment,BEACON-Stan,bayesian_validation,credible,-0.597837000755621,-0.767174350366667,-1.031212595,-0.500028793,0.138258652771763,0.999755412272931,841.509593930294,0,0,1.23044771574788,0.0187715978503336,13.1947676328333,-0.0992077653988833,0.119144288877595,0.22473172875,short,
33,phase_and_ascertainment,BEACON-Stan,bayesian_validation,credible,-0.597837000755621,-0.78435397595,-1.013455135,-0.56203006275,0.115985038655691,1.00153715304879,445.648169803544,1,0,1.02240403593669,0.0344131566413873,12.36369808525,0.0298845880042942,0.124791165405188,0.14892130384,short,
34,phase_and_ascertainment,BEACON-Stan,bayesian_validation,credible,-0.597837000755621,-0.685176083608333,-1.0877496575,-0.35540813025,0.189130873763031,1.00702450375407,395.730249510119,0,0,1.07941456045877,0.0156430321948348,9.28791591208333,0.0333638860361542,0.0816918429700936,0.175275199855,short,
35,phase_and_ascertainment,BEACON-Stan,bayesian_validation,credible,-0.597837000755621,-0.929619473133333,-1.176412475,-0.68232781775,0.124758649093702,1.00121203290654,555.156159873556,0,0,2.27012551625148,0.0455399984294172,11.0076315089167,0.0824273976235667,0.181356734440892,0.180271125561667,short,
36,phase_and_ascertainment,BEACON-Stan,bayesian_validation,credible,-0.597837000755621,-0.702402878408333,-0.885204785,-0.470759305,0.102322357648387,1.0032319269427,790.993471204042,0,0,1.19603294783715,0.0300860154488645,11.703579508,0.0331688316599083,0.0878138516130403,0.114488184905,short,
37,phase_and_ascertainment,BEACON-Stan,bayesian_validation,credible,-0.597837000755621,-0.633930014148333,-0.97408811525,-0.276758347,0.173922906480077,1.01100940797652,822.246148338573,0,0,1.90005002661147,0.029402984960063,15.2444106574167,-0.0234853434155608,0.0840920888459197,0.133860441570833,short,
38,phase_and_ascertainment,BEACON-Stan,bayesian_validation,credible,-0.597837000755621,-0.848077793741667,-1.1506354775,-0.56151522225,0.15162151407239,1.00506310675836,1049.97202719304,0,0,2.65103376243929,0.025991949302833,15.9994272468333,0.0530819595985958,0.112467859216797,0.113980362125833,short,
39,phase_and_ascertainment,BEACON-Stan,bayesian_validation,credible,-0.597837000755621,-0.627983430255,-0.85125862725,-0.4071807735,0.112875001717027,1.00530865388615,643.856473049183,0,0,2.58407741774705,0.039769135505683,10.5081382545833,0.0352593212993667,0.096116502643533,0.174673288534167,short,
40,phase_and_ascertainment,BEACON-Stan,bayesian_validation,credible,-0.597837000755621,-0.701538044735833,-0.95222121,-0.342945008000001,0.152564749504408,1.00634008773877,400.276440142255,1,0,0.688717618099364,0.0142362514033998,9.52096125416667,0.0366148026548208,0.110257714481949,0.151023197169167,short,
41,phase_and_ascertainment,BEACON-Stan,bayesian_validation,credible,-0.597837000755621,-0.708749114891667,-1.01443241,-0.38470617025,0.148918041922114,1.00199476781565,625.899155731234,0,0,2.40439267457913,0.0479449608517568,11.1323350458333,-0.0321653518072758,0.108482656861941,0.10387093499,short,
42,phase_and_ascertainment,BEACON-Stan,bayesian_validation,credible,-0.597837000755621,-0.716842849783333,-0.96336988525,-0.472694834,0.12199778256302,1.00201114774899,946.892554207603,0,0,2.24454263700503,0.0498812233672236,12.013530036,-0.0269304425452833,0.0808910615821681,0.142104234110833,short,
43,phase_and_ascertainment,BEACON-Stan,bayesian_validation,credible,-0.597837000755621,-0.773254349708333,-1.15745437,-0.380434586500001,0.199835955364951,1.00179444561031,697.194524338585,0,0,1.186519759899,0.0416584814910313,12.5380497326667,-0.063579949168925,0.133363363386765,0.150842179439167,short,
44,phase_and_ascertainment,BEACON-Stan,bayesian_validation,credible,-0.597837000755621,-0.777854069908333,-0.98008316675,-0.57528902,0.103538681337344,1.00538075570514,521.04731655511,0,0,1.5098978675401,0.0248492651640637,11.6078210825833,0.0545969381126975,0.0997633678503825,0.162683919939167,short,
45,phase_and_ascertainment,BEACON-Stan,bayesian_validation,credible,-0.597837000755621,-0.717067218441667,-0.972125895,-0.42932720725,0.141902530297434,1.00376010229677,779.915454385997,0,0,1.63197029636071,0.0254348515915807,8.58108516383333,0.0681267824349667,0.112067409024957,0.148392803423333,short,
46,phase_and_ascertainment,BEACON-Stan,bayesian_validation,credible,-0.597837000755621,-0.870837219366667,-1.091893445,-0.620370046500001,0.11500376364642,1.00194412373821,653.937976925904,4,0,1.27596237303434,0.0276918354695635,14.073298136,0.0477971972885917,0.0921060738342198,0.167075995124167,short,
47,phase_and_ascertainment,BEACON-Stan,bayesian_validation,credible,-0.597837000755621,-0.814998186766667,-1.1046341575,-0.4910221555,0.157655399128046,1.00293240142266,775.536894490747,0,0,1.65145271921997,0.0463739256309191,13.7536798725,-0.0733023915287167,0.127877173059582,0.179396543275,short,
48,phase_and_ascertainment,BEACON-Stan,bayesian_validation,credible,-0.597837000755621,-0.853756258075,-1.02885808,-0.6345276205,0.0981148293939544,1.00576341239361,630.193455471792,0,0,2.26775851387557,0.0239642997595608,13.68252206975,0.05375233177302,0.102206714125121,0.0698229067162917,short,
49,phase_and_ascertainment,BEACON-Stan,bayesian_validation,credible,-0.597837000755621,-0.6976088322875,-0.99496558725,-0.319056515750001,0.170833725831772,1.0083551224458,440.390076887296,0,0,1.30644904522475,0.0325142954577821,9.8893950645,-0.0218712278194083,0.0986685537202459,0.1950355979,short,
50,phase_and_ascertainment,BEACON-Stan,bayesian_validation,credible,-0.597837000755621,-0.5560212777495,-0.87927463,-0.165113763000001,0.182138330622795,1.00702254376756,582.298901448876,0,0,2.35194078611904,0.0405719846420879,11.3233370065833,0.0431238634134667,0.127710501817301,0.174240571024167,short,
51,phase_and_ascertainment,BEACON-Stan,bayesian_validation,credible,-0.597837000755621,-0.767540118933333,-0.9773224905,-0.48803553775,0.118204544101099,1.00206507751905,579.352503116281,1,0,2.43899002046356,0.034183961148383,11.882321785,0.0290007709526925,0.125952035575645,0.15437559344,short,
52,phase_and_ascertainment,BEACON-Stan,bayesian_validation,credible,-0.597837000755621,-0.73898987785,-1.0512794525,-0.474218858,0.142870724494439,1.0054672847962,460.677971665839,0,0,0.907115483145278,0.0231049706718959,11.90637115625,0.0584377046948583,0.102949443139577,0.1487481187925,short,
53,phase_and_ascertainment,BEACON-Stan,bayesian_validation,credible,-0.597837000755621,-0.678038615766667,-0.87479757275,-0.4597200755,0.107808744358801,0.99960391366874,634.350892597838,1,0,1.37484138848792,0.0510306024811381,11.3391333153333,-0.037964733320075,0.118980726558392,0.149047551945833,short,
54,phase_and_ascertainment,BEACON-Stan,bayesian_validation,credible,-0.597837000755621,-0.412214041068107,-0.7439579435,0.0331955803249999,0.196552214434616,1.00968177828165,484.413586759917,0,0,1.2177494847647,0.0182088624693645,13.64706129225,0.0604880021823417,0.102004575007519,0.14092768614,short,
55,phase_and_ascertainment,BEACON-Stan,bayesian_validation,credible,-0.597837000755621,-0.529797164633333,-0.811698819,-0.277627986000001,0.136647861513343,1.00342916398332,846.989802486242,0,0,2.67914478059271,0.0319010352135421,16.5059474041667,-0.0908515715645333,0.122186320514248,0.157086219713333,short,
56,phase_and_ascertainment,BEACON-Stan,bayesian_validation,credible,-0.597837000755621,-0.582249304553333,-0.909228739,-0.16866504225,0.1813924091042,1.0013309964361,786.147109060776,0,0,0.784500253186442,0.0179052573301342,12.236419377,0.0364037577036858,0.0878581839318899,0.14092316813,short,
57,phase_and_ascertainment,BEACON-Stan,bayesian_validation,credible,-0.597837000755621,-0.601307822354167,-0.82588241175,-0.300157289750001,0.135099305985306,1.00609524327654,307.716822254572,0,0,1.00395701277638,0.0403008841682636,11.0686267240833,0.0317195032710917,0.0785149590463793,0.171432897619167,short,
58,phase_and_ascertainment,BEACON-Stan,bayesian_validation,credible,-0.597837000755621,-0.679808269866667,-1.0005162425,-0.305737061,0.180353471458439,1.00698806890853,572.948540296071,0,0,1.56631250855876,0.0439695561416012,12.5245495433333,-0.0301949247988842,0.105492612454252,0.169998260273333,short,
59,phase_and_ascertainment,BEACON-Stan,bayesian_validation,credible,-0.597837000755621,-0.685010942016667,-0.911773094,-0.43964102525,0.115941737287831,1.00175532268995,875.976866145787,0,0,1.79428003760167,0.0215302563152385,10.3598653911667,0.0778457746278167,0.122314347329481,0.17182972262,short,
60,phase_and_ascertainment,BEACON-Stan,bayesian_validation,credible,-0.597837000755621,-0.608396902483333,-0.95484833475,-0.21440605375,0.193249913283211,1.01189153184351,531.500935042985,0,0,1.43938410419968,0.0231485636615987,14.2005801948333,-0.217669131865583,0.226686959471236,0.154443502480833,short,
61,phase_and_ascertainment,BEACON-Stan,bayesian_validation,credible,-0.597837000755621,-0.823900406616667,-1.01086088,-0.624400654,0.0974163271396545,1.00009791358373,834.073648524281,1,0,2.29893006267616,0.0386835210424546,11.5999543448333,-0.00380393110283,0.0921400253120281,0.148187127471667,short,
62,phase_and_ascertainment,BEACON-Stan,bayesian_validation,credible,-0.597837000755621,-0.740232635958333,-1.0554499875,-0.46445257875,0.15569192965405,1.00546559873576,544.529936182293,0,0,2.17281814294464,0.0397561882913425,14.6479521133333,0.0366366490279758,0.102087552123733,0.155241263411667,short,
63,phase_and_ascertainment,BEACON-Stan,bayesian_validation,credible,-0.597837000755621,-0.764721730160833,-1.1048122875,-0.38211180325,0.187385842746325,1.00815692562052,753.18133613923,0,0,1.61460285359606,0.0247411235873631,9.62707552558333,0.0549643438077167,0.12256727208658,0.159451514910833,short,
64,phase_and_ascertainment,BEACON-Stan,bayesian_validation,credible,-0.597837000755621,-0.654958219783333,-0.840987355,-0.47679642625,0.0904110344591263,1.00133787245293,836.645083932686,0,0,1.61806834118417,0.0324538081361128,14.1714189560833,0.01220274214635,0.103928990558826,0.196574149541667,short,
65,phase_and_ascertainment,BEACON-Stan,bayesian_validation,credible,-0.597837000755621,-0.605030379208333,-0.89607657825,-0.294311205500001,0.148558321569734,1.00062438578982,524.903611190159,0,0,1.47637416399993,0.04307240271722,14.587938793,-0.100027032611038,0.163118484845737,0.210813622883333,short,
66,phase_and_ascertainment,BEACON-Stan,bayesian_validation,credible,-0.597837000755621,-0.905643948158333,-1.29832945,-0.541603103,0.188960443856768,1.00166438308178,643.204236767856,0,0,2.02123221888259,0.0223753506780404,10.30857471225,-0.0260734022453492,0.104657760740884,0.130907952260833,short,
67,phase_and_ascertainment,BEACON-Stan,bayesian_validation,credible,-0.597837000755621,-0.578050382216667,-0.83019883975,-0.32984981025,0.128585239751314,1.00510076544286,949.959447595123,1,0,1.75855011135907,0.0464153998688325,12.6982552724167,-0.004549044218925,0.0867110254455611,0.062716401601325,short,
68,phase_and_ascertainment,BEACON-Stan,bayesian_validation,credible,-0.597837000755621,-0.696591870355767,-0.97566824425,-0.231842873750002,0.179803723177267,1.01066290080748,381.581562701648,0,0,2.80108047568475,0.0329706394705382,11.0431338613333,0.04429620911,0.0928433471463712,0.122427389511667,short,
69,phase_and_ascertainment,BEACON-Stan,bayesian_validation,credible,-0.597837000755621,-0.5700841498,-0.745202275,-0.384863994,0.0917956034500237,1.01686295566338,626.74345556631,0,0,1.61916398846256,0.0190147145523927,9.7110867905,-0.0569259018430292,0.118580328576888,0.135657378326667,short,
70,phase_and_ascertainment,BEACON-Stan,bayesian_validation,credible,-0.597837000755621,-0.777259070325,-0.97195313375,-0.59213934375,0.0962680042224621,1.00190092792922,857.141773104469,0,0,1.07080081310963,0.0313456141317875,11.19744261825,-0.0989536597429167,0.12431010598132,0.12640876278,short,
71,phase_and_ascertainment,BEACON-Stan,bayesian_validation,credible,-0.597837000755621,-0.815092909258333,-1.061479105,-0.52007528875,0.134846104942612,1.00177256875328,629.634564438042,0,0,1.79284399616345,0.0327333051746543,11.1110411935833,0.0243017538233667,0.086278820759132,0.178105908208333,short,
72,phase_and_ascertainment,BEACON-Stan,bayesian_validation,credible,-0.597837000755621,-0.586859797541167,-0.881951157,-0.224643925,0.163820643048622,1.00381369515806,643.083866298125,1,0,1.89975805636506,0.0228491448880904,10.81818018825,-0.0305419044019817,0.0870361302544573,0.163328060555,short,
73,phase_and_ascertainment,BEACON-Stan,bayesian_validation,credible,-0.597837000755621,-0.671272901283333,-0.878208019,-0.413765411000001,0.120581632669803,1.00596260608782,780.843722321812,0,0,3.11902128560461,0.0264373181872196,14.3959351395,-0.109181984983453,0.191847493421957,0.105866281450833,short,
74,phase_and_ascertainment,BEACON-Stan,bayesian_validation,credible,-0.597837000755621,-0.6681170967625,-0.93660566175,-0.36461525825,0.149914151575707,1.00274852213241,625.057387913892,1,0,1.59629121823544,0.03363590547249,10.2610985784167,0.0298018741073925,0.10154870756958,0.153850625086667,short,
75,phase_and_ascertainment,BEACON-Stan,bayesian_validation,credible,-0.597837000755621,-0.592776445571667,-0.81384037675,-0.32427613125,0.125843285911417,1.00053982409959,576.33011630458,0,0,1.59474096745115,0.0317730220672596,11.5111478021667,0.0831554883624718,0.198403135469832,0.117960791434167,short,
76,phase_and_ascertainment,BEACON-Stan,bayesian_validation,credible,-0.597837000755621,-0.700617645433333,-0.92875293425,-0.475839079250001,0.118264535452088,1.00104913265939,758.193679541467,0,0,2.1018191705202,0.0269966838080499,10.3220325093333,-0.0414028184190917,0.0891472249923761,0.148207178488333,short,
77,phase_and_ascertainment,BEACON-Stan,bayesian_validation,credible,-0.597837000755621,-0.655051889524167,-0.904585486,-0.3916168785,0.129781092783094,1.00434074728982,751.480314441047,0,0,1.69417727363394,0.0106705450882258,12.3663296926667,0.0037238539595,0.0813093965020216,0.132299932920833,short,
78,phase_and_ascertainment,BEACON-Stan,bayesian_validation,credible,-0.597837000755621,-0.569805928828333,-0.90232516125,-0.2676282975,0.162217451523425,1.00015598179989,729.237551542822,1,0,0.825302427780583,0.0437718668438485,12.3790753558333,-0.140807476387658,0.16129094787242,0.1650059984325,short,
79,phase_and_ascertainment,BEACON-Stan,bayesian_validation,credible,-0.597837000755621,-0.867536184208333,-1.1049195525,-0.57946601425,0.131467539269585,1.00536226932187,532.624746773456,0,0,2.52537779443811,0.0438964069563177,9.11502569633333,-0.0640222066516392,0.141532448754367,0.123336628804167,short,
80,phase_and_ascertainment,BEACON-Stan,bayesian_validation,credible,-0.597837000755621,-0.698952550679167,-0.9709475935,-0.394210158750001,0.145708647521304,1.00160808394053,718.236085365954,0,0,2.09209203592635,0.0205140307584633,8.68380012891667,-0.0159256100944675,0.0873271016562666,0.1313831499375,short,
81,phase_and_ascertainment,BEACON-Stan,bayesian_validation,credible,-0.597837000755621,-0.860916128416667,-1.0802610425,-0.6377209325,0.113358082705733,1.00658126454177,741.247966868957,0,0,1.06752609414662,0.0363976183869295,20.81369464,0.19841801970675,0.21583127133977,0.134931196568333,short,
82,phase_and_ascertainment,BEACON-Stan,bayesian_validation,credible,-0.597837000755621,-0.6235404695,-0.85041657775,-0.38855471025,0.116575148329515,1.01455119501943,973.298540621813,0,0,1.54217892691699,0.0240283401232945,11.69108192175,0.00248419760060833,0.107750032065896,0.164089516600833,short,
83,phase_and_ascertainment,BEACON-Stan,bayesian_validation,credible,-0.597837000755621,-0.706991389085833,-0.9976231565,-0.408911194,0.153374195629854,1.0038195935027,768.681515566024,0,0,2.10277867543747,0.0392828172169913,12.06140235175,-0.110075125690475,0.158370457123107,0.137196791990833,short,
84,phase_and_ascertainment,BEACON-Stan,bayesian_validation,credible,-0.597837000755621,-0.813331927191667,-1.05985326,-0.555358821000001,0.126038891383677,1.00749848962096,773.029655411851,0,0,2.00389071629572,0.0376215621752863,9.96559635166667,0.0646268847266442,0.108898222765306,0.133339178500833,short,
85,phase_and_ascertainment,BEACON-Stan,bayesian_validation,credible,-0.597837000755621,-0.671908980091667,-0.81232538825,-0.5168848,0.0743687060401693,1.00620632400217,639.706348457543,0,0,1.79851206041406,0.0416717824220338,11.4064998946667,-0.0338642030601,0.0937119365538414,0.160433927056667,short,
86,phase_and_ascertainment,BEACON-Stan,bayesian_validation,credible,-0.597837000755621,-0.686280603891667,-0.868252328,-0.477042793500001,0.0969767119557291,1.00524285094305,615.670050905548,0,0,1.65215561171877,0.0210977991022609,11.2477558476667,0.0391410449860583,0.0934287136584002,0.14637926115,short,
87,phase_and_ascertainment,BEACON-Stan,bayesian_validation,credible,-0.597837000755621,-0.821549378516667,-1.04024399,-0.5760659945,0.115554871305929,1.00132697320252,876.707601993699,0,0,1.84105159657193,0.0409685379364515,16.5578999343333,0.0194172283715583,0.100821911724256,0.113847432696667,short,
88,phase_and_ascertainment,BEACON-Stan,bayesian_validation,credible,-0.597837000755621,-1.038770831975,-1.30468495,-0.724488970000001,0.147772242261755,0.999072471264605,814.452067454996,0,0,1.55016795934685,0.0136644644750066,9.34073447325,0.125776760541291,0.167356924220971,0.129227342290833,short,
89,phase_and_ascertainment,BEACON-Stan,bayesian_validation,credible,-0.597837000755621,-0.648336801798983,-0.97884953025,-0.284414623000001,0.180592706855236,1.00342215008349,515.159264340501,0,0,2.01420566156924,0.0200208625484159,12.4571403991667,0.0375832288599333,0.0966600696905175,0.17233975133,short,
90,phase_and_ascertainment,BEACON-Stan,bayesian_validation,credible,-0.597837000755621,-0.790292337875,-0.99006235275,-0.55028731075,0.107235954869898,1.00599066593155,687.012708355143,0,0,2.67764177204468,0.0289083678666766,12.5778477444167,-0.0182879465294208,0.101954127003974,0.134985345945,short,
91,phase_and_ascertainment,BEACON-Stan,bayesian_validation,credible,-0.597837000755621,-0.819067560616667,-1.085266055,-0.463812199250002,0.150567902981937,1.00202207076932,473.22103188155,0,0,1.7500515665325,0.0264646053972276,10.6308075953333,0.00924647431510333,0.128139659295432,0.208202890131667,short,
92,phase_and_ascertainment,BEACON-Stan,bayesian_validation,credible,-0.597837000755621,-0.656019725141667,-0.89770652575,-0.350226106,0.140942947151272,1.00726101046971,581.480200779761,1,0,1.14614614094402,0.0157125578595085,11.3089027099167,0.009398142491625,0.0884642788725373,0.126386606640833,short,
93,phase_and_ascertainment,BEACON-Stan,bayesian_validation,credible,-0.597837000755621,-0.6912681491,-0.93543479475,-0.487875265,0.115396938978456,1.00193063541497,670.134933516638,0,0,1.37629357280978,0.0150329117606623,10.7630237065,-0.0423504123959983,0.102632946812632,0.0592714062584333,short,
94,phase_and_ascertainment,BEACON-Stan,bayesian_validation,credible,-0.597837000755621,-0.64541034525,-0.89091745175,-0.41594187375,0.121172079484766,1.00805333692939,730.830103622792,0,0,0.94642829193569,0.0182682005931432,21.4460851325,-0.0217731308876217,0.0910665045549094,0.195011880433333,short,
95,phase_and_ascertainment,BEACON-Stan,bayesian_validation,credible,-0.597837000755621,-0.844768965508333,-1.04913236,-0.434431797,0.153138266931262,1.00713254271025,249.983489177318,0,0,2.54255620276248,0.0587782569310312,10.6169267740833,0.0821333403098608,0.187721652292801,0.170487483824167,short,
96,phase_and_ascertainment,BEACON-Stan,bayesian_validation,credible,-0.597837000755621,-0.90016110535,-1.17077505,-0.648406826000001,0.131555696401152,1.00191034944885,544.309096824153,0,0,1.47506469407881,0.0292410094520054,14.0405826941667,0.0739014706337333,0.124023373180958,0.121525670850917,short,
97,phase_and_ascertainment,BEACON-Stan,bayesian_validation,credible,-0.597837000755621,-0.688374834633333,-0.9724785795,-0.418859118,0.137519121914181,1.00106308843715,746.129486367614,0,0,0.871125840446103,0.0210804574590465,8.82887276625,-0.0292073959071667,0.0912047324003741,0.126120155295,short,
98,phase_and_ascertainment,BEACON-Stan,bayesian_validation,credible,-0.597837000755621,-0.9126376463,-1.1321479,-0.7004293455,0.1089617492032,1.0020885354188,808.512351385071,0,0,0.985729112933842,0.0383956232878182,11.9531871900833,-0.101698145475025,0.177423487928991,0.13286754223,short,
99,phase_and_ascertainment,BEACON-Stan,bayesian_validation,credible,-0.597837000755621,-0.818653598783333,-1.1217862,-0.436917229250001,0.165507496654209,1.00288572357393,898.671505774276,0,0,2.03124520686258,0.0248216014283074,9.69084582958333,-0.0559005968873433,0.148024969580784,0.1716016822625,short,
100,phase_and_ascertainment,BEACON-Stan,bayesian_validation,credible,-0.597837000755621,-0.259227442887992,-0.54837190475,0.0431626731999999,0.150807597234132,1.00944067529194,728.838220374345,0,0,2.02841910898621,0.020356312331473,11.7730978693333,-0.006689646815375,0.0764054925302179,0.14777957303,short,
1,phase_and_confounding,BEACON-Stan,bayesian_validation,credible,-0.597837000755621,-0.485426388883333,-0.63468805925,-0.33158386,0.0763491466877579,1.00197969415785,703.254735283554,0,0,0.931462217067713,0.01511085247221,13.26715970775,-0.0118577767090783,0.0763029691801361,0.151078177428333,short,
2,phase_and_confounding,BEACON-Stan,bayesian_validation,credible,-0.597837000755621,-0.633059200233333,-0.78995885675,-0.47415425425,0.0796599288971571,1.00073159582555,939.046988475134,0,0,1.8091035930577,0.0172116683123324,11.9667306325833,0.0337872879607317,0.0766763443536991,0.1125290339435,short,
3,phase_and_confounding,BEACON-Stan,bayesian_validation,credible,-0.597837000755621,-0.499576051508333,-0.63170564975,-0.374100596,0.0646667960996633,1.00176280493019,811.649562671214,0,0,1.6578168997739,0.0452263542073297,9.04876307041667,-0.028122168763475,0.0657754401909751,0.177776596749167,short,
4,phase_and_confounding,BEACON-Stan,bayesian_validation,credible,-0.597837000755621,-0.468285580616667,-0.662310049,-0.290807522,0.0948399593698706,1.01077577632197,412.979888918115,0,0,1.10573709741131,0.0285101014404904,18.086534283,0.0303787398087541,0.0979326586823747,0.160759746476667,short,
5,phase_and_confounding,BEACON-Stan,bayesian_validation,credible,-0.597837000755621,-0.523130530091667,-0.64055413175,-0.39031182375,0.0631965733676823,1.0054344533332,332.436802126312,0,0,1.55974114749547,0.0235045273984304,11.6818770441667,0.0150575519868467,0.0619866413014863,0.185415350675,short,
6,phase_and_confounding,BEACON-Stan,bayesian_validation,credible,-0.597837000755621,-0.342995156683333,-0.49271187825,-0.19783288925,0.0749864710076975,0.999354382001971,801.262725357193,0,0,1.21903845810409,0.0291961313485293,12.5347842256667,0.00702277982078083,0.0691880655687338,0.1258214313175,short,
7,phase_and_confounding,BEACON-Stan,bayesian_validation,credible,-0.597837000755621,-0.518277995025,-0.62398828275,-0.4100264785,0.0555469997762021,1.00212662536091,989.497427209456,0,0,2.06207396977865,0.0285545645439604,18.8610534710833,0.0221586909181683,0.0623205231335493,0.107434325593333,short,
8,phase_and_confounding,BEACON-Stan,bayesian_validation,credible,-0.597837000755621,-0.464509802899167,-0.657438958,-0.27333962125,0.0974585760271425,0.998576380571038,764.642119608359,0,0,1.92175711828851,0.0442863331045144,11.2958560880833,0.0145600217116083,0.0758151686837727,0.179571558303333,short,
9,phase_and_confounding,BEACON-Stan,bayesian_validation,credible,-0.597837000755621,-0.569319128483333,-0.70075334,-0.4287790455,0.0685120127206067,1.00130484326486,690.742295690216,0,0,1.1070793591496,0.0262088377236921,11.9674557480833,0.0996038800894167,0.120940329045832,0.137400953148333,short,
10,phase_and_confounding,BEACON-Stan,bayesian_validation,credible,-0.597837000755621,-0.457903783958333,-0.5947858245,-0.3263812515,0.0674670431397652,1.00027185673503,689.235254307664,0,0,1.55857957553831,0.0199675576358437,10.3291202330833,0.021111339783,0.0799310563455983,0.087218994633225,short,
11,phase_and_confounding,BEACON-Stan,bayesian_validation,credible,-0.597837000755621,-0.60445667635,-0.7635685345,-0.41434863175,0.08546907025622,1.00474298165448,505.881803276296,1,0,1.52411462740001,0.0248907579436798,17.2424075130833,-0.0101936359113667,0.0911228823428354,0.152023775639167,short,
12,phase_and_confounding,BEACON-Stan,bayesian_validation,credible,-0.597837000755621,-0.465268572666667,-0.61855285575,-0.3121164075,0.0765599664918179,1.00661528283698,980.690740053415,2,0,2.50205087760139,0.0145195433399771,15.1415096811667,0.036007619478775,0.103076786972468,0.150451402605833,short,
13,phase_and_confounding,BEACON-Stan,bayesian_validation,credible,-0.597837000755621,-0.3658370425025,-0.5394418225,-0.174656658,0.0942961065317225,1.00209186458401,658.17392365006,0,0,1.77798344761685,0.0380155091368514,9.25995673016667,0.0133829367923983,0.0688928870430133,0.182628466873333,short,
14,phase_and_confounding,BEACON-Stan,bayesian_validation,credible,-0.597837000755621,-0.493881616015833,-0.71738111475,-0.23878983925,0.123096195334559,1.00068481768043,863.191715689999,0,0,1.97799789908405,0.0266026569518386,17.17542768475,0.112895098350867,0.129087343951995,0.216369033633333,short,
15,phase_and_confounding,BEACON-Stan,bayesian_validation,credible,-0.597837000755621,-0.443378333591667,-0.630251823,-0.256997446,0.0907867738856833,1.00690573699793,769.420956642948,0,0,1.53506826992109,0.0316763638766935,12.1190369796667,-0.0879787573656083,0.122630473494139,0.175813334491667,short,
16,phase_and_confounding,BEACON-Stan,bayesian_validation,credible,-0.597837000755621,-0.357973727858333,-0.4893023435,-0.2125246465,0.0722585953156207,1.0063127998372,580.02906091936,1,0,1.7072336038059,0.0124796450475014,12.4864935865,0.0738488350808,0.101040914029834,0.147895451728333,short,
17,phase_and_confounding,BEACON-Stan,bayesian_validation,credible,-0.597837000755621,-0.551841352816667,-0.7581292805,-0.29218997025,0.113368991879939,1.00502018605776,650.954539589328,0,0,1.51316246020956,0.0129134429803204,12.6630226424167,0.0384240606963994,0.0802990983160035,0.2176246457,short,
18,phase_and_confounding,BEACON-Stan,bayesian_validation,credible,-0.597837000755621,-0.623120404816667,-0.745639258,-0.50303072325,0.0621051196166104,1.00337508232943,764.262859299781,0,0,2.39220222208776,0.0291435618599823,13.84595214875,-0.0640087045593083,0.0889918948387212,0.156154193349167,short,
19,phase_and_confounding,BEACON-Stan,bayesian_validation,credible,-0.597837000755621,-0.35760648378,-0.55181687375,-0.1467362545,0.0998481388655888,1.00377701326436,683.683651419885,0,0,2.10504001748145,0.0155974254467224,10.6896305468333,0.01783970715834,0.0693175707102664,0.170980477730833,short,
20,phase_and_confounding,BEACON-Stan,bayesian_validation,credible,-0.597837000755621,-0.342835477915,-0.5169392785,-0.1767527455,0.0855631170096801,0.999588260692949,908.494450086553,0,0,1.78965380484185,0.0133465735091461,11.97734759075,0.0347261852562183,0.0901933629331177,0.116444605945,short,
21,phase_and_confounding,BEACON-Stan,bayesian_validation,credible,-0.597837000755621,-0.583782075433333,-0.721401706,-0.44259868975,0.072762670121436,1.00050172832957,888.340785031525,0,0,2.71564258109136,0.0252654210699681,17.3564773409167,-0.00535946736456583,0.0715264161841737,0.15665201318,short,
22,phase_and_confounding,BEACON-Stan,bayesian_validation,credible,-0.597837000755621,-0.299616202135833,-0.47880407,-0.11306734425,0.0964913198252051,1.00764059438915,479.068849898782,1,0,1.90103822389711,0.0144421502253071,13.34196177475,-0.0248513424732739,0.116117957461948,0.1379846287925,short,
23,phase_and_confounding,BEACON-Stan,bayesian_validation,credible,-0.597837000755621,-0.547598043691667,-0.66421080075,-0.41500213775,0.0635726861662033,1.00879675949074,1489.02835813757,0,0,2.11256251609425,0.0237997817594259,9.87094847625,0.06242061391085,0.0850231936038193,0.132830886065833,short,
24,phase_and_confounding,BEACON-Stan,bayesian_validation,credible,-0.597837000755621,-0.473422772066667,-0.62196982,-0.3364235575,0.0727447911977375,1.01353615196471,439.112451793511,1,0,2.17986278275244,0.020097808160068,9.47035019033333,-0.0041683790582945,0.0612166988262421,0.196748126133333,short,
25,phase_and_confounding,BEACON-Stan,bayesian_validation,credible,-0.597837000755621,-0.413458741391667,-0.55572815325,-0.27417148625,0.0719380045189978,0.999255637603554,868.47686770677,0,0,1.78506367342654,0.0264533720588959,12.0927558118333,0.0088064048959,0.0776628038996773,0.154397294929167,short,
26,phase_and_confounding,BEACON-Stan,bayesian_validation,credible,-0.597837000755621,-0.49036604075,-0.6937710705,-0.295801117,0.103028936743119,1.00594144550715,554.210960732389,0,0,2.42416483876642,0.0247537115472623,10.17975072575,-0.0340145909883058,0.0780644755307191,0.22687527935,short,
27,phase_and_confounding,BEACON-Stan,bayesian_validation,credible,-0.597837000755621,-0.573321903383333,-0.72634315775,-0.42817320075,0.0765044323391301,1.00061938659107,1276.95055736872,0,0,2.00456435287728,0.0300938709047007,15.2694211914167,0.0258455876044583,0.0811043353811796,0.161902265929167,short,
28,phase_and_confounding,BEACON-Stan,bayesian_validation,credible,-0.597837000755621,-0.416136990316667,-0.5621813515,-0.26992567625,0.0765249052897289,1.00389452747894,928.167986935199,0,0,1.14328015793937,0.023256157190404,13.9492589649167,-0.0834297654228,0.0978501786866253,0.17949817982,short,
29,phase_and_confounding,BEACON-Stan,bayesian_validation,credible,-0.597837000755621,-0.464926659366667,-0.59818066225,-0.3291003875,0.0679942182819659,0.999590650294824,763.217699628793,0,0,1.80116777071069,0.0523110850132865,11.1467071256667,-0.117673625946558,0.134763079532545,0.1340025632975,short,
30,phase_and_confounding,BEACON-Stan,bayesian_validation,credible,-0.597837000755621,-0.401755444868333,-0.6442183045,-0.147150661000001,0.128208478348218,1.00257007001448,704.335076803262,0,0,2.03532899416772,0.031495016716142,11.39931514425,0.0320772113681417,0.0849013730178257,0.181058048983333,short,
31,phase_and_confounding,BEACON-Stan,bayesian_validation,credible,-0.597837000755621,-0.545766365591667,-0.65571092625,-0.443423329,0.0556975369563752,1.0032442969832,1085.64976958338,0,0,2.67895515238231,0.0405921306794758,9.79967945775,0.0635915257859642,0.0905538256633534,0.102057639604167,short,
32,phase_and_confounding,BEACON-Stan,bayesian_validation,credible,-0.597837000755621,-0.662075496325,-0.892366493,-0.3733523515,0.129876049124078,1.00831101466828,607.680828202805,0,0,1.73760419148634,0.0168868208157031,17.21029491775,0.0742661040654465,0.126151635040522,0.170593598969167,short,
33,phase_and_confounding,BEACON-Stan,bayesian_validation,credible,-0.597837000755621,-0.593128606383333,-0.783971058,-0.36864239025,0.105771337478736,1.00024743739662,828.59738092508,0,0,2.32411891610648,0.0221902958212412,11.5919531790833,0.0513297736643083,0.101812398316043,0.130057439825833,short,
34,phase_and_confounding,BEACON-Stan,bayesian_validation,credible,-0.597837000755621,-0.286224875551917,-0.4597030475,-0.10296991175,0.0928200093758904,1.002004332495,820.849375082818,1,0,0.913603268582026,0.0183307076207687,13.2067683843333,0.0158336025047175,0.06807660548472,0.113270703408333,short,
35,phase_and_confounding,BEACON-Stan,bayesian_validation,credible,-0.597837000755621,-0.466863250416667,-0.578165229,-0.354084933,0.05808872561756,1.00349643065634,483.473779128932,1,0,2.20987418447257,0.0227970041307986,21.9352054726667,0.0600870781001492,0.0788738790421302,0.151758600418333,short,
36,phase_and_confounding,BEACON-Stan,bayesian_validation,credible,-0.597837000755621,-0.537031162033333,-0.6560793925,-0.42418273425,0.0599865531749526,1.00072142628893,900.36571674495,0,0,2.15847944228045,0.0265681454781243,15.2278457325833,-0.0509914820418333,0.0914801274061069,0.209498146683333,short,
37,phase_and_confounding,BEACON-Stan,bayesian_validation,credible,-0.597837000755621,-0.519582518141667,-0.6748896805,-0.348780306000001,0.0811413682046696,1.00265886706011,517.820719475167,0,0,2.64813261179949,0.0205431844077275,17.76495342575,0.0178539460096017,0.124461971661409,0.140570626688333,short,
38,phase_and_confounding,BEACON-Stan,bayesian_validation,credible,-0.597837000755621,-0.500581093491667,-0.58944946625,-0.400053269,0.0495773894949472,1.00698629697086,932.492079199126,0,0,1.22397914374033,0.0206619482596708,12.4071351330833,0.0452786238166325,0.0677647774968613,0.149482793163333,short,
39,phase_and_confounding,BEACON-Stan,bayesian_validation,credible,-0.597837000755621,-0.404758548988333,-0.5892727145,-0.23301712225,0.0898123345396325,1.00018845679457,646.23353149199,0,0,1.92315686200637,0.0167269777302336,15.4102110188333,-0.080029605019025,0.115830272110453,0.178670245815833,short,
40,phase_and_confounding,BEACON-Stan,bayesian_validation,credible,-0.597837000755621,-0.452225323166667,-0.590684238,-0.3061545525,0.0732973633800309,1.01083121404833,591.045052470996,1,0,1.44150686603861,0.0145111028079245,11.1906613028333,0.0555428164263875,0.0986825099791658,0.143943164949167,short,
41,phase_and_confounding,BEACON-Stan,bayesian_validation,credible,-0.597837000755621,-0.455269268075,-0.5846030185,-0.34002339775,0.0600375191317419,1.00426017643943,823.439430800681,1,0,1.58921439845775,0.0354777413575777,10.7574746740833,0.0712605588725167,0.098849312855937,0.1476690604375,short,
42,phase_and_confounding,BEACON-Stan,bayesian_validation,credible,-0.597837000755621,-0.392089875149167,-0.57933792975,-0.201496314,0.0992008845168657,1.00041064283666,1137.61616029397,0,0,2.69179326770022,0.019176692913399,9.36922270391667,0.0191808636449333,0.100088955381479,0.112136645216667,short,
43,phase_and_confounding,BEACON-Stan,bayesian_validation,credible,-0.597837000755621,-0.4137539582,-0.54039163675,-0.2921652635,0.0617196520362621,1.00164515966268,862.183267050834,0,0,2.37828204938345,0.0199934490846419,11.9355213450833,-0.0653051352923,0.0920549102862316,0.157203278625,short,
44,phase_and_confounding,BEACON-Stan,bayesian_validation,credible,-0.597837000755621,-0.487954868525,-0.627859929,-0.3550931735,0.0694471687517469,1.00046041109506,700.513635612769,0,0,1.5739749904783,0.0256814045484098,9.255089166,0.0758398251849417,0.151354287021817,0.12254558205625,short,
45,phase_and_confounding,BEACON-Stan,bayesian_validation,credible,-0.597837000755621,-0.645305619766667,-0.8324514535,-0.469380323,0.0925227994137684,1.0065026832083,739.150125452081,0,0,2.09046058511655,0.0469063872849092,13.9834230848333,0.0176009528184392,0.084939675692325,0.1214412177775,short,
46,phase_and_confounding,BEACON-Stan,bayesian_validation,credible,-0.597837000755621,-0.488014209808333,-0.6773542805,-0.29273077075,0.0963373058147327,1.00196938008547,686.707389379475,0,0,1.51282266036509,0.0120517912584082,9.43533250675,-0.015916268358925,0.10223358325617,0.118724421981667,short,
47,phase_and_confounding,BEACON-Stan,bayesian_validation,credible,-0.597837000755621,-0.41800493715,-0.56662773025,-0.2832779195,0.0699681117075703,1.00766860136283,668.940791122921,0,0,1.50682680120818,0.0236972389390078,15.0302262521667,0.0937429044781333,0.11627621006001,0.155634604639167,short,
48,phase_and_confounding,BEACON-Stan,bayesian_validation,credible,-0.597837000755621,-0.367854415670683,-0.63374456675,-0.11028809625,0.124379839700826,1.00734289530566,760.968153662557,0,0,1.90148415415161,0.0217781152009592,10.4950538518333,0.0353307954443233,0.0846944658270509,0.133940648896667,short,
49,phase_and_confounding,BEACON-Stan,bayesian_validation,credible,-0.597837000755621,-0.374120444176667,-0.56203217075,-0.192240442,0.0959028652986375,1.00169557086147,514.85639761152,0,0,1.83447491677024,0.0170422476777318,14.9392995630833,-0.0250805846519533,0.0718483238353539,0.124713947905833,short,
50,phase_and_confounding,BEACON-Stan,bayesian_validation,credible,-0.597837000755621,-0.479533522991667,-0.57076752475,-0.39048926875,0.0444825050704375,1.00128864655207,870.664654042049,0,0,2.64726063852687,0.0322000189162519,9.51399784116667,-0.00175632384825,0.0780728895276249,0.10408795749,short,
51,phase_and_confounding,BEACON-Stan,bayesian_validation,credible,-0.597837000755621,-0.587261359066667,-0.70891649225,-0.4789491295,0.059379107222713,1.0043069784266,889.71860400904,0,0,1.15546699625559,0.053839716621188,11.4271906700833,-0.0190777603489667,0.0650499347271004,0.194994746808333,short,
52,phase_and_confounding,BEACON-Stan,bayesian_validation,credible,-0.597837000755621,-0.575753755325,-0.793232275,-0.341765959,0.109437384793677,0.999850961719421,669.415095735559,0,0,2.00795634506002,0.0258315460328836,10.5612609974167,-0.103221459757167,0.157539333607437,0.1885245819,short,
53,phase_and_confounding,BEACON-Stan,bayesian_validation,credible,-0.597837000755621,-0.544054009583333,-0.73613345975,-0.370135235,0.0943103131257608,1.00613864439722,855.173812151453,0,0,1.89205948489465,0.0529899794760223,13.5612050191667,-0.0758937995169375,0.104242718002396,0.172715272380833,short,
54,phase_and_confounding,BEACON-Stan,bayesian_validation,credible,-0.597837000755621,-0.586437283275,-0.722743027,-0.46535019975,0.0646902061230246,1.0005083120616,632.946823934749,0,0,0.92960870083419,0.0211740111467078,10.7205285513333,-0.0186711174449242,0.0586303734643405,0.15964650182,short,
55,phase_and_confounding,BEACON-Stan,bayesian_validation,credible,-0.597837000755621,-0.611247734775,-0.742099706,-0.474515446,0.0689586671785449,1.00089675971564,770.505295592185,0,0,0.709708419993828,0.0323128088700843,12.8779266041667,0.0969222222298583,0.229320985900323,0.145463388474167,short,
56,phase_and_confounding,BEACON-Stan,bayesian_validation,credible,-0.597837000755621,-0.441536152608333,-0.601487383,-0.279788618,0.0800245451785917,1.00152462836315,927.030784912371,0,0,1.3812712047573,0.0272085614016052,9.26094178366667,0.0681344778819042,0.098009081901149,0.149892302419167,short,
57,phase_and_confounding,BEACON-Stan,bayesian_validation,credible,-0.597837000755621,-0.612285362891667,-0.77562879025,-0.45502190075,0.0840582146782149,1.00001731446837,607.964397640872,1,0,2.60709208088322,0.058415886746787,15.9840611024167,-0.010961297702715,0.0925973295022985,0.149325673185833,short,
58,phase_and_confounding,BEACON-Stan,bayesian_validation,credible,-0.597837000755621,-0.428823948165792,-0.85179967275,0.185980656,0.273645847456073,1.00707502408792,360.324717824967,0,0,1.86018758798352,0.0270202696960816,13.4490707341667,-0.00324044798489683,0.109917289740861,0.195314493783333,short,
59,phase_and_confounding,BEACON-Stan,bayesian_validation,credible,-0.597837000755621,-0.59888086375,-0.712265238,-0.4689799395,0.061984173678333,1.00627193354053,763.849679820306,0,0,1.85022402019373,0.0244460499989353,15.8012927350833,-0.00712690331350083,0.135893444943989,0.1587496743,short,
60,phase_and_confounding,BEACON-Stan,bayesian_validation,credible,-0.597837000755621,-0.3879268862155,-0.60661641175,-0.1588925745,0.11502745219197,1.00145975973216,726.609776593157,0,0,2.28719403873178,0.0173491664670542,10.75707155125,-0.013422583417675,0.0768170907194151,0.164144868644167,short,
61,phase_and_confounding,BEACON-Stan,bayesian_validation,credible,-0.597837000755621,-0.52806294345,-0.678837499,-0.3681802165,0.0796362992158746,1.00369980072661,718.393118052497,0,0,1.48382249016178,0.035410954998751,21.7956600416667,0.0292146482661025,0.0830626512992334,0.12464375093,short,
62,phase_and_confounding,BEACON-Stan,bayesian_validation,credible,-0.597837000755621,-0.481782810334167,-0.66580746225,-0.26416745725,0.103678744002371,1.00720961812698,398.204817714332,0,0,0.953452791162659,0.0193577764684272,20.6699574366667,0.00670277371944417,0.0745908273962062,0.153493197050833,short,
63,phase_and_confounding,BEACON-Stan,bayesian_validation,credible,-0.597837000755621,-0.3247213926025,-0.519953521,-0.119383737,0.102771499451486,1.00471981193657,440.281322822507,0,0,1.61264017873904,0.0187165113628436,10.6368103600833,0.0121302249403383,0.100757443465385,0.0675920714146667,short,
64,phase_and_confounding,BEACON-Stan,bayesian_validation,credible,-0.597837000755621,-0.569080430483333,-0.709434606,-0.41739323725,0.0724855095348805,1.00864207323678,537.95632184473,0,0,1.21474917523562,0.0334292037252013,13.1566199835,-0.111863550391383,0.128719034448799,0.171922390086667,short,
65,phase_and_confounding,BEACON-Stan,bayesian_validation,credible,-0.597837000755621,-0.554856970558333,-0.69726749375,-0.419313639,0.0720691672409043,1.00237152778496,847.082942354754,0,0,1.71914515100742,0.0308907022566912,15.3535229861667,-0.1152283941056,0.132815298743263,0.104166976145833,short,
66,phase_and_confounding,BEACON-Stan,bayesian_validation,credible,-0.597837000755621,-0.619816480841667,-0.725312647,-0.50735753125,0.0551069571654796,1.00340070628765,735.211666286428,1,0,2.04962545125277,0.0431702035335789,15.3201671751667,0.0312455347599642,0.0886369640594905,0.147479840954167,short,
67,phase_and_confounding,BEACON-Stan,bayesian_validation,credible,-0.597837000755621,-0.377632126068167,-0.53924083525,-0.182651495,0.0944542400218508,1.00159196936306,537.224578003682,0,0,2.3211836410435,0.027840095400015,12.92725083,0.0883739834332083,0.12157351983103,0.127154320815,short,
68,phase_and_confounding,BEACON-Stan,bayesian_validation,credible,-0.597837000755621,-0.456249541383333,-0.59026821025,-0.32047869625,0.0683613151633422,1.00123712839178,769.677439377465,0,0,1.56621344328082,0.0314951209019827,10.7006660826667,-0.0288815719101842,0.0723404266726993,0.161532493278333,short,
69,phase_and_confounding,BEACON-Stan,bayesian_validation,credible,-0.597837000755621,-0.3994386109,-0.597497441,-0.19749412,0.102728054582942,1.00531760277377,689.004869156852,0,0,1.32856300565514,0.029188099866024,10.4781219056667,0.0666671327450442,0.0951012524465031,0.18233506377,short,
70,phase_and_confounding,BEACON-Stan,bayesian_validation,credible,-0.597837000755621,-0.565979393858333,-0.74115053225,-0.3974305015,0.086121134269288,1.00435364976013,651.367106190176,0,0,1.565554641596,0.0153255283667856,9.55973289683333,0.0426399611837667,0.0917864371798344,0.163229888790833,short,
71,phase_and_confounding,BEACON-Stan,bayesian_validation,credible,-0.597837000755621,-0.475523145166667,-0.62858192825,-0.298237203250001,0.0842251017047811,1.00334549399353,838.508638321094,0,0,1.60887617745337,0.0344404593380239,12.9211554281667,-0.0573938073322167,0.0914716306113682,0.130171618455833,short,
72,phase_and_confounding,BEACON-Stan,bayesian_validation,credible,-0.597837000755621,-0.398676626623333,-0.6457031585,-0.185109594,0.114954493647363,1.00460255842815,737.698308710069,0,0,0.942619971727688,0.0307787583215227,13.4445774838333,0.135120879614242,0.150537847981456,0.14978012386,short,
73,phase_and_confounding,BEACON-Stan,bayesian_validation,credible,-0.597837000755621,-0.472253189308333,-0.59978064325,-0.35406972625,0.0632870271942819,1.00151591950649,798.608723120245,0,0,1.27629495246535,0.0146472172590965,11.9627805841667,-0.0680336430950417,0.0868689294728989,0.178411589606667,short,
74,phase_and_confounding,BEACON-Stan,bayesian_validation,credible,-0.597837000755621,-0.4615458455,-0.58867976625,-0.34018701775,0.0629250128933653,1.00496812087918,695.162252864253,0,0,1.87905256932264,0.0379068885755566,14.9254261900833,-0.0130290342050117,0.0964953047184254,0.1171070181325,short,
75,phase_and_confounding,BEACON-Stan,bayesian_validation,credible,-0.597837000755621,-0.473955866928333,-0.67249588025,-0.266361226,0.100034952535912,1.00517538774127,845.592558201545,0,0,1.30599916162517,0.00921424681375002,11.5660049275833,0.0128572021963183,0.112044010150039,0.0708910006025833,short,
76,phase_and_confounding,BEACON-Stan,bayesian_validation,credible,-0.597837000755621,-0.525989927525,-0.66939219725,-0.39110736625,0.0702608256727381,1.00169990854053,393.490978204401,0,0,2.22279020105802,0.0325640682868636,13.7536495973333,0.0723439964171525,0.108427134620314,0.1231259619115,short,
77,phase_and_confounding,BEACON-Stan,bayesian_validation,credible,-0.597837000755621,-0.471218534608333,-0.6074374475,-0.33871446075,0.0708918648886407,0.999777807834523,980.986559328666,0,0,1.56116233337491,0.0205059099197033,12.0082771729167,-0.0572858184481833,0.0944366211990163,0.2076797264,short,
78,phase_and_confounding,BEACON-Stan,bayesian_validation,credible,-0.597837000755621,-0.424457792025,-0.5222643075,-0.32931403525,0.0482604151286438,0.999296369804906,907.491212972666,1,0,2.95005676109583,0.0322893953715417,12.2563716026667,-0.029947952738225,0.0678377043857924,0.156452708028333,short,
79,phase_and_confounding,BEACON-Stan,bayesian_validation,credible,-0.597837000755621,-0.440420566566667,-0.61726845325,-0.239432768250001,0.0982547428916841,1.00952011031505,436.479430066111,0,0,1.07939484531539,0.0308392715505377,10.7354544625833,-0.0601662681403583,0.113555641982256,0.144169639598333,short,
80,phase_and_confounding,BEACON-Stan,bayesian_validation,credible,-0.597837000755621,-0.509550228616667,-0.7252338915,-0.25075326725,0.12202459550918,1.00472526307958,419.444960693432,0,0,2.78979470865521,0.0392189455447481,11.1605355184167,0.08110065616566,0.113882430218874,0.157939562675,short,
81,phase_and_confounding,BEACON-Stan,bayesian_validation,credible,-0.597837000755621,-0.518530549158333,-0.61980610225,-0.42783900875,0.0483923196411105,0.999425128679395,780.961615482467,0,0,2.15090085963575,0.0380322703142581,11.1282278955833,-0.0131295827709275,0.0707691916274379,0.155338085596667,short,
82,phase_and_confounding,BEACON-Stan,bayesian_validation,credible,-0.597837000755621,-0.51177448855,-0.718880386,-0.2956651,0.104865730437421,0.999778347673844,580.15583968368,0,0,1.85577823718136,0.0371820594562105,12.3198681140833,-0.0138852845324999,0.0753537152307309,0.192217275683333,short,
83,phase_and_confounding,BEACON-Stan,bayesian_validation,credible,-0.597837000755621,-0.51750173455,-0.68955545775,-0.36239724875,0.0816276039888422,1.01065502676759,885.200565108554,0,0,2.54810563697717,0.0235645117217022,15.4132302338333,0.0556917930223367,0.099841759214661,0.150774082765,short,
84,phase_and_confounding,BEACON-Stan,bayesian_validation,credible,-0.597837000755621,-0.480230110191667,-0.6173741955,-0.35472756275,0.0684141760769777,1.00106355815409,661.374201476544,0,0,1.21478260214384,0.0300958040992562,14.7527983844167,-0.0434754974766158,0.0845004990855924,0.160284751561667,short,
85,phase_and_confounding,BEACON-Stan,bayesian_validation,credible,-0.597837000755621,-0.463322005125,-0.606531,-0.326085208,0.071924185734482,1.00037622816798,981.097365623707,0,0,1.21609756070607,0.0189106621613379,17.10460781825,0.054469803253375,0.0827003987981277,0.125383087005,short,
86,phase_and_confounding,BEACON-Stan,bayesian_validation,credible,-0.597837000755621,-0.325770926585,-0.461090957,-0.21008102825,0.0632207215196802,1.01941930764744,559.674106366789,0,0,1.59463308559882,0.0343482977870452,11.55639662725,-0.0589717424025773,0.0829001945917989,0.199520378675,short,
87,phase_and_confounding,BEACON-Stan,bayesian_validation,credible,-0.597837000755621,-0.313808880923333,-0.4700244825,-0.15827993025,0.0790237467063087,1.00220112718516,941.583891433434,0,0,1.40894355157476,0.0209600334363811,15.3464025476667,0.0360216653562158,0.0651870596906105,0.183431921758333,short,
88,phase_and_confounding,BEACON-Stan,bayesian_validation,credible,-0.597837000755621,-0.579331789158333,-0.758303916,-0.39821930925,0.0906535954016918,1.00695036866598,846.776901188017,0,0,1.15109067680801,0.0381607411760378,9.95303292066667,0.0052814454501275,0.078520777550929,0.16160697034,short,
89,phase_and_confounding,BEACON-Stan,bayesian_validation,credible,-0.597837000755621,-0.308404097759783,-0.49460222725,-0.0506261538250002,0.114477289754475,1.002868075936,401.759460933271,0,0,1.45015153204466,0.0468751280220201,17.7071474329167,-0.0402151261180575,0.149677989697202,0.152596478098333,short,
90,phase_and_confounding,BEACON-Stan,bayesian_validation,credible,-0.597837000755621,-0.63012180505,-0.79703895525,-0.46690970225,0.0846109382706754,1.00227138010129,950.74071368614,0,0,2.55536218274012,0.0274150213474614,9.69361979366667,-0.0271928722078317,0.0903473789594883,0.09654824167175,short,
91,phase_and_confounding,BEACON-Stan,bayesian_validation,credible,-0.597837000755621,-0.448350595,-0.61742733675,-0.28258999125,0.083121454460942,1.00403928541031,898.472174421347,0,0,2.5988119215155,0.0333494929172978,10.4254324415833,0.0451362808287,0.0887039190411379,0.138374653273333,short,
92,phase_and_confounding,BEACON-Stan,bayesian_validation,credible,-0.597837000755621,-0.598693216983333,-0.80554557475,-0.34764949775,0.118736942727492,1.01098490650559,438.612565745908,0,0,1.25185006483599,0.0314845700900994,14.7789076431667,-0.00148521398978,0.08418815393342,0.200480214783333,short,
93,phase_and_confounding,BEACON-Stan,bayesian_validation,credible,-0.597837000755621,-0.526910539716667,-0.64531983875,-0.39869613475,0.0625517855714048,0.999553721693982,664.194681742774,0,0,2.9441498089093,0.0357770734428753,11.86676751525,0.0214500054819,0.0640813980727631,0.166761967361667,short,
94,phase_and_confounding,BEACON-Stan,bayesian_validation,credible,-0.597837000755621,-0.492389728408333,-0.702007253,-0.25875626225,0.108955670091617,1.00656755028105,586.503059988671,1,0,1.2686819647749,0.0313040383530885,11.4840050475833,0.0614497157856167,0.0966639526117094,0.174865082365,short,
95,phase_and_confounding,BEACON-Stan,bayesian_validation,credible,-0.597837000755621,-0.548846732541667,-0.6523040265,-0.44070184475,0.054174313042939,0.999980428555866,965.551364388436,0,0,1.68712549174696,0.0257201144788642,12.7819867173333,0.0477253791509058,0.0791199115872393,0.158035584996667,short,
96,phase_and_confounding,BEACON-Stan,bayesian_validation,credible,-0.597837000755621,-0.661815398416667,-0.84852764475,-0.4581508165,0.0988743706320551,1.00425697439211,616.113509339089,1,0,0.551498890022871,0.0370676355033815,13.07369240275,0.0590858539237825,0.0978512093691641,0.180581580325,short,
97,phase_and_confounding,BEACON-Stan,bayesian_validation,credible,-0.597837000755621,-0.462586646841667,-0.591703219,-0.33713801025,0.0648719175395349,1.00069454776377,1010.57216790419,0,0,1.79899437788682,0.032851113612172,11.0227928226667,0.0262992340384133,0.0841591181119469,0.117570834311667,short,
98,phase_and_confounding,BEACON-Stan,bayesian_validation,credible,-0.597837000755621,-0.64736854906,-0.91989236975,-0.262365478250001,0.167755800023806,1.00541554796348,392.388976490918,0,0,1.46183504273947,0.0320989405179364,9.16827706608333,0.0393544875609275,0.159243706989209,0.1135245098475,short,
99,phase_and_confounding,BEACON-Stan,bayesian_validation,credible,-0.597837000755621,-0.423975742191667,-0.53557154,-0.28149298925,0.0627256938987101,1.00433433228012,472.554949052562,0,0,1.09438268853184,0.0304960298204734,14.18583788425,-0.061142748025975,0.125631896236359,0.134821585698333,short,
100,phase_and_confounding,BEACON-Stan,bayesian_validation,credible,-0.597837000755621,-0.401081168783333,-0.5079241705,-0.294443843,0.0530220640152135,1.00022140979399,788.390991905377,0,0,2.37962113202139,0.0483132114731118,11.1576656655833,-0.0472061303207833,0.0730725654164287,0.127779971600833,short,
1,phase_shift,BEACON-Stan,bayesian_validation,credible,-0.597837000755621,-0.619659149295,-0.87536240525,-0.298497196250001,0.142343323064006,0.999883842941497,635.553456407709,1,0,1.33295423181882,0.0268307424243243,10.8495270271667,-0.0593637435831417,0.0976142067928276,0.1729045382,short,
2,phase_shift,BEACON-Stan,bayesian_validation,credible,-0.597837000755621,-0.193515551805858,-0.57976495575,0.1699786905,0.191517192477488,1.00449504082012,628.087890757797,0,0,1.73062463696745,0.0119088512342802,12.1399265239167,0.0957093193164092,0.12017638161167,0.121260279235833,short,
3,phase_shift,BEACON-Stan,bayesian_validation,credible,-0.597837000755621,-0.556485676816667,-0.7506325325,-0.35304484825,0.103429490708071,1.0032145281015,484.626839423085,0,0,1.8456087454972,0.0208462643658808,9.57962266241667,-0.0394381597420917,0.0787567217216288,0.152278407751667,short,
4,phase_shift,BEACON-Stan,bayesian_validation,credible,-0.597837000755621,-0.588720030265833,-0.89157000125,-0.27328031975,0.153180927159889,1.00169417997471,637.420013237644,2,0,1.06064897725096,0.0269571127918196,16.399029682,-0.0565651573042917,0.098976463353201,0.157068601798333,short,
5,phase_shift,BEACON-Stan,bayesian_validation,credible,-0.597837000755621,-0.781513091791667,-0.942642603,-0.536336587250001,0.101293824599641,1.00682068327182,498.035887137568,1,0,2.37992487279123,0.0464475578125715,17.4551552009167,-0.0566874624095442,0.105475115141653,0.137746893055,short,
6,phase_shift,BEACON-Stan,bayesian_validation,credible,-0.597837000755621,-0.5826480417315,-0.8179532065,-0.22901881225,0.149388613974715,1.00804253298542,427.86045941341,0,0,1.65077865460183,0.0222923260371103,10.9217642106667,-0.0704909823887753,0.1132446841661,0.1324386146475,short,
7,phase_shift,BEACON-Stan,bayesian_validation,credible,-0.597837000755621,-0.474977049667917,-0.747690007,-0.15777000525,0.150119514875221,1.00844210476883,582.754693357712,0,0,1.51775435502384,0.0316968895499855,15.3560432609167,0.0894632177492583,0.111305050875179,0.129972477549167,short,
8,phase_shift,BEACON-Stan,bayesian_validation,credible,-0.597837000755621,-0.380872994203333,-0.5763842115,-0.2333833345,0.0857755606475699,1.00792180580635,408.687906301299,1,0,2.08572695046202,0.0373217306659088,8.8415558995,-0.0215500905762917,0.101840581306121,0.138374810139167,short,
9,phase_shift,BEACON-Stan,bayesian_validation,credible,-0.597837000755621,-0.468476449323333,-0.68008873875,-0.2423819455,0.112128360982349,1.00252672731933,477.62572355667,0,0,2.31441672743565,0.0357197748270165,15.5440832273333,0.121060947623625,0.159226334017329,0.145084002874167,short,
10,phase_shift,BEACON-Stan,bayesian_validation,credible,-0.597837000755621,-0.535683991500583,-0.887412325,-0.202649851250001,0.178708395392994,0.999604083704716,501.49631496583,1,0,0.81117701190024,0.0225940172392752,11.8889580374167,-0.0606601171767328,0.0955755379757674,0.1518639424225,short,
11,phase_shift,BEACON-Stan,bayesian_validation,credible,-0.597837000755621,-0.805011408716667,-1.0318059825,-0.42071820625,0.150988600686198,1.00018371254724,277.69443605355,4,0,1.49116842877172,0.0370110826061287,14.37504259625,-0.00696070613416667,0.0972985731380541,0.2136056746,short,
12,phase_shift,BEACON-Stan,bayesian_validation,credible,-0.597837000755621,-0.404331285777167,-0.6209319385,-0.13813607325,0.122112161664883,1.00652510140587,495.361814982479,0,0,1.30550122870428,0.0249106514560678,11.0352775841667,-0.072977388519175,0.105249043524434,0.162341658738333,short,
13,phase_shift,BEACON-Stan,bayesian_validation,credible,-0.597837000755621,-0.51281583768,-0.81261903025,-0.26669665475,0.142042744701658,1.00541908901807,509.60307247418,0,0,2.07058102094703,0.0243400087421172,10.7265791759167,-0.022045722386985,0.108452865801885,0.175851916850833,short,
14,phase_shift,BEACON-Stan,bayesian_validation,credible,-0.597837000755621,-0.402405704268333,-0.5786710385,-0.200812171750001,0.100722269148404,1.01579742094814,916.451224407876,0,0,1.52834703722679,0.0178196824650489,16.2585377624167,0.00708710020389,0.094653479817533,0.143214743889167,short,
15,phase_shift,BEACON-Stan,bayesian_validation,credible,-0.597837000755621,-0.471667221140833,-0.70557205175,-0.250651304,0.11318180704576,1.00090761005569,1013.92721492098,2,0,2.20821671149669,0.0498169859795235,14.1069279208333,-0.077914301350825,0.146319876866945,0.116288348874167,short,
16,phase_shift,BEACON-Stan,bayesian_validation,credible,-0.597837000755621,-0.530882514365,-0.815133051,-0.218913096,0.147949163301121,1.0051549543856,766.217600760057,0,0,1.30648994607499,0.0301189974664112,9.64708903658333,0.0711543985681493,0.115683622502532,0.1155364487,short,
17,phase_shift,BEACON-Stan,bayesian_validation,credible,-0.597837000755621,-0.583366813008333,-0.70756871675,-0.443360268,0.067716460891782,1.00115095544077,865.098405541389,0,0,1.62445556814486,0.0218737291478803,14.8445275101667,0.0538710262590417,0.0928839329106407,0.1274497087275,short,
18,phase_shift,BEACON-Stan,bayesian_validation,credible,-0.597837000755621,-0.5759815686775,-0.767206359,-0.3664686775,0.10131601032166,1.00326267911688,599.309127959044,0,0,0.979578690923205,0.0287192371049764,11.41466999975,0.0843131907446408,0.111908955721923,0.13453369098,short,
19,phase_shift,BEACON-Stan,bayesian_validation,credible,-0.597837000755621,-0.612463889466667,-0.8573835035,-0.41986940225,0.115209702121189,1.00566904602162,575.235494323399,0,0,1.84473223862986,0.0559809860535278,13.4259006743333,0.0412428577434333,0.088833452079522,0.192293387708333,short,
20,phase_shift,BEACON-Stan,bayesian_validation,credible,-0.597837000755621,-0.610342571383333,-0.74797300425,-0.46312533475,0.0703074783301075,1.00238521545766,505.814605451589,0,0,0.699364673489578,0.0377293414703644,14.1896344945833,0.0307752300278642,0.0870046205689856,0.149115580461667,short,
21,phase_shift,BEACON-Stan,bayesian_validation,credible,-0.597837000755621,-0.459946395002833,-0.72226320275,-0.165324877500001,0.137220119333355,1.01267584863081,631.87209843727,0,0,1.06073991774499,0.0164121865581249,10.56037634225,0.0773539890254083,0.11817813383467,0.112731961419833,short,
22,phase_shift,BEACON-Stan,bayesian_validation,credible,-0.597837000755621,-0.449541032974083,-0.6739565735,-0.179364538000001,0.124423251774108,0.99812945013482,528.117916334697,0,0,2.45416279609277,0.020829174778284,14.2558824828333,-0.00536625899294167,0.0837369939376722,0.1458634823875,short,
23,phase_shift,BEACON-Stan,bayesian_validation,credible,-0.597837000755621,-0.707940574533333,-0.972718203,-0.45871436725,0.133422278881215,1.00752061548496,687.673531284662,0,0,1.63984021999189,0.0193339964718702,11.3674069525,0.017996875619025,0.105703143153103,0.104995025281167,short,
24,phase_shift,BEACON-Stan,bayesian_validation,credible,-0.597837000755621,-0.362807929573667,-0.5287419295,-0.19636475875,0.0848431953707153,1.00193021692491,711.93343512059,0,0,2.26364930136796,0.0317596477258429,9.38679965241667,0.0440650443419583,0.107985310579471,0.149872111336667,short,
25,phase_shift,BEACON-Stan,bayesian_validation,credible,-0.597837000755621,-0.711126344975,-0.85910527075,-0.51629589925,0.0832173786344143,1.00651424767394,631.97369884994,0,0,1.33487365755091,0.0397170318678285,12.37838308225,-0.0353145826564583,0.103392576840675,0.140000191413333,short,
26,phase_shift,BEACON-Stan,bayesian_validation,credible,-0.597837000755621,-0.474371962621667,-0.727175912,-0.22594867325,0.13211373952201,1.00600737834869,674.351135778833,0,0,1.42911268341456,0.0181854347592399,10.671548805,-0.0676975130491833,0.144636641729088,0.1405153344375,short,
27,phase_shift,BEACON-Stan,bayesian_validation,credible,-0.597837000755621,-0.618515274934167,-0.855017005,-0.350317479750001,0.130760105098007,1.00807422193867,227.937704204849,0,0,2.82893637022047,0.0341907481057503,16.1344711569167,0.00586630012565083,0.0989214903767269,0.1898685796075,short,
28,phase_shift,BEACON-Stan,bayesian_validation,credible,-0.597837000755621,-0.357451787985333,-0.7251684515,-0.0536756040000007,0.163357188330373,1.00344343162108,623.621935826746,0,0,1.0894997163231,0.0308169839998594,10.8085964451667,-0.101709752858525,0.12221618231116,0.1852230892,short,
29,phase_shift,BEACON-Stan,bayesian_validation,credible,-0.597837000755621,-0.439962487608333,-0.731311237,-0.0954912417500005,0.16295849588755,1.00675146130787,405.642549261497,0,0,1.11553115726496,0.0259617340859225,9.71406892558333,-0.0659453928484017,0.0955993545689159,0.145115972550833,short,
30,phase_shift,BEACON-Stan,bayesian_validation,credible,-0.597837000755621,-0.529503021216667,-0.7914154455,-0.298538223,0.122248377339331,1.00386808704562,790.511246749667,0,0,2.13018934239941,0.0247027785019594,15.5041714306667,0.02201672780029,0.0958847496996181,0.130608082308333,short,
31,phase_shift,BEACON-Stan,bayesian_validation,credible,-0.597837000755621,-0.671244206157583,-0.97946605825,-0.320080748250001,0.17046107949197,1.00786270740213,690.167782236713,0,0,1.95544636985766,0.0304919704720183,13.2878801429167,-0.0899656772486275,0.119239067109149,0.142725423646667,short,
32,phase_shift,BEACON-Stan,bayesian_validation,credible,-0.597837000755621,-0.573885844033333,-0.81450565125,-0.3131526915,0.130025290387168,1.00249364392075,920.169737923182,0,0,1.60107955179356,0.038640465485427,10.5818511389167,0.0559687531846517,0.0997289559520913,0.124686535586667,short,
33,phase_shift,BEACON-Stan,bayesian_validation,credible,-0.597837000755621,-0.959012293941667,-1.298167335,-0.62267956375,0.175185703592996,1.00559965193931,770.950725436316,0,0,3.13098193790113,0.0311228369220506,15.1593282396667,-0.0470714509940583,0.149809418170981,0.165413212191667,short,
34,phase_shift,BEACON-Stan,bayesian_validation,credible,-0.597837000755621,-0.449321799608333,-0.58905786325,-0.313787011,0.0685832103127664,1.01115105884001,502.29370910176,0,0,1.95698450840113,0.0328031529072487,9.33192138625,0.0891350819880217,0.10988861864449,0.15429291817,short,
35,phase_shift,BEACON-Stan,bayesian_validation,credible,-0.597837000755621,-0.674949502316667,-0.931939362,-0.409772892,0.129324460352678,1.00524927694031,612.695723626577,0,0,1.40794772646962,0.0308178652905522,12.8269030965,0.042088085892665,0.12113113871622,0.156009027809167,short,
36,phase_shift,BEACON-Stan,bayesian_validation,credible,-0.597837000755621,-0.64315773805,-0.95617756375,-0.348717715500001,0.151354115299557,1.00213575341348,761.880664720781,0,0,2.48560901177486,0.0248284430631755,11.1687182454167,-0.00523959880138333,0.082031297812493,0.219618235291667,short,
37,phase_shift,BEACON-Stan,bayesian_validation,credible,-0.597837000755621,-0.722583581058333,-0.8975609635,-0.55169953475,0.0856567520453378,1.0038555112477,582.181324019132,1,0,1.42149438197693,0.0257236703863397,9.04104367383333,0.0836352355364492,0.114021820671522,0.146217828350833,short,
38,phase_shift,BEACON-Stan,bayesian_validation,credible,-0.597837000755621,-0.774215260025,-0.97850768475,-0.56189033925,0.107380627618762,1.00232637705162,1010.64772861942,0,0,1.84379025792351,0.0232519421171408,11.2230450663333,-0.122336930437975,0.142627326401042,0.0926877211840833,short,
39,phase_shift,BEACON-Stan,bayesian_validation,credible,-0.597837000755621,-0.400974587482417,-0.66521378175,-0.0614183358250015,0.153627454591529,1.00761300732508,345.635529958357,0,0,1.93854206169755,0.0168486509390398,18.29351286525,-0.01144227698247,0.0846322587173117,0.180069752949167,short,
40,phase_shift,BEACON-Stan,bayesian_validation,credible,-0.597837000755621,-0.571041423015,-0.87904364325,-0.195133982500001,0.168377591417358,1.00691485647007,483.498577255251,0,0,0.649386699415619,0.0288526132388949,10.6590994243333,0.11516864330785,0.140387579130637,0.208917003658333,short,
41,phase_shift,BEACON-Stan,bayesian_validation,credible,-0.597837000755621,-0.559225506014167,-0.7864558735,-0.28364292175,0.125524461217236,1.01262041615125,581.341196610116,0,0,0.48920601623738,0.0240431754561382,13.4724752616667,-0.0142998467480392,0.102750289448485,0.151460655760833,short,
42,phase_shift,BEACON-Stan,bayesian_validation,credible,-0.597837000755621,-0.429145399925,-0.5737258,-0.263603923,0.0758963933649215,1.00610608360293,672.443646867081,0,0,1.01523889785606,0.024933520145706,11.4495648245,0.00833956457901834,0.0783735112742228,0.109776345168333,short,
43,phase_shift,BEACON-Stan,bayesian_validation,credible,-0.597837000755621,-0.573997335883333,-0.83560789275,-0.30392986,0.136095600401335,1.00549096830755,517.694439111953,0,0,2.01194211638411,0.0216066048228636,10.2772613785,0.040331215942955,0.104845468451546,0.123516161744167,short,
44,phase_shift,BEACON-Stan,bayesian_validation,credible,-0.597837000755621,-0.699241283691667,-0.884782186,-0.52579177825,0.0902686010969204,1.00681081736471,426.948801772698,1,0,2.09500452782853,0.0114324351588375,12.17821776575,0.101623501207186,0.134359460428672,0.120152437025833,short,
45,phase_shift,BEACON-Stan,bayesian_validation,credible,-0.597837000755621,-0.697407629375,-0.94644236475,-0.44343408125,0.128362078759572,1.00407776160464,654.696650751863,0,0,0.720885607970181,0.0218467919833515,11.5343874539167,-0.0511294523946433,0.158866754120517,0.153592305533333,short,
46,phase_shift,BEACON-Stan,bayesian_validation,credible,-0.597837000755621,-0.586791551713333,-0.84478444075,-0.27582464925,0.148498162019333,1.00252145575148,610.094607163754,0,0,1.27230025613211,0.0278459509697955,13.5806944036667,0.210393010386858,0.221709405330902,0.134246768726667,short,
47,phase_shift,BEACON-Stan,bayesian_validation,credible,-0.597837000755621,-0.659448775791667,-0.9308657255,-0.38793032075,0.139022268361786,1.00658032367549,730.423613338472,0,0,0.832971432397482,0.0435641196227814,11.84719156925,-0.0600323008658754,0.0886262781552805,0.180621389258333,short,
48,phase_shift,BEACON-Stan,bayesian_validation,credible,-0.597837000755621,-0.367766483149433,-0.706273123,0.036100074825,0.190001172669657,1.00371629604707,591.825052379538,0,0,1.54724440744538,0.0447079492806439,12.38502237725,0.0088907162577775,0.0814729655923837,0.201620391875,short,
49,phase_shift,BEACON-Stan,bayesian_validation,credible,-0.597837000755621,-0.505046378266683,-0.751167492,-0.18327208775,0.144852534796511,1.00085241577388,541.834536156564,0,0,3.53052118960346,0.0422371123331661,11.92118922525,-0.0581908407608542,0.111191300783963,0.172704584218333,short,
50,phase_shift,BEACON-Stan,bayesian_validation,credible,-0.597837000755621,-0.433338911541667,-0.67825324825,-0.25840035625,0.103161108516107,1.00457181418327,763.857382442533,0,0,1.65528823956484,0.0327370490656322,11.0991865359167,-0.0808356338226917,0.137745493021848,0.158316934458333,short,
51,phase_shift,BEACON-Stan,bayesian_validation,credible,-0.597837000755621,-0.595532219341667,-0.8619655255,-0.31453934275,0.139351714704082,1.00250600188933,721.131242297629,0,0,1.38241530187684,0.0279095348722201,15.23803518225,0.0700471477393675,0.0993241744808468,0.136348458651667,short,
52,phase_shift,BEACON-Stan,bayesian_validation,credible,-0.597837000755621,-0.560559215944167,-0.83836505575,-0.3095432485,0.134147307167145,1.00208498533244,702.683445476083,0,0,1.78637881884222,0.0178964990626752,11.5430592045833,0.00129865742948917,0.111467230649466,0.197978440116667,short,
53,phase_shift,BEACON-Stan,bayesian_validation,credible,-0.597837000755621,-0.361786068532417,-0.66397997275,0.00791625808999987,0.169537158116597,1.0105405500198,592.551076168912,0,0,2.78867865058743,0.0391685722497963,12.5171236053333,0.140104870444642,0.155849736026185,0.138335437700833,short,
54,phase_shift,BEACON-Stan,bayesian_validation,credible,-0.597837000755621,-0.609608340241667,-0.82597535275,-0.4317039275,0.102876356476935,1.00391630454216,621.050884564299,0,0,1.46876653849777,0.0409932932903979,9.6203956805,-0.122551523799175,0.142465480952122,0.162553284753333,short,
55,phase_shift,BEACON-Stan,bayesian_validation,credible,-0.597837000755621,-0.455068626782583,-0.76960628475,-0.0811552880500015,0.1703192474378,1.00232008591126,533.685963110699,1,0,2.35155385296787,0.0366367889470018,12.6527148101667,0.0131555883066333,0.0904018401541938,0.160342117913333,short,
56,phase_shift,BEACON-Stan,bayesian_validation,credible,-0.597837000755621,-0.506224581776083,-0.70786131175,-0.193086552,0.124244752850019,1.00788188811023,536.711905340792,1,0,1.3909934694049,0.0279511539345499,16.3776798825833,-0.0152807780155725,0.0762256563433691,0.194446860116667,short,
57,phase_shift,BEACON-Stan,bayesian_validation,credible,-0.597837000755621,-0.774470103733333,-1.0075323175,-0.47926297575,0.133197012368429,1.01163427350825,678.591801855662,0,0,1.33407662930601,0.0247193378315194,21.6294630433333,-0.0258049203132917,0.087653386168901,0.156388279006667,short,
58,phase_shift,BEACON-Stan,bayesian_validation,credible,-0.597837000755621,-0.552455597825833,-0.752949324,-0.31644057925,0.106558683817789,1.00329268533167,742.527019675106,1,0,2.46730344764361,0.0442988217786133,13.3035448390833,0.0308812395565943,0.115986717684282,0.1688963397625,short,
59,phase_shift,BEACON-Stan,bayesian_validation,credible,-0.597837000755621,-0.431636077866667,-0.58145383575,-0.284836138,0.076027439178308,1.00332629828435,763.523435647965,1,0,1.69115021689854,0.0184083156708581,9.53772927041667,0.104205066586417,0.123885718720258,0.156516473581667,short,
60,phase_shift,BEACON-Stan,bayesian_validation,credible,-0.597837000755621,-0.561613721025,-0.70975327025,-0.425161951,0.0735936252448081,1.00404163048778,679.144771529366,5,0,2.17027814801295,0.0248356303211219,14.7580664056667,0.00592167363048333,0.085775442192492,0.180828301099167,short,
61,phase_shift,BEACON-Stan,bayesian_validation,credible,-0.597837000755621,-0.472068929852302,-0.84436180825,-0.0500780497000008,0.204383863550277,1.00884816660259,737.203128752303,0,0,1.58885407896623,0.00645534616428644,9.40212843233333,0.00290705074759167,0.0879666805351651,0.174501217575,short,
62,phase_shift,BEACON-Stan,bayesian_validation,credible,-0.597837000755621,-0.39450697483475,-0.61873808375,-0.0779708018250011,0.134862941004305,1.00111805162992,550.607324156151,0,0,2.83680437030406,0.0293563726098117,13.8805253368333,0.0370640426469517,0.0932281049299617,0.177093472023333,short,
63,phase_shift,BEACON-Stan,bayesian_validation,credible,-0.597837000755621,-0.640561934416667,-0.8494151965,-0.397941988,0.114751296013315,1.00494880535055,569.717224619466,0,0,1.70686349729991,0.0110304631750663,11.3659823820833,-0.0758654337939667,0.106937706053301,0.1982804624,short,
64,phase_shift,BEACON-Stan,bayesian_validation,credible,-0.597837000755621,-0.49632300645525,-0.771859821,-0.130861980250001,0.158330985998953,1.00427050057502,837.398036081421,0,0,0.827615977862917,0.0260622924783029,12.6589393465833,-0.0253129580289625,0.0861871967558605,0.163090689940833,short,
65,phase_shift,BEACON-Stan,bayesian_validation,credible,-0.597837000755621,-0.507735822822517,-0.73482211275,-0.157449207,0.150360820412631,1.01440730132362,411.944254605684,1,0,1.54067700728405,0.028240374882516,11.6073325150833,0.004531984238835,0.162383746879103,0.195717259033333,short,
66,phase_shift,BEACON-Stan,bayesian_validation,credible,-0.597837000755621,-0.574418722516667,-0.8844343685,-0.23457155,0.159083063933284,1.0030905925624,514.266097213522,1,0,2.29957517450741,0.0364859500529749,11.5619806073333,-0.0203327194450167,0.106421980818291,0.1728961191575,short,
67,phase_shift,BEACON-Stan,bayesian_validation,credible,-0.597837000755621,-0.801646375416667,-1.05872018,-0.491625929,0.144535407450682,1.00247823186786,803.850287227412,0,0,1.06677632277323,0.0339273818817411,13.4577314175833,-0.109754862677919,0.135873198616232,0.143250107695,short,
68,phase_shift,BEACON-Stan,bayesian_validation,credible,-0.597837000755621,-0.505644259273417,-0.72633137725,-0.2549686495,0.125071887572106,1.00435427468888,571.244097939118,0,0,1.62570899521216,0.0205620160574695,15.7830220646667,-0.0114680506828142,0.0707301591254408,0.172466014613333,short,
69,phase_shift,BEACON-Stan,bayesian_validation,credible,-0.597837000755621,-0.718542103568333,-0.9820191095,-0.272168938,0.180088545816258,1.00462679445697,357.14155418559,2,0,1.184192997271,0.0292146558159365,11.1773862066667,0.04667948370105,0.107943423335395,0.116945914938333,short,
70,phase_shift,BEACON-Stan,bayesian_validation,credible,-0.597837000755621,-0.503496657650167,-0.769378561,-0.2500989455,0.12641754157265,1.01048330873067,515.836825831281,0,0,0.930582217288918,0.0361456975528643,10.5587535523333,-0.0872866588276935,0.110500940863389,0.155604194471667,short,
71,phase_shift,BEACON-Stan,bayesian_validation,credible,-0.597837000755621,-0.316017531524333,-0.58195455825,-0.0403926403250013,0.141796188013623,1.00635167320043,812.63959140985,0,0,2.66919052187893,0.0322792122280689,12.1559629225,0.0298610143280333,0.096287209737739,0.1340696500925,short,
72,phase_shift,BEACON-Stan,bayesian_validation,credible,-0.597837000755621,-0.408707412324167,-0.70465501775,-0.1298601965,0.147054451753821,1.01001430775995,518.237185045108,0,0,2.40714363951031,0.0411206289513536,13.2672075664167,-0.0689440590203167,0.171989715860213,0.183680512358333,short,
73,phase_shift,BEACON-Stan,bayesian_validation,credible,-0.597837000755621,-0.548781486497917,-0.8483253485,-0.21367723,0.165537005843346,1.00092942049673,635.04335443492,0,0,1.3254562726607,0.0374797990177333,11.445959799,0.0437168834421308,0.0883767372478428,0.121931572938333,short,
74,phase_shift,BEACON-Stan,bayesian_validation,credible,-0.597837000755621,-0.8830751032,-1.1544039675,-0.61467040525,0.135849585412114,1.00384895975663,1281.74306860328,0,0,2.25150072528146,0.023866174402401,14.8613191679167,0.0456797708229167,0.144338508422858,0.0742230642035833,short,
75,phase_shift,BEACON-Stan,bayesian_validation,credible,-0.597837000755621,-0.650760091978333,-0.96342112,-0.376607733,0.148447116561828,1.00421171605661,572.840666956246,0,0,2.68204674536137,0.0258823187809505,11.2824399315,-0.03731971946365,0.0946223674295447,0.1984509614,short,
76,phase_shift,BEACON-Stan,bayesian_validation,credible,-0.597837000755621,-0.552707824698333,-0.76488241175,-0.302401806250002,0.116211850183269,1.00913440880632,652.129137714225,0,0,0.690896962685546,0.0294396191631315,11.807610393,-0.142870362057858,0.165259034302789,0.197576898108333,short,
77,phase_shift,BEACON-Stan,bayesian_validation,credible,-0.597837000755621,-0.616483608683333,-0.799897005,-0.41077794375,0.100461435318059,1.00171352230861,1317.98800068875,0,0,1.52681949261326,0.0333989401969209,14.01002353825,0.125123056982325,0.133804409402466,0.101837614675417,short,
78,phase_shift,BEACON-Stan,bayesian_validation,credible,-0.597837000755621,-0.550242308841667,-0.73985247325,-0.37162384325,0.0886033360129948,1.00848229631068,447.903310840286,0,0,1.53009525248662,0.0325396087729502,15.38817119825,0.0700201469447167,0.109099908753749,0.152452549406667,short,
79,phase_shift,BEACON-Stan,bayesian_validation,credible,-0.597837000755621,-0.514220384475,-0.7034410755,-0.2811953735,0.111047270886924,1.00318726072589,592.800561714247,0,0,0.986974370415986,0.01931297030088,9.9324152455,0.0171306138602833,0.0908269393185444,0.117795454255833,short,
80,phase_shift,BEACON-Stan,bayesian_validation,credible,-0.597837000755621,-0.400970752118333,-0.6623411385,-0.165289808,0.123837951557867,1.00146554846696,555.806269794211,0,0,2.62134355586448,0.0500196045138683,13.0868791041667,-0.0380433017895667,0.130615233496479,0.214185645408333,short,
81,phase_shift,BEACON-Stan,bayesian_validation,credible,-0.597837000755621,-0.57239213821,-0.8308870855,-0.29308919225,0.133454657252192,1.00340662642505,823.406537674581,0,0,0.968124117017048,0.014531122871735,13.7758578235833,0.0632075536470325,0.100993765213234,0.141626774968333,short,
82,phase_shift,BEACON-Stan,bayesian_validation,credible,-0.597837000755621,-0.51674362749,-0.70865048975,-0.341757525,0.0928070587782961,1.00706388425192,554.878813161392,0,0,1.52146400675362,0.0213597377777907,10.7359179511667,-0.0543492630825775,0.0976642779409902,0.140114201238333,short,
83,phase_shift,BEACON-Stan,bayesian_validation,credible,-0.597837000755621,-0.38846220127925,-0.8055690715,0.0668842318499998,0.220432649529478,1.00188454428839,741.58082206123,0,0,2.07205107147451,0.0357723063794183,12.0872590793333,-0.0866219417855667,0.162012417598332,0.1701127588025,short,
84,phase_shift,BEACON-Stan,bayesian_validation,credible,-0.597837000755621,-0.517630656964167,-0.662049074,-0.2265330615,0.105403073997108,1.00243604013045,366.987816234514,1,0,0.692598498722007,0.0396181397441963,14.44885629525,0.016599672992345,0.125962071323188,0.146454872993333,short,
85,phase_shift,BEACON-Stan,bayesian_validation,credible,-0.597837000755621,-0.69696848395,-0.87073237125,-0.500484199000001,0.0913526194062163,1.00405490018641,605.374193900578,1,0,1.39738602090056,0.0249317339932718,8.91355226983333,-0.0352152171544717,0.130365268496611,0.152470370255,short,
86,phase_shift,BEACON-Stan,bayesian_validation,credible,-0.597837000755621,-0.5474181113725,-0.78513513175,-0.22256787725,0.140566116041276,1.00223581816121,392.97424087945,0,0,1.96120014956642,0.0360650817854649,17.4525932880833,-0.0914706082966683,0.118856192862691,0.176911948075833,short,
87,phase_shift,BEACON-Stan,bayesian_validation,credible,-0.597837000755621,-0.247150079318233,-0.4892965805,-0.0369411705250003,0.114690675619812,1.01173712939235,724.293043915257,0,0,1.46645332009875,0.0213919304755405,12.60153337525,-0.0347679957361933,0.0910781187811965,0.195298440691667,short,
88,phase_shift,BEACON-Stan,bayesian_validation,credible,-0.597837000755621,-0.416584034828083,-0.76600493875,-0.0484381802750004,0.187406419447097,1.00602768099289,594.365750914664,0,0,2.10558632649743,0.0170554025877793,15.6542208215833,0.046891796986119,0.0954271973953524,0.184798541875,short,
89,phase_shift,BEACON-Stan,bayesian_validation,credible,-0.597837000755621,-0.508511282451667,-0.72412287525,-0.29733635175,0.106041627040543,1.00975547410609,546.208423289783,0,0,2.15297561231061,0.0213743431235173,12.5234460681667,0.0296388683263283,0.103113207173577,0.178642647335,short,
90,phase_shift,BEACON-Stan,bayesian_validation,credible,-0.597837000755621,-0.5214423249825,-0.75934477025,-0.2421002295,0.131028296513683,1.00270564731287,558.978840948651,0,0,2.40060306118502,0.0325622732451597,10.9831704691667,0.0800952371863833,0.1137935878965,0.140491258255833,short,
91,phase_shift,BEACON-Stan,bayesian_validation,credible,-0.597837000755621,-0.710857201141667,-1.0167221175,-0.4071238815,0.149688629731624,1.0013661857324,590.361738336349,0,0,0.770271123732955,0.0266945737000127,13.63903569875,-0.0634237759349708,0.0921771813754492,0.139846774875,short,
92,phase_shift,BEACON-Stan,bayesian_validation,credible,-0.597837000755621,-0.4779531627775,-0.7272720925,-0.177232520000001,0.138401135992443,1.00114218925955,661.989659091779,0,0,3.93479431377187,0.0464066962432032,13.0039631850833,0.0925975608932417,0.12523453275549,0.123091226175,short,
93,phase_shift,BEACON-Stan,bayesian_validation,credible,-0.597837000755621,-0.429826473310608,-0.70969801425,-0.12802123475,0.151258537212199,1.00252055799194,555.903440405386,0,0,1.92386776075229,0.0282233414814972,9.35383593741667,-0.04389038304306,0.0989452225309926,0.103627262945,short,
94,phase_shift,BEACON-Stan,bayesian_validation,credible,-0.597837000755621,-0.674877229341667,-0.88498506825,-0.453774589,0.112931095189084,0.999200964949085,1201.22129616554,0,0,1.99163451809112,0.0337167152368237,11.5330826195833,-0.085299373453175,0.129160962294674,0.109082135646667,short,
95,phase_shift,BEACON-Stan,bayesian_validation,credible,-0.597837000755621,-0.540932129938333,-0.799590318,-0.233133528750001,0.140552099311031,1.00095681539067,859.373044578581,0,0,0.767258391972823,0.0222397843584121,10.6256403808333,-0.0674267601981167,0.107999338976532,0.1130388475525,short,
96,phase_shift,BEACON-Stan,bayesian_validation,credible,-0.597837000755621,-0.589233817658333,-0.74187113875,-0.408437636000001,0.0852505553136904,1.00011029896958,567.074180059313,0,0,1.80709977635636,0.0188896675899001,11.9116442345833,0.0201988318554371,0.0936237379850192,0.17602844615,short,
97,phase_shift,BEACON-Stan,bayesian_validation,credible,-0.597837000755621,-0.4249258030285,-0.74466627175,-0.12146162475,0.156995762121023,1.00784657181335,989.946228371259,0,0,2.04080887373254,0.0262504059017697,12.2793609588333,-0.0145494659519333,0.110117997767265,0.1608759109275,short,
98,phase_shift,BEACON-Stan,bayesian_validation,credible,-0.597837000755621,-0.458606571891667,-0.66233154525,-0.27089660725,0.0971999284369727,0.999570428103037,741.552815851911,0,0,0.797032042984136,0.0222148848664276,12.4624373825833,0.0427281674887608,0.119182976548603,0.183397456291667,short,
99,phase_shift,BEACON-Stan,bayesian_validation,credible,-0.597837000755621,-0.494328870908333,-0.74776299325,-0.24742009,0.1248146374352,1.00489386125189,689.97389292205,0,0,1.52992913554468,0.0444840424725631,14.1109133070833,-0.03737924938594,0.082017084199211,0.12765857925,short,
100,phase_shift,BEACON-Stan,bayesian_validation,credible,-0.597837000755621,-0.586227776683333,-0.7865318695,-0.39371415875,0.0984051752154614,1.00694974060589,563.505525147626,0,0,0.829884461851506,0.0208551931563625,15.2459835869167,-0.0405758161543583,0.092811346900275,0.167834240675833,short,
