rep,scenario,method,component,interval_type,true,estimate,lower,upper,se,rhat,ess_bulk,divergences,max_treedepth_hits,shift_rmse,speed_rmse,phi_estimate,beta_time_estimate,error
1,aligned,ITS,large_scale_comparison,Wald,-0.597837000755621,-0.227385291833094,-0.483072561269436,0.0283019776032477,0.130452688487929,,,,,,,,,
1,aligned,GAM,large_scale_comparison,Wald,-0.597837000755621,-0.379921084163522,-0.478382758703551,-0.281459409623493,0.0502355482347088,,,,,,,,,
1,aligned,Aligned NB,large_scale_comparison,Wald,-0.597837000755621,-0.228785581607765,-0.484865041332938,0.0272938781174083,0.130652785574068,,,,,,,,,
2,aligned,ITS,large_scale_comparison,Wald,-0.597837000755621,-0.866654054666929,-1.18839392993601,-0.544914179397853,0.164152997586263,,,,,,,,,
2,aligned,GAM,large_scale_comparison,Wald,-0.597837000755621,-0.350889555809592,-0.446288589111947,-0.255490522507236,0.0486729761746712,,,,,,,,,
2,aligned,Aligned NB,large_scale_comparison,Wald,-0.597837000755621,-0.867902468665546,-1.18948482674167,-0.546320110589419,0.164072631671493,,,,,,,,,
3,aligned,ITS,large_scale_comparison,Wald,-0.597837000755621,-0.465350167704276,-0.841404546036712,-0.0892957893718396,0.191864478741039,,,,,,,,,
3,aligned,GAM,large_scale_comparison,Wald,-0.597837000755621,-0.727530669408349,-0.801081851355889,-0.653979487460808,0.0375261132385412,,,,,,,,,
3,aligned,Aligned NB,large_scale_comparison,Wald,-0.597837000755621,-0.461130341383128,-0.837806328647611,-0.0844543541186445,0.192181626155349,,,,,,,,,
4,aligned,ITS,large_scale_comparison,Wald,-0.597837000755621,-0.558300930426853,-0.823793626876616,-0.29280823397709,0.135455457372328,,,,,,,,,
4,aligned,GAM,large_scale_comparison,Wald,-0.597837000755621,-0.760100146159141,-0.842931785777335,-0.677268506540947,0.0422610406215275,,,,,,,,,
4,aligned,Aligned NB,large_scale_comparison,Wald,-0.597837000755621,-0.558108063500417,-0.82364807010964,-0.292568056891193,0.135479595208787,,,,,,,,,
5,aligned,ITS,large_scale_comparison,Wald,-0.597837000755621,-0.466839522730327,-0.741426612300912,-0.192252433159742,0.140095453862543,,,,,,,,,
5,aligned,GAM,large_scale_comparison,Wald,-0.597837000755621,-0.568974198368272,-0.680035846392141,-0.457912550344404,0.0566641061346266,,,,,,,,,
5,aligned,Aligned NB,large_scale_comparison,Wald,-0.597837000755621,-0.467632804511276,-0.742647145840956,-0.192618463181597,0.140313439453918,,,,,,,,,
6,aligned,ITS,large_scale_comparison,Wald,-0.597837000755621,-0.642581654829685,-0.998603207630929,-0.286560102028441,0.18164364938839,,,,,,,,,
6,aligned,GAM,large_scale_comparison,Wald,-0.597837000755621,-0.558981330030475,-0.663315251707951,-0.454647408353,0.0532315926925895,,,,,,,,,
6,aligned,Aligned NB,large_scale_comparison,Wald,-0.597837000755621,-0.642196905528765,-0.998850948568496,-0.285542862489034,0.181966348489659,,,,,,,,,
7,aligned,ITS,large_scale_comparison,Wald,-0.597837000755621,-0.469071933811281,-0.80814731279078,-0.129996554831782,0.172997642336479,,,,,,,,,
7,aligned,GAM,large_scale_comparison,Wald,-0.597837000755621,-0.703348980218911,-0.808306696645972,-0.59839126379185,0.0535498553199289,,,,,,,,,
7,aligned,Aligned NB,large_scale_comparison,Wald,-0.597837000755621,-0.470162768585389,-0.809627214294747,-0.130698322876031,0.173196145770081,,,,,,,,,
8,aligned,ITS,large_scale_comparison,Wald,-0.597837000755621,-0.772740740549517,-1.02436292539172,-0.521118555707317,0.128378665735816,,,,,,,,,
8,aligned,GAM,large_scale_comparison,Wald,-0.597837000755621,-0.907345181476349,-1.01898145711024,-0.795708905842461,0.0569572834866774,,,,,,,,,
8,aligned,Aligned NB,large_scale_comparison,Wald,-0.597837000755621,-0.768385793296698,-1.02001749384507,-0.516754092748322,0.128383520687947,,,,,,,,,
9,aligned,ITS,large_scale_comparison,Wald,-0.597837000755621,-0.543434612905372,-0.782321335563709,-0.304547890247036,0.121880980948131,,,,,,,,,
9,aligned,GAM,large_scale_comparison,Wald,-0.597837000755621,-0.384223460912579,-0.446933612844978,-0.321513308980181,0.0319949754757137,,,,,,,,,
9,aligned,Aligned NB,large_scale_comparison,Wald,-0.597837000755621,-0.54072276877545,-0.779861665098171,-0.30158387245273,0.12200964098098,,,,,,,,,
10,aligned,ITS,large_scale_comparison,Wald,-0.597837000755621,-0.754936709389275,-1.02708264282047,-0.482790775958084,0.138849966036322,,,,,,,,,
10,aligned,GAM,large_scale_comparison,Wald,-0.597837000755621,-0.619799623183491,-0.732160861691157,-0.507438384675825,0.0573271625039113,,,,,,,,,
10,aligned,Aligned NB,large_scale_comparison,Wald,-0.597837000755621,-0.749911823386119,-1.02206297957429,-0.477760667197945,0.138852630708252,,,,,,,,,
11,aligned,ITS,large_scale_comparison,Wald,-0.597837000755621,-0.345934811560233,-0.701859300626837,0.0099896775063707,0.181594127074798,,,,,,,,,
11,aligned,GAM,large_scale_comparison,Wald,-0.597837000755621,-0.678765391639195,-0.758214556928584,-0.599316226349805,0.0405352884129539,,,,,,,,,
11,aligned,Aligned NB,large_scale_comparison,Wald,-0.597837000755621,-0.345483384275881,-0.70190630944433,0.0109395408925675,0.181848431208392,,,,,,,,,
12,aligned,ITS,large_scale_comparison,Wald,-0.597837000755621,-0.395863617850043,-0.632755248878861,-0.158971986821225,0.120863077055519,,,,,,,,,
12,aligned,GAM,large_scale_comparison,Wald,-0.597837000755621,-0.511615263003127,-0.585286946914486,-0.437943579091767,0.0375875938323264,,,,,,,,,
12,aligned,Aligned NB,large_scale_comparison,Wald,-0.597837000755621,-0.395131986229294,-0.632160095311461,-0.158103877147128,0.120932708715391,,,,,,,,,
13,aligned,ITS,large_scale_comparison,Wald,-0.597837000755621,-0.566719115874938,-0.843636665697043,-0.289801566052833,0.141284464194951,,,,,,,,,
13,aligned,GAM,large_scale_comparison,Wald,-0.597837000755621,-0.442299007825202,-0.547979388685076,-0.336618626965327,0.0539185616632011,,,,,,,,,
13,aligned,Aligned NB,large_scale_comparison,Wald,-0.597837000755621,-0.564697587157814,-0.841733669709715,-0.287661504605912,0.141344940077501,,,,,,,,,
14,aligned,ITS,large_scale_comparison,Wald,-0.597837000755621,-0.54537342865597,-0.843701822161455,-0.247045035150485,0.152208364033411,,,,,,,,,
14,aligned,GAM,large_scale_comparison,Wald,-0.597837000755621,-0.646000784987733,-0.756333928638417,-0.535667641337048,0.0562924202299412,,,,,,,,,
14,aligned,Aligned NB,large_scale_comparison,Wald,-0.597837000755621,-0.544079883964943,-0.842886191108855,-0.245273576821031,0.152452197522404,,,,,,,,,
15,aligned,ITS,large_scale_comparison,Wald,-0.597837000755621,-0.319341232500328,-0.66764642346356,0.0289639584629042,0.177706730083282,,,,,,,,,
15,aligned,GAM,large_scale_comparison,Wald,-0.597837000755621,-0.405793512089877,-0.521806192436035,-0.28978083174372,0.0591901430337541,,,,,,,,,
15,aligned,Aligned NB,large_scale_comparison,Wald,-0.597837000755621,-0.316556888781251,-0.664886461940497,0.0317726843779962,0.177719169979208,,,,,,,,,
16,aligned,ITS,large_scale_comparison,Wald,-0.597837000755621,-0.385148143514892,-0.58525212417137,-0.185044162858415,0.102093867681876,,,,,,,,,
16,aligned,GAM,large_scale_comparison,Wald,-0.597837000755621,-0.705909464028132,-0.806350006451136,-0.605468921605127,0.0512451747056145,,,,,,,,,
16,aligned,Aligned NB,large_scale_comparison,Wald,-0.597837000755621,-0.385613146999728,-0.585730405045377,-0.185495888954078,0.102100641860025,,,,,,,,,
17,aligned,ITS,large_scale_comparison,Wald,-0.597837000755621,-0.45659236723784,-0.729930130448088,-0.183254604027591,0.139458042454208,,,,,,,,,
17,aligned,GAM,large_scale_comparison,Wald,-0.597837000755621,-0.259329586745933,-0.366399888099056,-0.15225928539281,0.0546277047720015,,,,,,,,,
17,aligned,Aligned NB,large_scale_comparison,Wald,-0.597837000755621,-0.453738095956591,-0.727170461642651,-0.180305730270531,0.1395063090235,,,,,,,,,
18,aligned,ITS,large_scale_comparison,Wald,-0.597837000755621,-0.612398528086576,-0.941294709005897,-0.283502347167254,0.167804173938429,,,,,,,,,
18,aligned,GAM,large_scale_comparison,Wald,-0.597837000755621,-0.69675011608262,-0.820192721327641,-0.573307510837599,0.0629809210433782,,,,,,,,,
18,aligned,Aligned NB,large_scale_comparison,Wald,-0.597837000755621,-0.613048863991069,-0.941900887030894,-0.284196840951244,0.167781644408074,,,,,,,,,
19,aligned,ITS,large_scale_comparison,Wald,-0.597837000755621,-0.763566695607345,-0.996075901858213,-0.531057489356476,0.118627146046362,,,,,,,,,
19,aligned,GAM,large_scale_comparison,Wald,-0.597837000755621,-0.67850054412344,-0.748486353087735,-0.608514735159145,0.0357070453899465,,,,,,,,,
19,aligned,Aligned NB,large_scale_comparison,Wald,-0.597837000755621,-0.765894899366808,-0.998175259432055,-0.533614539301561,0.118510387788391,,,,,,,,,
20,aligned,ITS,large_scale_comparison,Wald,-0.597837000755621,-0.312559555850324,-0.615615478597032,-0.00950363310361635,0.15462036874832,,,,,,,,,
20,aligned,GAM,large_scale_comparison,Wald,-0.597837000755621,-0.644974297516724,-0.755477089426599,-0.534471505606849,0.0563789754642218,,,,,,,,,
20,aligned,Aligned NB,large_scale_comparison,Wald,-0.597837000755621,-0.312760694222711,-0.615796301421289,-0.00972508702413283,0.154610003672744,,,,,,,,,
21,aligned,ITS,large_scale_comparison,Wald,-0.597837000755621,-0.313866710930013,-0.55055238300365,-0.0771810388563762,0.120757995955937,,,,,,,,,
21,aligned,GAM,large_scale_comparison,Wald,-0.597837000755621,-0.506902042880522,-0.576349203268221,-0.437454882492824,0.0354322246876013,,,,,,,,,
21,aligned,Aligned NB,large_scale_comparison,Wald,-0.597837000755621,-0.312906969862527,-0.549716678830758,-0.076097260894297,0.120821280085832,,,,,,,,,
22,aligned,ITS,large_scale_comparison,Wald,-0.597837000755621,-0.452326695702988,-1.09385757106394,0.189204179657965,0.327311671102527,,,,,,,,,
22,aligned,GAM,large_scale_comparison,Wald,-0.597837000755621,-0.57729419146472,-0.694034858524467,-0.460553524404973,0.0595615648264015,,,,,,,,,
22,aligned,Aligned NB,large_scale_comparison,Wald,-0.597837000755621,-0.447755898999156,-1.08968910140456,0.194177303406251,0.327516940002759,,,,,,,,,
23,aligned,ITS,large_scale_comparison,Wald,-0.597837000755621,-0.776102906116383,-1.28669542471674,-0.265510387516031,0.260506387040996,,,,,,,,,
23,aligned,GAM,large_scale_comparison,Wald,-0.597837000755621,-0.655151665725385,-0.729353356719017,-0.580949974731752,0.0378580056089961,,,,,,,,,
23,aligned,Aligned NB,large_scale_comparison,Wald,-0.597837000755621,-0.77435511077481,-1.28474349325422,-0.263966728295403,0.260402235958881,,,,,,,,,
24,aligned,ITS,large_scale_comparison,Wald,-0.597837000755621,-0.326978075385338,-0.612470114755088,-0.0414860360155893,0.145659203760076,,,,,,,,,
24,aligned,GAM,large_scale_comparison,Wald,-0.597837000755621,-0.478034797188033,-0.583310993912409,-0.372758600463657,0.0537123452675388,,,,,,,,,
24,aligned,Aligned NB,large_scale_comparison,Wald,-0.597837000755621,-0.32651195443159,-0.612116909683646,-0.0409069991795345,0.14571681390411,,,,,,,,,
25,aligned,ITS,large_scale_comparison,Wald,-0.597837000755621,-0.520875904204774,-0.713841829693003,-0.327909978716545,0.0984520028001168,,,,,,,,,
25,aligned,GAM,large_scale_comparison,Wald,-0.597837000755621,-0.229609355644353,-0.294340103363247,-0.164878607925459,0.0330258916933131,,,,,,,,,
25,aligned,Aligned NB,large_scale_comparison,Wald,-0.597837000755621,-0.51962291257461,-0.712822497854559,-0.326423327294661,0.0985712169795659,,,,,,,,,
26,aligned,ITS,large_scale_comparison,Wald,-0.597837000755621,-0.929984504150429,-1.24961434216767,-0.610354666133189,0.16307644796798,,,,,,,,,
26,aligned,GAM,large_scale_comparison,Wald,-0.597837000755621,-0.53987933688055,-0.613575145839505,-0.466183527921595,0.0375999025300792,,,,,,,,,
26,aligned,Aligned NB,large_scale_comparison,Wald,-0.597837000755621,-0.927403595510549,-1.24701614310069,-0.607791047920403,0.163067626321503,,,,,,,,,
27,aligned,ITS,large_scale_comparison,Wald,-0.597837000755621,-0.426821138778533,-0.604126260624388,-0.249516016932677,0.0904617968601304,,,,,,,,,
27,aligned,GAM,large_scale_comparison,Wald,-0.597837000755621,-0.524528408980024,-0.590388575727876,-0.458668242232171,0.0336021258917615,,,,,,,,,
27,aligned,Aligned NB,large_scale_comparison,Wald,-0.597837000755621,-0.423437066482308,-0.600951835713119,-0.245922297251498,0.090568759811638,,,,,,,,,
28,aligned,ITS,large_scale_comparison,Wald,-0.597837000755621,-0.444849755039412,-0.743904157598719,-0.145795352480104,0.152578776815973,,,,,,,,,
28,aligned,GAM,large_scale_comparison,Wald,-0.597837000755621,-0.926450972116292,-1.05439144439612,-0.79851049983646,0.0652757511631799,,,,,,,,,
28,aligned,Aligned NB,large_scale_comparison,Wald,-0.597837000755621,-0.442383091291836,-0.741526757980114,-0.143239424603558,0.152624319738917,,,,,,,,,
29,aligned,ITS,large_scale_comparison,Wald,-0.597837000755621,-0.62624295888138,-0.925178977344806,-0.327306940417954,0.152518376767054,,,,,,,,,
29,aligned,GAM,large_scale_comparison,Wald,-0.597837000755621,-0.612917124958188,-0.685034401548869,-0.540799848367506,0.0367945288727967,,,,,,,,,
29,aligned,Aligned NB,large_scale_comparison,Wald,-0.597837000755621,-0.622369238421016,-0.921155368071589,-0.323583108770443,0.152441902882945,,,,,,,,,
30,aligned,ITS,large_scale_comparison,Wald,-0.597837000755621,-0.750945748570272,-1.02224084995897,-0.479650647181569,0.138415868055461,,,,,,,,,
30,aligned,GAM,large_scale_comparison,Wald,-0.597837000755621,-0.397171832346884,-0.471248904406832,-0.323094760286937,0.0377944245203814,,,,,,,,,
30,aligned,Aligned NB,large_scale_comparison,Wald,-0.597837000755621,-0.749568659684333,-1.02084300987401,-0.478294309494661,0.138405280709017,,,,,,,,,
31,aligned,ITS,large_scale_comparison,Wald,-0.597837000755621,-0.435299355017367,-0.645894998417127,-0.224703711617607,0.107446756836612,,,,,,,,,
31,aligned,GAM,large_scale_comparison,Wald,-0.597837000755621,-0.49496051871325,-0.564972733086049,-0.42494830434045,0.0357205175371425,,,,,,,,,
31,aligned,Aligned NB,large_scale_comparison,Wald,-0.597837000755621,-0.437915753979254,-0.648456236267096,-0.227375271691411,0.107418613412164,,,,,,,,,
32,aligned,ITS,large_scale_comparison,Wald,-0.597837000755621,-0.395487845806407,-0.761702426050436,-0.0292732655623787,0.186844173593892,,,,,,,,,
32,aligned,GAM,large_scale_comparison,Wald,-0.597837000755621,-0.158760132610568,-0.276519094262734,-0.041001170958402,0.0600811028837581,,,,,,,,,
32,aligned,Aligned NB,large_scale_comparison,Wald,-0.597837000755621,-0.394300096429319,-0.760777615817056,-0.027822577041583,0.186978326218233,,,,,,,,,
33,aligned,ITS,large_scale_comparison,Wald,-0.597837000755621,-0.5650171024704,-0.944456258305818,-0.185577946634981,0.193591406038479,,,,,,,,,
33,aligned,GAM,large_scale_comparison,Wald,-0.597837000755621,-0.29837920726931,-0.418120759519256,-0.178637655019364,0.0610926286989521,,,,,,,,,
33,aligned,Aligned NB,large_scale_comparison,Wald,-0.597837000755621,-0.56533459828022,-0.944814411204275,-0.185854785356165,0.193612149451049,,,,,,,,,
34,aligned,ITS,large_scale_comparison,Wald,-0.597837000755621,-0.386800538683949,-0.649591969293797,-0.1240091080741,0.134077260515229,,,,,,,,,
34,aligned,GAM,large_scale_comparison,Wald,-0.597837000755621,-0.506099598950279,-0.604074578296883,-0.408124619603675,0.0499872343605123,,,,,,,,,
34,aligned,Aligned NB,large_scale_comparison,Wald,-0.597837000755621,-0.388140107288694,-0.650980111298184,-0.125300103279204,0.134102042861985,,,,,,,,,
35,aligned,ITS,large_scale_comparison,Wald,-0.597837000755621,-0.388157854047536,-0.632956399306431,-0.143359308788641,0.124897216968824,,,,,,,,,
35,aligned,GAM,large_scale_comparison,Wald,-0.597837000755621,-0.591382784394885,-0.692419159420216,-0.490346409369554,0.0515491709312911,,,,,,,,,
35,aligned,Aligned NB,large_scale_comparison,Wald,-0.597837000755621,-0.387079231487514,-0.631670609759472,-0.142487853215556,0.124791519526509,,,,,,,,,
36,aligned,ITS,large_scale_comparison,Wald,-0.597837000755621,-0.646227398650923,-0.821751545065389,-0.470703252236457,0.089553135925748,,,,,,,,,
36,aligned,GAM,large_scale_comparison,Wald,-0.597837000755621,-0.406489398216741,-0.503166690253239,-0.309812106180242,0.0493251489982135,,,,,,,,,
36,aligned,Aligned NB,large_scale_comparison,Wald,-0.597837000755621,-0.644918693073703,-0.820450260772197,-0.469387125375208,0.0895569222951502,,,,,,,,,
37,aligned,ITS,large_scale_comparison,Wald,-0.597837000755621,-0.578208340905667,-0.925917046997698,-0.230499634813636,0.177402401067363,,,,,,,,,
37,aligned,GAM,large_scale_comparison,Wald,-0.597837000755621,-0.854391220634748,-0.963259406882271,-0.745523034387225,0.0555449929834302,,,,,,,,,
37,aligned,Aligned NB,large_scale_comparison,Wald,-0.597837000755621,-0.580717286650847,-0.928704408125524,-0.232730165176171,0.177544449731978,,,,,,,,,
38,aligned,ITS,large_scale_comparison,Wald,-0.597837000755621,-0.663677104943709,-0.930943373929329,-0.396410835958088,0.136360341319194,,,,,,,,,
38,aligned,GAM,large_scale_comparison,Wald,-0.597837000755621,-0.767997267758245,-0.879120560146537,-0.656873975369952,0.0566955573409655,,,,,,,,,
38,aligned,Aligned NB,large_scale_comparison,Wald,-0.597837000755621,-0.662773286748245,-0.930271446381975,-0.395275127114516,0.136478652874352,,,,,,,,,
39,aligned,ITS,large_scale_comparison,Wald,-0.597837000755621,-0.478216103565521,-0.737156835027288,-0.219275372103754,0.132112618092738,,,,,,,,,
39,aligned,GAM,large_scale_comparison,Wald,-0.597837000755621,-0.510649600651085,-0.581380661473244,-0.439918539828926,0.0360872759296729,,,,,,,,,
39,aligned,Aligned NB,large_scale_comparison,Wald,-0.597837000755621,-0.480688883641805,-0.739419358689709,-0.221958408593901,0.132005344412196,,,,,,,,,
40,aligned,ITS,large_scale_comparison,Wald,-0.597837000755621,-0.363314468373498,-0.699840271660883,-0.0267886650861127,0.171696838411931,,,,,,,,,
40,aligned,GAM,large_scale_comparison,Wald,-0.597837000755621,-0.6204468798071,-0.703688950203367,-0.537204809410834,0.0424704440797279,,,,,,,,,
40,aligned,Aligned NB,large_scale_comparison,Wald,-0.597837000755621,-0.357158977256908,-0.693435838459148,-0.0208821160546667,0.171569827144,,,,,,,,,
41,aligned,ITS,large_scale_comparison,Wald,-0.597837000755621,-0.315736462853277,-0.661060819741173,0.0295878940346191,0.176185896371376,,,,,,,,,
41,aligned,GAM,large_scale_comparison,Wald,-0.597837000755621,-0.334779057610865,-0.434331490026579,-0.235226625195152,0.0507920573549561,,,,,,,,,
41,aligned,Aligned NB,large_scale_comparison,Wald,-0.597837000755621,-0.314563710740585,-0.659725141788966,0.0305977203077967,0.176102770943052,,,,,,,,,
42,aligned,ITS,large_scale_comparison,Wald,-0.597837000755621,-1.0382808503871,-1.33619402533198,-0.740367675442212,0.151996517829023,,,,,,,,,
42,aligned,GAM,large_scale_comparison,Wald,-0.597837000755621,-0.417055525273586,-0.526315053237421,-0.307795997309751,0.0557446571244055,,,,,,,,,
42,aligned,Aligned NB,large_scale_comparison,Wald,-0.597837000755621,-1.04097053950102,-1.3390782195074,-0.742862859494641,0.152095755105297,,,,,,,,,
43,aligned,ITS,large_scale_comparison,Wald,-0.597837000755621,-0.680487825481434,-1.01856737447592,-0.342408276486948,0.172489565813513,,,,,,,,,
43,aligned,GAM,large_scale_comparison,Wald,-0.597837000755621,-0.807459821800377,-0.91478347006617,-0.700136173534584,0.0547569634009148,,,,,,,,,
43,aligned,Aligned NB,large_scale_comparison,Wald,-0.597837000755621,-0.678389180048926,-1.01697065255029,-0.339807707547566,0.172745649235388,,,,,,,,,
44,aligned,ITS,large_scale_comparison,Wald,-0.597837000755621,-0.849713868076987,-1.2325506794544,-0.466877056699578,0.195324903763984,,,,,,,,,
44,aligned,GAM,large_scale_comparison,Wald,-0.597837000755621,-0.745321421362117,-0.82692590417035,-0.663716938553883,0.0416349402082822,,,,,,,,,
44,aligned,Aligned NB,large_scale_comparison,Wald,-0.597837000755621,-0.835125004906526,-1.21862534363783,-0.45162466617522,0.195663438128217,,,,,,,,,
45,aligned,ITS,large_scale_comparison,Wald,-0.597837000755621,-0.499875865880031,-0.88771519278752,-0.112036538972541,0.197877207605862,,,,,,,,,
45,aligned,GAM,large_scale_comparison,Wald,-0.597837000755621,-0.471544642523106,-0.584818037552577,-0.358271247493636,0.0577925484844237,,,,,,,,,
45,aligned,Aligned NB,large_scale_comparison,Wald,-0.597837000755621,-0.499893133624754,-0.887779372803571,-0.112006894445938,0.197901142438172,,,,,,,,,
46,aligned,ITS,large_scale_comparison,Wald,-0.597837000755621,-0.511783389487635,-0.872571815491312,-0.150994963483959,0.184075727552896,,,,,,,,,
46,aligned,GAM,large_scale_comparison,Wald,-0.597837000755621,-0.445050460768914,-0.540582089387887,-0.349518832149941,0.0487406268464146,,,,,,,,,
46,aligned,Aligned NB,large_scale_comparison,Wald,-0.597837000755621,-0.506708350087281,-0.867607110029833,-0.145809590144729,0.184132020378853,,,,,,,,,
47,aligned,ITS,large_scale_comparison,Wald,-0.597837000755621,-0.708433844651631,-0.99193472098287,-0.424932968320391,0.144643304250632,,,,,,,,,
47,aligned,GAM,large_scale_comparison,Wald,-0.597837000755621,-0.364398394574139,-0.47104206062175,-0.257754728526528,0.0544100336977608,,,,,,,,,
47,aligned,Aligned NB,large_scale_comparison,Wald,-0.597837000755621,-0.704892628899968,-0.988680277006996,-0.421104980792941,0.144789616381137,,,,,,,,,
48,aligned,ITS,large_scale_comparison,Wald,-0.597837000755621,-0.414887530390078,-0.599720990904932,-0.230054069875225,0.0943027859769662,,,,,,,,,
48,aligned,GAM,large_scale_comparison,Wald,-0.597837000755621,-0.310006110460089,-0.40123312473842,-0.218779096181758,0.0465443950399649,,,,,,,,,
48,aligned,Aligned NB,large_scale_comparison,Wald,-0.597837000755621,-0.411276460094208,-0.596119554152576,-0.226433366035841,0.0943077010501874,,,,,,,,,
49,aligned,ITS,large_scale_comparison,Wald,-0.597837000755621,-0.810700241875203,-1.04895663837344,-0.572443845376966,0.121559385968488,,,,,,,,,
49,aligned,GAM,large_scale_comparison,Wald,-0.597837000755621,-0.570741352709968,-0.641721543715659,-0.499761161704277,0.0362143831661688,,,,,,,,,
49,aligned,Aligned NB,large_scale_comparison,Wald,-0.597837000755621,-0.810138883494577,-1.04820829277322,-0.572069474215934,0.121463984325838,,,,,,,,,
50,aligned,ITS,large_scale_comparison,Wald,-0.597837000755621,-0.483640334066089,-0.954371467879182,-0.0129092002529962,0.240168945823007,,,,,,,,,
50,aligned,GAM,large_scale_comparison,Wald,-0.597837000755621,-0.300083068432393,-0.404855011700465,-0.195311125164322,0.0534550730959547,,,,,,,,,
50,aligned,Aligned NB,large_scale_comparison,Wald,-0.597837000755621,-0.48434059179283,-0.95498737543764,-0.0136938081480194,0.240125910022862,,,,,,,,,
51,aligned,ITS,large_scale_comparison,Wald,-0.597837000755621,-0.742537916988846,-1.01177007066205,-0.473305763315643,0.137363343710818,,,,,,,,,
51,aligned,GAM,large_scale_comparison,Wald,-0.597837000755621,-0.833912400314564,-0.919836031491956,-0.747988769137172,0.0438385873354042,,,,,,,,,
51,aligned,Aligned NB,large_scale_comparison,Wald,-0.597837000755621,-0.741041985525166,-1.01016843694372,-0.471915534106607,0.137309413989061,,,,,,,,,
52,aligned,ITS,large_scale_comparison,Wald,-0.597837000755621,-0.665134996895712,-1.05592566156197,-0.274344332229459,0.19938299217666,,,,,,,,,
52,aligned,GAM,large_scale_comparison,Wald,-0.597837000755621,-0.893820475496669,-1.00895080306655,-0.778690147926783,0.05873996304586,,,,,,,,,
52,aligned,Aligned NB,large_scale_comparison,Wald,-0.597837000755621,-0.662194350124525,-1.05330609708435,-0.2710826031647,0.19954680967338,,,,,,,,,
53,aligned,ITS,large_scale_comparison,Wald,-0.597837000755621,-0.365897392483694,-0.766105374974495,0.0343105900071083,0.204187746168776,,,,,,,,,
53,aligned,GAM,large_scale_comparison,Wald,-0.597837000755621,-0.540050617522651,-0.654992308732916,-0.425108926312385,0.0586437200052376,,,,,,,,,
53,aligned,Aligned NB,large_scale_comparison,Wald,-0.597837000755621,-0.368067676161331,-0.768287933743145,0.0321525814204823,0.204194008970313,,,,,,,,,
54,aligned,ITS,large_scale_comparison,Wald,-0.597837000755621,-1.06924452508037,-1.41330580398635,-0.72518324617439,0.175541468829581,,,,,,,,,
54,aligned,GAM,large_scale_comparison,Wald,-0.597837000755621,-0.759232651883946,-0.874867413977998,-0.643597889789894,0.0589973275990062,,,,,,,,,
54,aligned,Aligned NB,large_scale_comparison,Wald,-0.597837000755621,-1.06687091055233,-1.41098022873302,-0.722761592371645,0.175565978663615,,,,,,,,,
55,aligned,ITS,large_scale_comparison,Wald,-0.597837000755621,-0.52464007948951,-0.770625399190088,-0.278654759788933,0.125502714132948,,,,,,,,,
55,aligned,GAM,large_scale_comparison,Wald,-0.597837000755621,-0.445430914578391,-0.532746779948571,-0.358115049208211,0.0445489109031532,,,,,,,,,
55,aligned,Aligned NB,large_scale_comparison,Wald,-0.597837000755621,-0.514692328824522,-0.761647684044622,-0.267736973604422,0.125997630214337,,,,,,,,,
56,aligned,ITS,large_scale_comparison,Wald,-0.597837000755621,-0.450405834391582,-0.812863727921288,-0.0879479408618766,0.18492749669883,,,,,,,,,
56,aligned,GAM,large_scale_comparison,Wald,-0.597837000755621,-0.612050246143667,-0.707172445251297,-0.516928047036037,0.0485317342385869,,,,,,,,,
56,aligned,Aligned NB,large_scale_comparison,Wald,-0.597837000755621,-0.448516318939815,-0.810921662013999,-0.0861109758656311,0.184900685241931,,,,,,,,,
57,aligned,ITS,large_scale_comparison,Wald,-0.597837000755621,-0.921770158014126,-1.13880325438661,-0.70473706164164,0.110731171618615,,,,,,,,,
57,aligned,GAM,large_scale_comparison,Wald,-0.597837000755621,-0.478741744352771,-0.572911657711286,-0.384571830994255,0.0480458741625079,,,,,,,,,
57,aligned,Aligned NB,large_scale_comparison,Wald,-0.597837000755621,-0.917407644516267,-1.13443863098911,-0.700376658043426,0.110730095139204,,,,,,,,,
58,aligned,ITS,large_scale_comparison,Wald,-0.597837000755621,-0.515912165481089,-0.680739252450338,-0.35108507851184,0.084095452535331,,,,,,,,,
58,aligned,GAM,large_scale_comparison,Wald,-0.597837000755621,-0.341094287418888,-0.423813429471229,-0.258375145366546,0.0422036439042558,,,,,,,,,
58,aligned,Aligned NB,large_scale_comparison,Wald,-0.597837000755621,-0.51455111921252,-0.679457364169293,-0.349644874255748,0.0841358392636594,,,,,,,,,
59,aligned,ITS,large_scale_comparison,Wald,-0.597837000755621,-0.346534661299698,-0.69645426869841,0.00338494609901402,0.178530411938118,,,,,,,,,
59,aligned,GAM,large_scale_comparison,Wald,-0.597837000755621,-0.503578543871602,-0.612370541246078,-0.394786546497125,0.0555061211094267,,,,,,,,,
59,aligned,Aligned NB,large_scale_comparison,Wald,-0.597837000755621,-0.348483544987416,-0.698256963741728,0.00128987376689649,0.178455825895057,,,,,,,,,
60,aligned,ITS,large_scale_comparison,Wald,-0.597837000755621,-0.662573390721387,-0.90896265587992,-0.416184125562854,0.125708808754353,,,,,,,,,
60,aligned,GAM,large_scale_comparison,Wald,-0.597837000755621,-0.547126975630901,-0.628640279809553,-0.465613671452249,0.0415884204993122,,,,,,,,,
60,aligned,Aligned NB,large_scale_comparison,Wald,-0.597837000755621,-0.655780181423677,-0.902365162880073,-0.409195199967281,0.125808664008365,,,,,,,,,
61,aligned,ITS,large_scale_comparison,Wald,-0.597837000755621,-0.617440430439981,-0.881777311855519,-0.353103549024443,0.134865755824254,,,,,,,,,
61,aligned,GAM,large_scale_comparison,Wald,-0.597837000755621,-0.653634079551662,-0.751009685806284,-0.556258473297041,0.0496814317625619,,,,,,,,,
61,aligned,Aligned NB,large_scale_comparison,Wald,-0.597837000755621,-0.616073049300234,-0.880400165556121,-0.351745933044346,0.134860773599943,,,,,,,,,
62,aligned,ITS,large_scale_comparison,Wald,-0.597837000755621,-0.764136381479477,-1.00383975474258,-0.524433008216378,0.122297639419949,,,,,,,,,
62,aligned,GAM,large_scale_comparison,Wald,-0.597837000755621,-0.573808536861191,-0.664129846073476,-0.483487227648905,0.046082300618513,,,,,,,,,
62,aligned,Aligned NB,large_scale_comparison,Wald,-0.597837000755621,-0.763144097426516,-1.00297069767366,-0.52331749717937,0.122360510330177,,,,,,,,,
63,aligned,ITS,large_scale_comparison,Wald,-0.597837000755621,-0.37804122630138,-0.624129435771757,-0.131953016831004,0.125555208913457,,,,,,,,,
63,aligned,GAM,large_scale_comparison,Wald,-0.597837000755621,-0.491352689784899,-0.586925174412608,-0.39578020515719,0.0487614717488311,,,,,,,,,
63,aligned,Aligned NB,large_scale_comparison,Wald,-0.597837000755621,-0.375194064653914,-0.621394268381091,-0.128993860926737,0.125612348840396,,,,,,,,,
64,aligned,ITS,large_scale_comparison,Wald,-0.597837000755621,-0.631852328234987,-0.855859853595125,-0.407844802874849,0.114289553755172,,,,,,,,,
64,aligned,GAM,large_scale_comparison,Wald,-0.597837000755621,-0.389485513870234,-0.495512432392202,-0.283458595348266,0.0540953665928407,,,,,,,,,
64,aligned,Aligned NB,large_scale_comparison,Wald,-0.597837000755621,-0.631914934952886,-0.856057106820344,-0.407772763085428,0.114358250952785,,,,,,,,,
65,aligned,ITS,large_scale_comparison,Wald,-0.597837000755621,-0.759794406677897,-1.04562024110826,-0.473968572247533,0.14582950736243,,,,,,,,,
65,aligned,GAM,large_scale_comparison,Wald,-0.597837000755621,-0.650766064190782,-0.72817259050558,-0.573359537875983,0.0394931256708156,,,,,,,,,
65,aligned,Aligned NB,large_scale_comparison,Wald,-0.597837000755621,-0.761538525333959,-1.04715257587991,-0.475924474788004,0.145721454360181,,,,,,,,,
66,aligned,ITS,large_scale_comparison,Wald,-0.597837000755621,-0.65461470978405,-0.93987597622692,-0.36935344334118,0.145541462470852,,,,,,,,,
66,aligned,GAM,large_scale_comparison,Wald,-0.597837000755621,-0.930937453998594,-1.0508684348759,-0.811006473121284,0.0611892759578115,,,,,,,,,
66,aligned,Aligned NB,large_scale_comparison,Wald,-0.597837000755621,-0.653332054755748,-0.938589244586263,-0.368074864925233,0.14553938256659,,,,,,,,,
67,aligned,ITS,large_scale_comparison,Wald,-0.597837000755621,-0.577574017154901,-0.959841932281918,-0.195306102027884,0.195034650575009,,,,,,,,,
67,aligned,GAM,large_scale_comparison,Wald,-0.597837000755621,-0.843047487413016,-0.965477574168491,-0.72061740065754,0.0624643299772834,,,,,,,,,
67,aligned,Aligned NB,large_scale_comparison,Wald,-0.597837000755621,-0.568446984412547,-0.951377770025873,-0.185516198799221,0.195372849802718,,,,,,,,,
68,aligned,ITS,large_scale_comparison,Wald,-0.597837000755621,-0.73426682258364,-1.06775335196479,-0.400780293202495,0.170146188459768,,,,,,,,,
68,aligned,GAM,large_scale_comparison,Wald,-0.597837000755621,-0.717195949139242,-0.790221098913623,-0.644170799364862,0.0372577294767248,,,,,,,,,
68,aligned,Aligned NB,large_scale_comparison,Wald,-0.597837000755621,-0.732101018029929,-1.06597890972077,-0.398223126339084,0.170345863107574,,,,,,,,,
69,aligned,ITS,large_scale_comparison,Wald,-0.597837000755621,-0.581241235820471,-0.819303441685817,-0.343179029955126,0.121460309114972,,,,,,,,,
69,aligned,GAM,large_scale_comparison,Wald,-0.597837000755621,-0.440286439985237,-0.540572007755143,-0.340000872215332,0.0511661060050539,,,,,,,,,
69,aligned,Aligned NB,large_scale_comparison,Wald,-0.597837000755621,-0.578946376656649,-0.817204095852492,-0.340688657460805,0.121560060814206,,,,,,,,,
70,aligned,ITS,large_scale_comparison,Wald,-0.597837000755621,-0.588980626627577,-0.900785627509245,-0.277175625745909,0.1590841841233,,,,,,,,,
70,aligned,GAM,large_scale_comparison,Wald,-0.597837000755621,-0.244083982444331,-0.347006831864097,-0.141161133024565,0.0525116578672275,,,,,,,,,
70,aligned,Aligned NB,large_scale_comparison,Wald,-0.597837000755621,-0.586699501483095,-0.898397752100187,-0.275001250866002,0.159029719702598,,,,,,,,,
71,aligned,ITS,large_scale_comparison,Wald,-0.597837000755621,-0.615610597036648,-0.903527689356125,-0.327693504717172,0.146896475673202,,,,,,,,,
71,aligned,GAM,large_scale_comparison,Wald,-0.597837000755621,-0.721175737150428,-0.794493531592392,-0.647857942708464,0.0374070379805939,,,,,,,,,
71,aligned,Aligned NB,large_scale_comparison,Wald,-0.597837000755621,-0.615115809323947,-0.903015594046859,-0.327216024601035,0.146887645266792,,,,,,,,,
72,aligned,ITS,large_scale_comparison,Wald,-0.597837000755621,-0.41679185500502,-0.754153390267613,-0.079430319742426,0.172123232276833,,,,,,,,,
72,aligned,GAM,large_scale_comparison,Wald,-0.597837000755621,-0.464988246462792,-0.574887148000857,-0.355089344924727,0.056070868131666,,,,,,,,,
72,aligned,Aligned NB,large_scale_comparison,Wald,-0.597837000755621,-0.41827386999382,-0.755821878036059,-0.0807258619515798,0.172218371450122,,,,,,,,,
73,aligned,ITS,large_scale_comparison,Wald,-0.597837000755621,-0.881200563893682,-1.2039877025592,-0.558413425228167,0.164687315645671,,,,,,,,,
73,aligned,GAM,large_scale_comparison,Wald,-0.597837000755621,-0.315147737900826,-0.418911982158732,-0.211383493642921,0.0529409409479111,,,,,,,,,
73,aligned,Aligned NB,large_scale_comparison,Wald,-0.597837000755621,-0.878082220707487,-1.20104294259166,-0.55512149882331,0.164775878512335,,,,,,,,,
74,aligned,ITS,large_scale_comparison,Wald,-0.597837000755621,-0.409934875010614,-1.00313771413877,0.18326796411754,0.302654509759263,,,,,,,,,
74,aligned,GAM,large_scale_comparison,Wald,-0.597837000755621,-0.509713166395072,-0.604450911418022,-0.414975421372123,0.0483355841953825,,,,,,,,,
74,aligned,Aligned NB,large_scale_comparison,Wald,-0.597837000755621,-0.409730520726396,-1.00306700418986,0.183605962737063,0.302722695644622,,,,,,,,,
75,aligned,ITS,large_scale_comparison,Wald,-0.597837000755621,-0.409487605181679,-0.71781956156527,-0.101155648798087,0.15731222264469,,,,,,,,,
75,aligned,GAM,large_scale_comparison,Wald,-0.597837000755621,-0.757539171441125,-0.861430406417384,-0.653647936464866,0.0530057321307443,,,,,,,,,
75,aligned,Aligned NB,large_scale_comparison,Wald,-0.597837000755621,-0.409971425009005,-0.718308801974964,-0.101634048043046,0.157314988247938,,,,,,,,,
76,aligned,ITS,large_scale_comparison,Wald,-0.597837000755621,-0.640163630139591,-0.907119592586264,-0.373207667692917,0.136202021656466,,,,,,,,,
76,aligned,GAM,large_scale_comparison,Wald,-0.597837000755621,-0.33607779170106,-0.409338685134876,-0.262816898267244,0.0373780068539877,,,,,,,,,
76,aligned,Aligned NB,large_scale_comparison,Wald,-0.597837000755621,-0.640433817600652,-0.907367229988157,-0.373500405213147,0.136190516524237,,,,,,,,,
77,aligned,ITS,large_scale_comparison,Wald,-0.597837000755621,-0.816381586624493,-1.15026049249571,-0.482502680753278,0.170346380546538,,,,,,,,,
77,aligned,GAM,large_scale_comparison,Wald,-0.597837000755621,-0.491970348995197,-0.607815968532074,-0.37612472945832,0.0591049079269781,,,,,,,,,
77,aligned,Aligned NB,large_scale_comparison,Wald,-0.597837000755621,-0.816672769431773,-1.15044928002433,-0.482896258839213,0.170294138057428,,,,,,,,,
78,aligned,ITS,large_scale_comparison,Wald,-0.597837000755621,-0.12951465158163,-0.630692345439813,0.371663042276552,0.255702905029685,,,,,,,,,
78,aligned,GAM,large_scale_comparison,Wald,-0.597837000755621,-0.635667976162602,-0.751661325176588,-0.519674627148616,0.0591802801091765,,,,,,,,,
78,aligned,Aligned NB,large_scale_comparison,Wald,-0.597837000755621,-0.134741884894232,-0.635911594856736,0.366427825068273,0.255698831613523,,,,,,,,,
79,aligned,ITS,large_scale_comparison,Wald,-0.597837000755621,-0.824894495019221,-1.20792916138289,-0.441859828655549,0.195425850185547,,,,,,,,,
79,aligned,GAM,large_scale_comparison,Wald,-0.597837000755621,-0.361082457967936,-0.434928990669631,-0.287235925266241,0.0376768023988239,,,,,,,,,
79,aligned,Aligned NB,large_scale_comparison,Wald,-0.597837000755621,-0.821326364906728,-1.20489855870217,-0.43775417111129,0.195700098875224,,,,,,,,,
80,aligned,ITS,large_scale_comparison,Wald,-0.597837000755621,-0.544670826993086,-0.808892238628571,-0.280449415357602,0.134806842671166,,,,,,,,,
80,aligned,GAM,large_scale_comparison,Wald,-0.597837000755621,-0.40742504941218,-0.506498317235613,-0.308351781588747,0.0505475856242005,,,,,,,,,
80,aligned,Aligned NB,large_scale_comparison,Wald,-0.597837000755621,-0.54328459803783,-0.807520396339187,-0.279048799736472,0.134814182806815,,,,,,,,,
81,aligned,ITS,large_scale_comparison,Wald,-0.597837000755621,-0.569413317261015,-0.974231165166147,-0.164595469355882,0.206539718318945,,,,,,,,,
81,aligned,GAM,large_scale_comparison,Wald,-0.597837000755621,-0.819477000847437,-0.935383095813749,-0.703570905881124,0.0591357627379147,,,,,,,,,
81,aligned,Aligned NB,large_scale_comparison,Wald,-0.597837000755621,-0.564707108272449,-0.969622519674181,-0.159791696870717,0.206589495613129,,,,,,,,,
82,aligned,ITS,large_scale_comparison,Wald,-0.597837000755621,-0.477004192845128,-0.969249946017581,0.0152415603273257,0.251145792434925,,,,,,,,,
82,aligned,GAM,large_scale_comparison,Wald,-0.597837000755621,-0.52185531740546,-0.641568546732183,-0.402142088078737,0.0610781782279199,,,,,,,,,
82,aligned,Aligned NB,large_scale_comparison,Wald,-0.597837000755621,-0.476184811974745,-0.968474314057304,0.0161046901078141,0.251168113307428,,,,,,,,,
83,aligned,ITS,large_scale_comparison,Wald,-0.597837000755621,-0.247835463208452,-0.616342924306254,0.120671997889351,0.188014010764185,,,,,,,,,
83,aligned,GAM,large_scale_comparison,Wald,-0.597837000755621,-0.0873567052115967,-0.206770060980605,0.0320566505574116,0.0609251815148002,,,,,,,,,
83,aligned,Aligned NB,large_scale_comparison,Wald,-0.597837000755621,-0.248689306445537,-0.617146520706748,0.119767907815673,0.187988374623067,,,,,,,,,
84,aligned,ITS,large_scale_comparison,Wald,-0.597837000755621,-0.687593685943674,-0.9422163279636,-0.432971043923747,0.129909511234656,,,,,,,,,
84,aligned,GAM,large_scale_comparison,Wald,-0.597837000755621,-0.904439466010058,-1.00178936154051,-0.807089570479602,0.0496683140461508,,,,,,,,,
84,aligned,Aligned NB,large_scale_comparison,Wald,-0.597837000755621,-0.689142075263651,-0.943771566517501,-0.434512584009802,0.12991300574176,,,,,,,,,
85,aligned,ITS,large_scale_comparison,Wald,-0.597837000755621,-0.702228613531148,-0.957717885024805,-0.44673934203749,0.130351669129417,,,,,,,,,
85,aligned,GAM,large_scale_comparison,Wald,-0.597837000755621,-0.484396164532816,-0.555862342934499,-0.412929986131133,0.0364623359192259,,,,,,,,,
85,aligned,Aligned NB,large_scale_comparison,Wald,-0.597837000755621,-0.698908195643683,-0.954794338291302,-0.443022052996064,0.130554154412051,,,,,,,,,
86,aligned,ITS,large_scale_comparison,Wald,-0.597837000755621,-0.694693946797805,-0.96194233308055,-0.42744556051506,0.136351217491196,,,,,,,,,
86,aligned,GAM,large_scale_comparison,Wald,-0.597837000755621,-0.440152321075857,-0.545724031666735,-0.334580610484979,0.0538631176484072,,,,,,,,,
86,aligned,Aligned NB,large_scale_comparison,Wald,-0.597837000755621,-0.691730495057922,-0.959208931078243,-0.424252059037601,0.136468589806286,,,,,,,,,
87,aligned,ITS,large_scale_comparison,Wald,-0.597837000755621,-0.817769549202959,-1.08446606742024,-0.551073030985683,0.136069652151671,,,,,,,,,
87,aligned,GAM,large_scale_comparison,Wald,-0.597837000755621,-0.529186610131029,-0.636515836674641,-0.421857383587417,0.0547598094610267,,,,,,,,,
87,aligned,Aligned NB,large_scale_comparison,Wald,-0.597837000755621,-0.818977720234142,-1.08567295673806,-0.552282483730228,0.136068998216283,,,,,,,,,
88,aligned,ITS,large_scale_comparison,Wald,-0.597837000755621,-0.362596275303339,-0.621727905960803,-0.103464644645876,0.132210015641563,,,,,,,,,
88,aligned,GAM,large_scale_comparison,Wald,-0.597837000755621,-0.570162822266965,-0.646406508607654,-0.493919135926277,0.038899839969739,,,,,,,,,
88,aligned,Aligned NB,large_scale_comparison,Wald,-0.597837000755621,-0.361266850070309,-0.620678648687587,-0.101855051453031,0.132352958478203,,,,,,,,,
89,aligned,ITS,large_scale_comparison,Wald,-0.597837000755621,-0.224272870297577,-0.710970748521462,0.262425007926309,0.248315243991779,,,,,,,,,
89,aligned,GAM,large_scale_comparison,Wald,-0.597837000755621,-0.387288037429876,-0.502060164442782,-0.272515910416971,0.0585572076596457,,,,,,,,,
89,aligned,Aligned NB,large_scale_comparison,Wald,-0.597837000755621,-0.232087593957429,-0.718150734905409,0.253975546990551,0.247991398442847,,,,,,,,,
90,aligned,ITS,large_scale_comparison,Wald,-0.597837000755621,-0.709237262915903,-0.948447553076733,-0.470026972755073,0.122046066408587,,,,,,,,,
90,aligned,GAM,large_scale_comparison,Wald,-0.597837000755621,-0.50047881130988,-0.582079142900789,-0.41887847971897,0.04163282224026,,,,,,,,,
90,aligned,Aligned NB,large_scale_comparison,Wald,-0.597837000755621,-0.702741458711921,-0.94217517710619,-0.463307740317652,0.122160060405239,,,,,,,,,
91,aligned,ITS,large_scale_comparison,Wald,-0.597837000755621,-1.27921688969453,-1.71558797060009,-0.842845808788976,0.222638306584468,,,,,,,,,
91,aligned,GAM,large_scale_comparison,Wald,-0.597837000755621,-0.912755840219107,-1.03440848614771,-0.791103194290499,0.0620676764941876,,,,,,,,,
91,aligned,Aligned NB,large_scale_comparison,Wald,-0.597837000755621,-1.27223965375568,-1.70903966242865,-0.83543964508272,0.222857147282124,,,,,,,,,
92,aligned,ITS,large_scale_comparison,Wald,-0.597837000755621,-0.441665941022459,-0.738918187156617,-0.144413694888301,0.151659309252122,,,,,,,,,
92,aligned,GAM,large_scale_comparison,Wald,-0.597837000755621,-0.512756600443608,-0.6230458711032,-0.402467329784016,0.0562700360508121,,,,,,,,,
92,aligned,Aligned NB,large_scale_comparison,Wald,-0.597837000755621,-0.436736911424512,-0.734224356664654,-0.13924946618437,0.151779308795991,,,,,,,,,
93,aligned,ITS,large_scale_comparison,Wald,-0.597837000755621,-0.500524664067359,-0.757904756807075,-0.243144571327643,0.131316373846794,,,,,,,,,
93,aligned,GAM,large_scale_comparison,Wald,-0.597837000755621,-0.728736163092636,-0.832861080930015,-0.624611245255258,0.0531249580802952,,,,,,,,,
93,aligned,Aligned NB,large_scale_comparison,Wald,-0.597837000755621,-0.499276707609918,-0.756679455999805,-0.241873959220032,0.131327932851983,,,,,,,,,
94,aligned,ITS,large_scale_comparison,Wald,-0.597837000755621,-0.536658950107263,-0.830524988950549,-0.242792911263977,0.149931652471064,,,,,,,,,
94,aligned,GAM,large_scale_comparison,Wald,-0.597837000755621,-0.364895770461937,-0.480122183976163,-0.249669356947711,0.05878898648685,,,,,,,,,
94,aligned,Aligned NB,large_scale_comparison,Wald,-0.597837000755621,-0.533165128045473,-0.82711914909095,-0.239211106999997,0.149976541349733,,,,,,,,,
95,aligned,ITS,large_scale_comparison,Wald,-0.597837000755621,-0.635031355165039,-0.897830728334577,-0.3722319819955,0.134081312841601,,,,,,,,,
95,aligned,GAM,large_scale_comparison,Wald,-0.597837000755621,-0.220175175099281,-0.327619925630235,-0.112730424568326,0.0548187502708954,,,,,,,,,
95,aligned,Aligned NB,large_scale_comparison,Wald,-0.597837000755621,-0.632722736161253,-0.89589188905528,-0.369553583267227,0.13426997596634,,,,,,,,,
96,aligned,ITS,large_scale_comparison,Wald,-0.597837000755621,-0.734066750777128,-1.068238205551,-0.399895296003254,0.170495640190752,,,,,,,,,
96,aligned,GAM,large_scale_comparison,Wald,-0.597837000755621,-0.557394293716693,-0.650793974749526,-0.46399461268386,0.0476528984861393,,,,,,,,,
96,aligned,Aligned NB,large_scale_comparison,Wald,-0.597837000755621,-0.734953225508564,-1.06940185539762,-0.400504595619508,0.170637056065845,,,,,,,,,
97,aligned,ITS,large_scale_comparison,Wald,-0.597837000755621,-0.542478367829647,-0.781520701987617,-0.303436033671676,0.121960374570393,,,,,,,,,
97,aligned,GAM,large_scale_comparison,Wald,-0.597837000755621,-0.721306543725944,-0.833458585003724,-0.609154502448165,0.0572204292233569,,,,,,,,,
97,aligned,Aligned NB,large_scale_comparison,Wald,-0.597837000755621,-0.539442293854022,-0.778617544788446,-0.300267042919599,0.122028189252257,,,,,,,,,
98,aligned,ITS,large_scale_comparison,Wald,-0.597837000755621,-0.423699058826283,-0.895881845281338,0.0484837276287709,0.240909584926048,,,,,,,,,
98,aligned,GAM,large_scale_comparison,Wald,-0.597837000755621,-0.520435053742603,-0.60011839792026,-0.440751709564947,0.0406547674375798,,,,,,,,,
98,aligned,Aligned NB,large_scale_comparison,Wald,-0.597837000755621,-0.422790531384609,-0.895206449039108,0.0496253862698912,0.241028529415561,,,,,,,,,
99,aligned,ITS,large_scale_comparison,Wald,-0.597837000755621,-0.682936171975797,-0.957469865308112,-0.408402478643481,0.140068210883835,,,,,,,,,
99,aligned,GAM,large_scale_comparison,Wald,-0.597837000755621,-0.569383200979613,-0.679778448281351,-0.458987953677875,0.0563241057661928,,,,,,,,,
99,aligned,Aligned NB,large_scale_comparison,Wald,-0.597837000755621,-0.680387897602851,-0.955383825693501,-0.405391969512202,0.140304044944209,,,,,,,,,
100,aligned,ITS,large_scale_comparison,Wald,-0.597837000755621,-0.773380865194596,-1.133869717072,-0.412892013317196,0.183922883610918,,,,,,,,,
100,aligned,GAM,large_scale_comparison,Wald,-0.597837000755621,-0.424699527419743,-0.538838004369457,-0.310561050470029,0.0582339168110786,,,,,,,,,
100,aligned,Aligned NB,large_scale_comparison,Wald,-0.597837000755621,-0.775251399078138,-1.13571561233871,-0.414787185817564,0.183910312888048,,,,,,,,,
101,aligned,ITS,large_scale_comparison,Wald,-0.597837000755621,-0.334228089956195,-0.71469182574233,0.0462356458299399,0.194114150911293,,,,,,,,,
101,aligned,GAM,large_scale_comparison,Wald,-0.597837000755621,-0.416877502612596,-0.514011745759559,-0.319743259465634,0.0495582873198789,,,,,,,,,
101,aligned,Aligned NB,large_scale_comparison,Wald,-0.597837000755621,-0.335741406109216,-0.716470415423367,0.0449876032049342,0.194249494548036,,,,,,,,,
102,aligned,ITS,large_scale_comparison,Wald,-0.597837000755621,-0.446555833004077,-0.743901892012081,-0.149209773996072,0.151707172963268,,,,,,,,,
102,aligned,GAM,large_scale_comparison,Wald,-0.597837000755621,-0.304556163045416,-0.407893974428661,-0.201218351662171,0.0527233731547168,,,,,,,,,
102,aligned,Aligned NB,large_scale_comparison,Wald,-0.597837000755621,-0.446321927886299,-0.74367956496991,-0.148964290802687,0.1517130801447,,,,,,,,,
103,aligned,ITS,large_scale_comparison,Wald,-0.597837000755621,-0.557403188416725,-0.815383155758363,-0.299423221075087,0.131622432317162,,,,,,,,,
103,aligned,GAM,large_scale_comparison,Wald,-0.597837000755621,-0.514669546044127,-0.610984138899094,-0.41835495318916,0.0491400983953915,,,,,,,,,
103,aligned,Aligned NB,large_scale_comparison,Wald,-0.597837000755621,-0.555754865059638,-0.813674205124898,-0.297835524994378,0.131591500033296,,,,,,,,,
104,aligned,ITS,large_scale_comparison,Wald,-0.597837000755621,-0.818668437955032,-1.14519603547904,-0.492140840431026,0.166595713022452,,,,,,,,,
104,aligned,GAM,large_scale_comparison,Wald,-0.597837000755621,-0.570276259547453,-0.647266305360057,-0.493286213734848,0.0392806356186758,,,,,,,,,
104,aligned,Aligned NB,large_scale_comparison,Wald,-0.597837000755621,-0.817458393770061,-1.14402334857832,-0.490893438961802,0.166614772861356,,,,,,,,,
105,aligned,ITS,large_scale_comparison,Wald,-0.597837000755621,-0.336648346286352,-0.695395131004861,0.022098438432157,0.183034073835974,,,,,,,,,
105,aligned,GAM,large_scale_comparison,Wald,-0.597837000755621,-0.804598328483824,-0.915959194607611,-0.693237462360036,0.0568167684305039,,,,,,,,,
105,aligned,Aligned NB,large_scale_comparison,Wald,-0.597837000755621,-0.338557615174163,-0.697361022095919,0.0202457917475939,0.183062962715182,,,,,,,,,
106,aligned,ITS,large_scale_comparison,Wald,-0.597837000755621,-0.641894985680695,-0.970167069624539,-0.31362290173685,0.167485757114206,,,,,,,,,
106,aligned,GAM,large_scale_comparison,Wald,-0.597837000755621,-0.621186824480846,-0.698898863110011,-0.54347478585168,0.0396489993005947,,,,,,,,,
106,aligned,Aligned NB,large_scale_comparison,Wald,-0.597837000755621,-0.639975394733059,-0.968706213520933,-0.311244575945185,0.167719805504017,,,,,,,,,
107,aligned,ITS,large_scale_comparison,Wald,-0.597837000755621,-0.612443672025002,-0.877982883296181,-0.346904460753823,0.135479189424071,,,,,,,,,
107,aligned,GAM,large_scale_comparison,Wald,-0.597837000755621,-0.550744298317833,-0.656925373418727,-0.44456322321694,0.0541740179086192,,,,,,,,,
107,aligned,Aligned NB,large_scale_comparison,Wald,-0.597837000755621,-0.610043483394258,-0.876260366350765,-0.343826600437751,0.135824940283932,,,,,,,,,
108,aligned,ITS,large_scale_comparison,Wald,-0.597837000755621,-0.646699947330997,-0.792023857221045,-0.501376037440949,0.0741448519847185,,,,,,,,,
108,aligned,GAM,large_scale_comparison,Wald,-0.597837000755621,-0.301389161053047,-0.389848596652588,-0.212929725453507,0.0451323651018063,,,,,,,,,
108,aligned,Aligned NB,large_scale_comparison,Wald,-0.597837000755621,-0.645893696402595,-0.791117557557396,-0.500669835247795,0.0740938067116329,,,,,,,,,
109,aligned,ITS,large_scale_comparison,Wald,-0.597837000755621,-0.518182462532907,-0.730284475767385,-0.30608044929843,0.108215312874733,,,,,,,,,
109,aligned,GAM,large_scale_comparison,Wald,-0.597837000755621,-0.405729272148458,-0.514867783453132,-0.296590760843783,0.0556829139309565,,,,,,,,,
109,aligned,Aligned NB,large_scale_comparison,Wald,-0.597837000755621,-0.517547737684548,-0.729777387059864,-0.305318088309233,0.108280433354753,,,,,,,,,
110,aligned,ITS,large_scale_comparison,Wald,-0.597837000755621,-0.410376728943717,-0.751773482965649,-0.068979974921784,0.174182017358129,,,,,,,,,
110,aligned,GAM,large_scale_comparison,Wald,-0.597837000755621,-0.636773191643217,-0.715199059748031,-0.558347323538402,0.0400131980126604,,,,,,,,,
110,aligned,Aligned NB,large_scale_comparison,Wald,-0.597837000755621,-0.414314901621447,-0.75579098688845,-0.072838816354444,0.174222492483165,,,,,,,,,
111,aligned,ITS,large_scale_comparison,Wald,-0.597837000755621,-0.686238208324285,-1.12933586292735,-0.243140553721218,0.22607023194034,,,,,,,,,
111,aligned,GAM,large_scale_comparison,Wald,-0.597837000755621,-0.732097137430233,-0.850105059976449,-0.614089214884018,0.0602081237480691,,,,,,,,,
111,aligned,Aligned NB,large_scale_comparison,Wald,-0.597837000755621,-0.686024704523752,-1.1291560680951,-0.242893340952403,0.226087430393545,,,,,,,,,
112,aligned,ITS,large_scale_comparison,Wald,-0.597837000755621,-0.775408372476084,-1.06523289562807,-0.485583849324097,0.147869654669381,,,,,,,,,
112,aligned,GAM,large_scale_comparison,Wald,-0.597837000755621,-0.418766258704684,-0.52426523695165,-0.313267280457719,0.0538260093096762,,,,,,,,,
112,aligned,Aligned NB,large_scale_comparison,Wald,-0.597837000755621,-0.77270413334841,-1.06280547714219,-0.482602789554633,0.148010889690702,,,,,,,,,
113,aligned,ITS,large_scale_comparison,Wald,-0.597837000755621,-0.510731274501192,-0.875897954564956,-0.145564594437428,0.186309530644778,,,,,,,,,
113,aligned,GAM,large_scale_comparison,Wald,-0.597837000755621,-0.429717712320428,-0.537777945645507,-0.321657478995349,0.0551327721046321,,,,,,,,,
113,aligned,Aligned NB,large_scale_comparison,Wald,-0.597837000755621,-0.508434751557242,-0.873707227346846,-0.143162275767638,0.18636350805592,,,,,,,,,
114,aligned,ITS,large_scale_comparison,Wald,-0.597837000755621,-0.342715467813688,-0.649234576956195,-0.0361963586711816,0.156387300582911,,,,,,,,,
114,aligned,GAM,large_scale_comparison,Wald,-0.597837000755621,-0.803763979341636,-0.9106297358965,-0.696898222786773,0.0545233451810526,,,,,,,,,
114,aligned,Aligned NB,large_scale_comparison,Wald,-0.597837000755621,-0.343235812248774,-0.649565908358585,-0.0369057161389635,0.156290865362148,,,,,,,,,
115,aligned,ITS,large_scale_comparison,Wald,-0.597837000755621,-0.664141237937321,-1.00176719018999,-0.326515285684651,0.172258138904424,,,,,,,,,
115,aligned,GAM,large_scale_comparison,Wald,-0.597837000755621,-0.367739623998068,-0.467948895110575,-0.267530352885561,0.0511271791390343,,,,,,,,,
115,aligned,Aligned NB,large_scale_comparison,Wald,-0.597837000755621,-0.665781468716582,-1.00350405873411,-0.328058878699058,0.172307443886492,,,,,,,,,
116,aligned,ITS,large_scale_comparison,Wald,-0.597837000755621,-0.788194356623744,-0.987985974822509,-0.588402738424978,0.101934499081003,,,,,,,,,
116,aligned,GAM,large_scale_comparison,Wald,-0.597837000755621,-0.465347571645506,-0.540300593157373,-0.390394550133638,0.038241337506055,,,,,,,,,
116,aligned,Aligned NB,large_scale_comparison,Wald,-0.597837000755621,-0.790243846118787,-0.98988286478343,-0.590604827454144,0.101856642175838,,,,,,,,,
117,aligned,ITS,large_scale_comparison,Wald,-0.597837000755621,-0.68441148243908,-0.988804171404141,-0.380018793474019,0.155302392329113,,,,,,,,,
117,aligned,GAM,large_scale_comparison,Wald,-0.597837000755621,-0.511898251013601,-0.609961276147174,-0.413835225880029,0.0500321556803941,,,,,,,,,
117,aligned,Aligned NB,large_scale_comparison,Wald,-0.597837000755621,-0.681904153736007,-0.986497998593375,-0.377310308878639,0.155405022886412,,,,,,,,,
118,aligned,ITS,large_scale_comparison,Wald,-0.597837000755621,-0.619028814957347,-0.836908109030865,-0.401149520883828,0.11116290513955,,,,,,,,,
118,aligned,GAM,large_scale_comparison,Wald,-0.597837000755621,-0.553018758038339,-0.646949020934177,-0.459088495142501,0.0479236035182846,,,,,,,,,
118,aligned,Aligned NB,large_scale_comparison,Wald,-0.597837000755621,-0.619098416043031,-0.837065065178658,-0.401131766907404,0.111207474048789,,,,,,,,,
119,aligned,ITS,large_scale_comparison,Wald,-0.597837000755621,-0.426365304894534,-0.696209866911015,-0.156520742878053,0.137675796947184,,,,,,,,,
119,aligned,GAM,large_scale_comparison,Wald,-0.597837000755621,-0.461991545200009,-0.575027189781291,-0.348955900618726,0.0576712472353482,,,,,,,,,
119,aligned,Aligned NB,large_scale_comparison,Wald,-0.597837000755621,-0.428532740565675,-0.698031040770494,-0.159034440360857,0.13749913275756,,,,,,,,,
120,aligned,ITS,large_scale_comparison,Wald,-0.597837000755621,-0.926076508306722,-1.18445002247957,-0.667702994133875,0.131823221516758,,,,,,,,,
120,aligned,GAM,large_scale_comparison,Wald,-0.597837000755621,-0.912370702904958,-1.01549715726751,-0.809244248542409,0.0526155379400757,,,,,,,,,
120,aligned,Aligned NB,large_scale_comparison,Wald,-0.597837000755621,-0.929466055488797,-1.1877244915423,-0.671207619435294,0.131764508190562,,,,,,,,,
121,aligned,ITS,large_scale_comparison,Wald,-0.597837000755621,-0.171858070904964,-0.620734656340658,0.277018514530731,0.22901866603862,,,,,,,,,
121,aligned,GAM,large_scale_comparison,Wald,-0.597837000755621,-0.451755010421875,-0.525103616807471,-0.37840640403628,0.0374227583599975,,,,,,,,,
121,aligned,Aligned NB,large_scale_comparison,Wald,-0.597837000755621,-0.170828914380873,-0.619920628786484,0.278262800024738,0.229128425717148,,,,,,,,,
122,aligned,ITS,large_scale_comparison,Wald,-0.597837000755621,-0.94682275806425,-1.23662379954793,-0.657021716580571,0.147857674226367,,,,,,,,,
122,aligned,GAM,large_scale_comparison,Wald,-0.597837000755621,-0.326341092970021,-0.426054535467075,-0.226627650472967,0.0508742053556397,,,,,,,,,
122,aligned,Aligned NB,large_scale_comparison,Wald,-0.597837000755621,-0.944190974677537,-1.23407635728669,-0.654305592068383,0.147900705412833,,,,,,,,,
123,aligned,ITS,large_scale_comparison,Wald,-0.597837000755621,-0.768559447551896,-1.00704457289948,-0.530074322204307,0.121676084361015,,,,,,,,,
123,aligned,GAM,large_scale_comparison,Wald,-0.597837000755621,-0.296966850498923,-0.400063850484293,-0.193869850513553,0.0526005101966173,,,,,,,,,
123,aligned,Aligned NB,large_scale_comparison,Wald,-0.597837000755621,-0.766041657523659,-1.0048703861233,-0.527212928924019,0.121851392142673,,,,,,,,,
124,aligned,ITS,large_scale_comparison,Wald,-0.597837000755621,-0.813688844340178,-1.11194489376439,-0.515432794915965,0.152171453787864,,,,,,,,,
124,aligned,GAM,large_scale_comparison,Wald,-0.597837000755621,-0.580005651096689,-0.663473412919164,-0.496537889274213,0.0425855927665692,,,,,,,,,
124,aligned,Aligned NB,large_scale_comparison,Wald,-0.597837000755621,-0.811924441453809,-1.11010253274384,-0.513746350163778,0.152131679229608,,,,,,,,,
125,aligned,ITS,large_scale_comparison,Wald,-0.597837000755621,-0.0790518536342991,-0.516607735749164,0.358504028480566,0.22324279699738,,,,,,,,,
125,aligned,GAM,large_scale_comparison,Wald,-0.597837000755621,-0.64261283572708,-0.742665954621834,-0.542559716832326,0.0510475096401808,,,,,,,,,
125,aligned,Aligned NB,large_scale_comparison,Wald,-0.597837000755621,-0.084334597414519,-0.521374984662976,0.352705789833937,0.222979789412478,,,,,,,,,
126,aligned,ITS,large_scale_comparison,Wald,-0.597837000755621,-0.757970191374344,-1.04280662960038,-0.473133753148304,0.145324713380632,,,,,,,,,
126,aligned,GAM,large_scale_comparison,Wald,-0.597837000755621,-0.514994227100086,-0.582286388035615,-0.447702066164556,0.0343327351711884,,,,,,,,,
126,aligned,Aligned NB,large_scale_comparison,Wald,-0.597837000755621,-0.758166092110179,-1.04276817171083,-0.473564012509527,0.145205142653394,,,,,,,,,
127,aligned,ITS,large_scale_comparison,Wald,-0.597837000755621,-0.660055814125354,-0.924432525772639,-0.395679102478068,0.134886077371064,,,,,,,,,
127,aligned,GAM,large_scale_comparison,Wald,-0.597837000755621,-0.834357509583952,-0.943877983420821,-0.724837035747083,0.0558777927739128,,,,,,,,,
127,aligned,Aligned NB,large_scale_comparison,Wald,-0.597837000755621,-0.659041231849017,-0.923575965409318,-0.394506498288717,0.134966700796072,,,,,,,,,
128,aligned,ITS,large_scale_comparison,Wald,-0.597837000755621,-0.151189283540915,-0.38290604225158,0.0805274751697496,0.11822283607687,,,,,,,,,
128,aligned,GAM,large_scale_comparison,Wald,-0.597837000755621,-0.521507651777227,-0.590696352386032,-0.452318951168423,0.0353003574534718,,,,,,,,,
128,aligned,Aligned NB,large_scale_comparison,Wald,-0.597837000755621,-0.151341878147757,-0.383169058371224,0.0804853020757097,0.118279173583401,,,,,,,,,
129,aligned,ITS,large_scale_comparison,Wald,-0.597837000755621,-0.446660732990667,-0.704944755969713,-0.188376710011622,0.131777562744411,,,,,,,,,
129,aligned,GAM,large_scale_comparison,Wald,-0.597837000755621,-0.451576136533186,-0.569429937144261,-0.333722335922111,0.0601294901076914,,,,,,,,,
129,aligned,Aligned NB,large_scale_comparison,Wald,-0.597837000755621,-0.444148787215179,-0.702970052865754,-0.185327521564603,0.132051666148253,,,,,,,,,
130,aligned,ITS,large_scale_comparison,Wald,-0.597837000755621,-0.855176307623788,-1.12273437162694,-0.587618243620632,0.136509216328141,,,,,,,,,
130,aligned,GAM,large_scale_comparison,Wald,-0.597837000755621,-0.770187138824841,-0.87981255135091,-0.660561726298771,0.0559313329214641,,,,,,,,,
130,aligned,Aligned NB,large_scale_comparison,Wald,-0.597837000755621,-0.853764754882113,-1.12126926757251,-0.586260242191715,0.136481894229795,,,,,,,,,
131,aligned,ITS,large_scale_comparison,Wald,-0.597837000755621,-0.429699056581339,-0.71509175242205,-0.144306360740628,0.145608518286077,,,,,,,,,
131,aligned,GAM,large_scale_comparison,Wald,-0.597837000755621,-0.537802184507259,-0.635330885181975,-0.440273483832543,0.0497595411605692,,,,,,,,,
131,aligned,Aligned NB,large_scale_comparison,Wald,-0.597837000755621,-0.43072929987615,-0.71650711924068,-0.144951480511619,0.145805009879863,,,,,,,,,
132,aligned,ITS,large_scale_comparison,Wald,-0.597837000755621,-0.468896831760425,-0.758967893345325,-0.178825770175525,0.147995439584133,,,,,,,,,
132,aligned,GAM,large_scale_comparison,Wald,-0.597837000755621,-0.466321847818522,-0.565303391755571,-0.367340303881473,0.0505007877229842,,,,,,,,,
132,aligned,Aligned NB,large_scale_comparison,Wald,-0.597837000755621,-0.471747949134753,-0.761712888764325,-0.181783009505181,0.147941295729374,,,,,,,,,
133,aligned,ITS,large_scale_comparison,Wald,-0.597837000755621,-0.482837543399723,-0.948313673460075,-0.0173614133393704,0.237487821459363,,,,,,,,,
133,aligned,GAM,large_scale_comparison,Wald,-0.597837000755621,-0.898095135127779,-1.01812836986597,-0.77806190038959,0.0612414462949942,,,,,,,,,
133,aligned,Aligned NB,large_scale_comparison,Wald,-0.597837000755621,-0.47800991379371,-0.943647739634115,-0.0123720879533039,0.23757031930633,,,,,,,,,
134,aligned,ITS,large_scale_comparison,Wald,-0.597837000755621,-0.663798459022389,-0.968138588164714,-0.359458329880064,0.155275576093023,,,,,,,,,
134,aligned,GAM,large_scale_comparison,Wald,-0.597837000755621,-0.490404242324335,-0.592238760497758,-0.388569724150913,0.0519563868231748,,,,,,,,,
134,aligned,Aligned NB,large_scale_comparison,Wald,-0.597837000755621,-0.665872646996272,-0.970295484702469,-0.361449809290076,0.155317774339896,,,,,,,,,
135,aligned,ITS,large_scale_comparison,Wald,-0.597837000755621,-0.300888113849253,-0.649652702054703,0.0478764743561971,0.177941116431352,,,,,,,,,
135,aligned,GAM,large_scale_comparison,Wald,-0.597837000755621,-0.676655594523849,-0.751783716913899,-0.6015274721338,0.0383306746888008,,,,,,,,,
135,aligned,Aligned NB,large_scale_comparison,Wald,-0.597837000755621,-0.299519602516815,-0.648323700085082,0.0492844950514514,0.177961274269524,,,,,,,,,
136,aligned,ITS,large_scale_comparison,Wald,-0.597837000755621,-0.353219937642882,-0.585876886198048,-0.120562989087716,0.118702524773044,,,,,,,,,
136,aligned,GAM,large_scale_comparison,Wald,-0.597837000755621,-0.674908639389336,-0.775210794686931,-0.574606484091742,0.0511745690293851,,,,,,,,,
136,aligned,Aligned NB,large_scale_comparison,Wald,-0.597837000755621,-0.351151681508582,-0.583839454876288,-0.118463908140876,0.118718251718217,,,,,,,,,
137,aligned,ITS,large_scale_comparison,Wald,-0.597837000755621,-0.934974662690202,-1.3636354496858,-0.506313875694601,0.218704483161021,,,,,,,,,
137,aligned,GAM,large_scale_comparison,Wald,-0.597837000755621,-0.900596097807519,-1.02341606590645,-0.777776129708593,0.0626632490300645,,,,,,,,,
137,aligned,Aligned NB,large_scale_comparison,Wald,-0.597837000755621,-0.934732789208061,-1.36379419954122,-0.505671378874905,0.218908882823039,,,,,,,,,
138,aligned,ITS,large_scale_comparison,Wald,-0.597837000755621,-0.292395037281362,-0.634852642999559,0.0500625684368349,0.17472326822357,,,,,,,,,
138,aligned,GAM,large_scale_comparison,Wald,-0.597837000755621,-0.656767583159031,-0.772013449664416,-0.541521716653646,0.0587989114823394,,,,,,,,,
138,aligned,Aligned NB,large_scale_comparison,Wald,-0.597837000755621,-0.291437183355488,-0.633990087856244,0.0511157211452674,0.174771890051406,,,,,,,,,
139,aligned,ITS,large_scale_comparison,Wald,-0.597837000755621,-0.246726696181921,-0.535161938016603,0.0417085456527598,0.147160837670756,,,,,,,,,
139,aligned,GAM,large_scale_comparison,Wald,-0.597837000755621,-0.688080773503181,-0.791648385845132,-0.584513161161229,0.0528406185418118,,,,,,,,,
139,aligned,Aligned NB,large_scale_comparison,Wald,-0.597837000755621,-0.244870861182236,-0.533294515466094,0.0435527931016223,0.14715492565503,,,,,,,,,
140,aligned,ITS,large_scale_comparison,Wald,-0.597837000755621,-1.02582599142165,-1.43141897800545,-0.620233004837844,0.206935197236634,,,,,,,,,
140,aligned,GAM,large_scale_comparison,Wald,-0.597837000755621,-0.534394193367799,-0.616954895860769,-0.451833490874829,0.0421228073943726,,,,,,,,,
140,aligned,Aligned NB,large_scale_comparison,Wald,-0.597837000755621,-1.02244783441392,-1.42822413682104,-0.616671532006798,0.207028725717918,,,,,,,,,
141,aligned,ITS,large_scale_comparison,Wald,-0.597837000755621,-0.464757808673392,-0.719894205834979,-0.209621411511804,0.130171631204892,,,,,,,,,
141,aligned,GAM,large_scale_comparison,Wald,-0.597837000755621,-0.446764043498653,-0.546588883840903,-0.346939203156402,0.0509310409909442,,,,,,,,,
141,aligned,Aligned NB,large_scale_comparison,Wald,-0.597837000755621,-0.463269780062057,-0.718591926799406,-0.207947633324709,0.130266401396606,,,,,,,,,
142,aligned,ITS,large_scale_comparison,Wald,-0.597837000755621,0.01401962725905,-0.492348339086557,0.520387593604657,0.258351003237554,,,,,,,,,
142,aligned,GAM,large_scale_comparison,Wald,-0.597837000755621,-0.606581360695831,-0.706306838368302,-0.506855883023359,0.050880345751261,,,,,,,,,
142,aligned,Aligned NB,large_scale_comparison,Wald,-0.597837000755621,0.0206757292112995,-0.486502359057554,0.527853817480153,0.258764330749415,,,,,,,,,
143,aligned,ITS,large_scale_comparison,Wald,-0.597837000755621,-0.540261404795685,-0.823014449523814,-0.257508360067556,0.144261757514352,,,,,,,,,
143,aligned,GAM,large_scale_comparison,Wald,-0.597837000755621,-0.486950112455397,-0.570595727080659,-0.403304497830136,0.0426763339924804,,,,,,,,,
143,aligned,Aligned NB,large_scale_comparison,Wald,-0.597837000755621,-0.540678801481318,-0.823536492289238,-0.257821110673399,0.144315148371387,,,,,,,,,
144,aligned,ITS,large_scale_comparison,Wald,-0.597837000755621,-0.824801534979153,-1.05992594306572,-0.589677126892586,0.119961432697228,,,,,,,,,
144,aligned,GAM,large_scale_comparison,Wald,-0.597837000755621,-0.734985268483609,-0.810894844003949,-0.659075692963269,0.0387293752654797,,,,,,,,,
144,aligned,Aligned NB,large_scale_comparison,Wald,-0.597837000755621,-0.825395481702436,-1.06056641358354,-0.590224549821328,0.119985169327096,,,,,,,,,
145,aligned,ITS,large_scale_comparison,Wald,-0.597837000755621,-0.605595934510108,-0.816797947092982,-0.394393921927235,0.107756128868813,,,,,,,,,
145,aligned,GAM,large_scale_comparison,Wald,-0.597837000755621,-0.551796524830316,-0.64698846620215,-0.456604583458482,0.048567317026446,,,,,,,,,
145,aligned,Aligned NB,large_scale_comparison,Wald,-0.597837000755621,-0.60543926066362,-0.816842496596624,-0.394036024730615,0.10785879384337,,,,,,,,,
146,aligned,ITS,large_scale_comparison,Wald,-0.597837000755621,-0.59529136779406,-0.837894943171552,-0.352687792416568,0.123777334376271,,,,,,,,,
146,aligned,GAM,large_scale_comparison,Wald,-0.597837000755621,-0.540723447683264,-0.650638289891518,-0.430808605475011,0.0560790011266598,,,,,,,,,
146,aligned,Aligned NB,large_scale_comparison,Wald,-0.597837000755621,-0.594534089705942,-0.837351846558374,-0.351716332853509,0.123886610638996,,,,,,,,,
147,aligned,ITS,large_scale_comparison,Wald,-0.597837000755621,-0.571434321433268,-0.739264257673439,-0.403604385193097,0.0856275184898832,,,,,,,,,
147,aligned,GAM,large_scale_comparison,Wald,-0.597837000755621,-0.385453780356018,-0.473398123517297,-0.297509437194738,0.0448695628373874,,,,,,,,,
147,aligned,Aligned NB,large_scale_comparison,Wald,-0.597837000755621,-0.571828168620171,-0.739628598533886,-0.404027738706456,0.0856124642416912,,,,,,,,,
148,aligned,ITS,large_scale_comparison,Wald,-0.597837000755621,-0.645617196719236,-0.962900540386756,-0.328333853051717,0.161879256973224,,,,,,,,,
148,aligned,GAM,large_scale_comparison,Wald,-0.597837000755621,-0.0241280277123673,-0.131438681125991,0.0831826257012568,0.054750333374298,,,,,,,,,
148,aligned,Aligned NB,large_scale_comparison,Wald,-0.597837000755621,-0.64582545280044,-0.963343147151771,-0.328307758449109,0.161998823648638,,,,,,,,,
149,aligned,ITS,large_scale_comparison,Wald,-0.597837000755621,-0.39511623659552,-0.68538373963651,-0.104848733554531,0.148095664816831,,,,,,,,,
149,aligned,GAM,large_scale_comparison,Wald,-0.597837000755621,-0.654509147921514,-0.751978034962633,-0.557040260880396,0.0497290240005707,,,,,,,,,
149,aligned,Aligned NB,large_scale_comparison,Wald,-0.597837000755621,-0.395069302809548,-0.685383113584125,-0.104755492034972,0.148119291211518,,,,,,,,,
150,aligned,ITS,large_scale_comparison,Wald,-0.597837000755621,-0.268874188784902,-0.559220463810807,0.0214720862410018,0.148135854605053,,,,,,,,,
150,aligned,GAM,large_scale_comparison,Wald,-0.597837000755621,-0.348010673699027,-0.459931730224795,-0.236089617173259,0.0571025798600857,,,,,,,,,
150,aligned,Aligned NB,large_scale_comparison,Wald,-0.597837000755621,-0.267128644446774,-0.557199189645827,0.0229419007522796,0.147995176121966,,,,,,,,,
151,aligned,ITS,large_scale_comparison,Wald,-0.597837000755621,-0.50464555081656,-0.728230738336272,-0.281060363296848,0.114074075265159,,,,,,,,,
151,aligned,GAM,large_scale_comparison,Wald,-0.597837000755621,-0.245612401491512,-0.345696892116649,-0.145527910866376,0.0510635156250697,,,,,,,,,
151,aligned,Aligned NB,large_scale_comparison,Wald,-0.597837000755621,-0.502796940516673,-0.726636928428549,-0.278956952604796,0.114204075465243,,,,,,,,,
152,aligned,ITS,large_scale_comparison,Wald,-0.597837000755621,-0.302154546500758,-0.608112443653798,0.00380335065228227,0.156100967935225,,,,,,,,,
152,aligned,GAM,large_scale_comparison,Wald,-0.597837000755621,-0.451476630269321,-0.553827391481973,-0.349125869056668,0.0522197761289044,,,,,,,,,
152,aligned,Aligned NB,large_scale_comparison,Wald,-0.597837000755621,-0.301417209220146,-0.607546634824765,0.00471221638447339,0.156188482451336,,,,,,,,,
153,aligned,ITS,large_scale_comparison,Wald,-0.597837000755621,-0.42786841064955,-0.707315375329271,-0.148421445969829,0.14257498197945,,,,,,,,,
153,aligned,GAM,large_scale_comparison,Wald,-0.597837000755621,-0.381013815889364,-0.483283261868667,-0.278744369910062,0.0521782887649502,,,,,,,,,
153,aligned,Aligned NB,large_scale_comparison,Wald,-0.597837000755621,-0.428873738963326,-0.70847862114917,-0.149268856777482,0.142655552135635,,,,,,,,,
154,aligned,ITS,large_scale_comparison,Wald,-0.597837000755621,-0.666747152809506,-0.983547409923394,-0.349946895695618,0.16163278424178,,,,,,,,,
154,aligned,GAM,large_scale_comparison,Wald,-0.597837000755621,-0.441373708817351,-0.544467613154945,-0.338279804479757,0.0525989307844866,,,,,,,,,
154,aligned,Aligned NB,large_scale_comparison,Wald,-0.597837000755621,-0.666430368194909,-0.983210449508091,-0.349650286881726,0.16162249046591,,,,,,,,,
155,aligned,ITS,large_scale_comparison,Wald,-0.597837000755621,-0.359498519783282,-0.707527294554863,-0.0114697450117001,0.177565701414072,,,,,,,,,
155,aligned,GAM,large_scale_comparison,Wald,-0.597837000755621,-0.436841425672605,-0.530316903483258,-0.343365947861952,0.0476915703115578,,,,,,,,,
155,aligned,Aligned NB,large_scale_comparison,Wald,-0.597837000755621,-0.36040544936207,-0.708578613062298,-0.0122322856618423,0.17763936923481,,,,,,,,,
156,aligned,ITS,large_scale_comparison,Wald,-0.597837000755621,-0.668672764970328,-0.945848706091469,-0.391496823849187,0.141416296490378,,,,,,,,,
156,aligned,GAM,large_scale_comparison,Wald,-0.597837000755621,-0.180888716400096,-0.289523489215317,-0.0722539435848745,0.0554259044975618,,,,,,,,,
156,aligned,Aligned NB,large_scale_comparison,Wald,-0.597837000755621,-0.667059246038905,-0.944754599594249,-0.389363892483561,0.141681302834359,,,,,,,,,
157,aligned,ITS,large_scale_comparison,Wald,-0.597837000755621,-0.560658697563215,-0.76095858900931,-0.360358806117119,0.102193822166375,,,,,,,,,
157,aligned,GAM,large_scale_comparison,Wald,-0.597837000755621,-0.476945758241602,-0.56673025684841,-0.387161259634795,0.0458084176565344,,,,,,,,,
157,aligned,Aligned NB,large_scale_comparison,Wald,-0.597837000755621,-0.558628597006532,-0.759074921914042,-0.358182272099022,0.102268533116076,,,,,,,,,
158,aligned,ITS,large_scale_comparison,Wald,-0.597837000755621,-0.716790136849306,-1.0678894314082,-0.365690842290416,0.179132293142291,,,,,,,,,
158,aligned,GAM,large_scale_comparison,Wald,-0.597837000755621,-0.578154602463862,-0.679537182575546,-0.476772022352177,0.051725806179431,,,,,,,,,
158,aligned,Aligned NB,large_scale_comparison,Wald,-0.597837000755621,-0.718621805426347,-1.06970218170368,-0.367541429149016,0.179122640957822,,,,,,,,,
159,aligned,ITS,large_scale_comparison,Wald,-0.597837000755621,-1.08083018497547,-1.45094455226255,-0.710715817688399,0.188833860860753,,,,,,,,,
159,aligned,GAM,large_scale_comparison,Wald,-0.597837000755621,-0.556672991247398,-0.663649517563017,-0.449696464931778,0.0545798603651121,,,,,,,,,
159,aligned,Aligned NB,large_scale_comparison,Wald,-0.597837000755621,-1.08280918292857,-1.45283314798901,-0.712785217868135,0.188787737275733,,,,,,,,,
160,aligned,ITS,large_scale_comparison,Wald,-0.597837000755621,-0.356503308616274,-0.566720067273348,-0.1462865499592,0.107253448294426,,,,,,,,,
160,aligned,GAM,large_scale_comparison,Wald,-0.597837000755621,-0.186059661640978,-0.288588268821079,-0.0835310544608779,0.0523105138673982,,,,,,,,,
160,aligned,Aligned NB,large_scale_comparison,Wald,-0.597837000755621,-0.352618834278079,-0.563239639686695,-0.141998028869463,0.107459594596233,,,,,,,,,
161,aligned,ITS,large_scale_comparison,Wald,-0.597837000755621,-0.482572023349457,-0.741561269266733,-0.22358277743218,0.132137370365957,,,,,,,,,
161,aligned,GAM,large_scale_comparison,Wald,-0.597837000755621,-0.643417875403872,-0.746483390542828,-0.540352360264916,0.0525844464994675,,,,,,,,,
161,aligned,Aligned NB,large_scale_comparison,Wald,-0.597837000755621,-0.482873319171476,-0.742019778053492,-0.22372686028946,0.132217581062253,,,,,,,,,
162,aligned,ITS,large_scale_comparison,Wald,-0.597837000755621,-0.889598059162237,-1.22257020559943,-0.556625912725044,0.169883748182241,,,,,,,,,
162,aligned,GAM,large_scale_comparison,Wald,-0.597837000755621,-0.270338365206145,-0.386078123722566,-0.154598606689724,0.0590508972022557,,,,,,,,,
162,aligned,Aligned NB,large_scale_comparison,Wald,-0.597837000755621,-0.886570846507689,-1.21972034295927,-0.553421350056112,0.169974232883458,,,,,,,,,
163,aligned,ITS,large_scale_comparison,Wald,-0.597837000755621,-0.298774540675416,-0.539803865672758,-0.0577452156780739,0.122974145406807,,,,,,,,,
163,aligned,GAM,large_scale_comparison,Wald,-0.597837000755621,-0.74246919569781,-0.84430708247638,-0.64063130891924,0.0519581054992703,,,,,,,,,
163,aligned,Aligned NB,large_scale_comparison,Wald,-0.597837000755621,-0.299321121535219,-0.54056048388038,-0.0580817591900572,0.12308130731896,,,,,,,,,
164,aligned,ITS,large_scale_comparison,Wald,-0.597837000755621,-0.992530252778491,-1.30594541522642,-0.679115090330563,0.159905695126494,,,,,,,,,
164,aligned,GAM,large_scale_comparison,Wald,-0.597837000755621,-0.662219301278572,-0.738370394577223,-0.586068207979921,0.0388525986217607,,,,,,,,,
164,aligned,Aligned NB,large_scale_comparison,Wald,-0.597837000755621,-0.990482575372442,-1.30394244489569,-0.677022705849195,0.159928504858799,,,,,,,,,
165,aligned,ITS,large_scale_comparison,Wald,-0.597837000755621,-0.232640249438549,-0.529821182437805,0.0645406835607064,0.15162292499962,,,,,,,,,
165,aligned,GAM,large_scale_comparison,Wald,-0.597837000755621,-0.522427560646024,-0.601968912995104,-0.442886208296943,0.0405823226270819,,,,,,,,,
165,aligned,Aligned NB,large_scale_comparison,Wald,-0.597837000755621,-0.232272647235754,-0.529479656090086,0.0649343616185777,0.151636229007312,,,,,,,,,
166,aligned,ITS,large_scale_comparison,Wald,-0.597837000755621,-0.782589445534558,-1.08934190177802,-0.475836989291097,0.156506355226255,,,,,,,,,
166,aligned,GAM,large_scale_comparison,Wald,-0.597837000755621,-0.507406107075396,-0.614503023503237,-0.400309190647556,0.0546412838917553,,,,,,,,,
166,aligned,Aligned NB,large_scale_comparison,Wald,-0.597837000755621,-0.7752585862814,-1.08235121849895,-0.468165954063854,0.156679914396707,,,,,,,,,
167,aligned,ITS,large_scale_comparison,Wald,-0.597837000755621,-0.50839234035396,-0.727814694721005,-0.288969985986915,0.111950180799513,,,,,,,,,
167,aligned,GAM,large_scale_comparison,Wald,-0.597837000755621,-0.446002838912304,-0.52845214046363,-0.363553537360977,0.0420659701792481,,,,,,,,,
167,aligned,Aligned NB,large_scale_comparison,Wald,-0.597837000755621,-0.507918676235761,-0.72737206655363,-0.288465285917892,0.111966015468301,,,,,,,,,
168,aligned,ITS,large_scale_comparison,Wald,-0.597837000755621,-0.257617537492129,-0.557960965826698,0.0427258908424393,0.153236443027841,,,,,,,,,
168,aligned,GAM,large_scale_comparison,Wald,-0.597837000755621,-0.453726195498317,-0.561569183023163,-0.345883207973472,0.0550219324106354,,,,,,,,,
168,aligned,Aligned NB,large_scale_comparison,Wald,-0.597837000755621,-0.256425668783133,-0.556835094662902,0.0439837570966354,0.15327011524478,,,,,,,,,
169,aligned,ITS,large_scale_comparison,Wald,-0.597837000755621,-0.574794436122028,-0.783358688849037,-0.366230183395019,0.106410333023984,,,,,,,,,
169,aligned,GAM,large_scale_comparison,Wald,-0.597837000755621,-0.731791250081991,-0.827061778026342,-0.63652072213764,0.0486074122165055,,,,,,,,,
169,aligned,Aligned NB,large_scale_comparison,Wald,-0.597837000755621,-0.570595349986483,-0.779306957281042,-0.361883742691924,0.106485513925795,,,,,,,,,
170,aligned,ITS,large_scale_comparison,Wald,-0.597837000755621,-0.975603146994296,-1.2624975384993,-0.688708755489288,0.146374689543371,,,,,,,,,
170,aligned,GAM,large_scale_comparison,Wald,-0.597837000755621,-0.849789709571696,-0.938718967409025,-0.760860451734367,0.0453720703251678,,,,,,,,,
170,aligned,Aligned NB,large_scale_comparison,Wald,-0.597837000755621,-0.970570272547,-1.25773250610179,-0.683408038992209,0.146511343650403,,,,,,,,,
171,aligned,ITS,large_scale_comparison,Wald,-0.597837000755621,-0.66531838449239,-0.983891100214199,-0.34674566877058,0.162537099858066,,,,,,,,,
171,aligned,GAM,large_scale_comparison,Wald,-0.597837000755621,-0.236061673195509,-0.343640784270669,-0.128482562120348,0.0548873015689594,,,,,,,,,
171,aligned,Aligned NB,large_scale_comparison,Wald,-0.597837000755621,-0.664386639025205,-0.982873349045248,-0.345899929005161,0.162493219397982,,,,,,,,,
172,aligned,ITS,large_scale_comparison,Wald,-0.597837000755621,-0.774854240977228,-1.13350280447752,-0.41620567747694,0.182983960969535,,,,,,,,,
172,aligned,GAM,large_scale_comparison,Wald,-0.597837000755621,-0.670115469190374,-0.779288603527726,-0.560942334853022,0.0557005787435468,,,,,,,,,
172,aligned,Aligned NB,large_scale_comparison,Wald,-0.597837000755621,-0.774712380573685,-1.13354447497846,-0.415880286168908,0.18307759918611,,,,,,,,,
173,aligned,ITS,large_scale_comparison,Wald,-0.597837000755621,-0.403863210407837,-0.659296706522382,-0.148429714293292,0.130323212303339,,,,,,,,,
173,aligned,GAM,large_scale_comparison,Wald,-0.597837000755621,-0.536497855508682,-0.628337118966476,-0.444658592050888,0.046856767070303,,,,,,,,,
173,aligned,Aligned NB,large_scale_comparison,Wald,-0.597837000755621,-0.409875197392544,-0.665233391638795,-0.154517003146294,0.130284792982781,,,,,,,,,
174,aligned,ITS,large_scale_comparison,Wald,-0.597837000755621,-0.367696162178965,-0.637484697083859,-0.097907627274071,0.137647211686171,,,,,,,,,
174,aligned,GAM,large_scale_comparison,Wald,-0.597837000755621,-0.383596220917067,-0.494232690142356,-0.272959751691779,0.0564471781761674,,,,,,,,,
174,aligned,Aligned NB,large_scale_comparison,Wald,-0.597837000755621,-0.366748030088747,-0.636646823503042,-0.0968492366744515,0.137703466027702,,,,,,,,,
175,aligned,ITS,large_scale_comparison,Wald,-0.597837000755621,-0.738867021211467,-0.917672108721856,-0.560061933701078,0.0912270854644843,,,,,,,,,
175,aligned,GAM,large_scale_comparison,Wald,-0.597837000755621,-0.527739118476351,-0.591307619626973,-0.464170617325728,0.0324329087503177,,,,,,,,,
175,aligned,Aligned NB,large_scale_comparison,Wald,-0.597837000755621,-0.73958979938629,-0.91846439869154,-0.56071520008104,0.0912625506659439,,,,,,,,,
176,aligned,ITS,large_scale_comparison,Wald,-0.597837000755621,-0.322296827208029,-0.49934503715379,-0.145248617262268,0.090330719360082,,,,,,,,,
176,aligned,GAM,large_scale_comparison,Wald,-0.597837000755621,-0.311248051125901,-0.396289579170221,-0.226206523081582,0.0433885347164894,,,,,,,,,
176,aligned,Aligned NB,large_scale_comparison,Wald,-0.597837000755621,-0.321476511280383,-0.498574231567046,-0.144378790993719,0.0903559797380938,,,,,,,,,
177,aligned,ITS,large_scale_comparison,Wald,-0.597837000755621,-0.756210145200748,-1.00502089831809,-0.507399392083405,0.126944261794563,,,,,,,,,
177,aligned,GAM,large_scale_comparison,Wald,-0.597837000755621,-0.531368668971374,-0.620770941332333,-0.441966396610416,0.045613404265795,,,,,,,,,
177,aligned,Aligned NB,large_scale_comparison,Wald,-0.597837000755621,-0.751836887719123,-1.00073190536561,-0.502941870072632,0.126987253901271,,,,,,,,,
178,aligned,ITS,large_scale_comparison,Wald,-0.597837000755621,-0.799242052708608,-1.04614947756648,-0.552334627850736,0.125973175947894,,,,,,,,,
178,aligned,GAM,large_scale_comparison,Wald,-0.597837000755621,-0.326687245320738,-0.430797105016509,-0.222577385624967,0.0531172753549852,,,,,,,,,
178,aligned,Aligned NB,large_scale_comparison,Wald,-0.597837000755621,-0.800098187451048,-1.04669011334924,-0.553506261552852,0.125812207090916,,,,,,,,,
179,aligned,ITS,large_scale_comparison,Wald,-0.597837000755621,-1.00762911493048,-1.31353480202981,-0.701723427831161,0.156074330152716,,,,,,,,,
179,aligned,GAM,large_scale_comparison,Wald,-0.597837000755621,-0.733314822943061,-0.840039770044922,-0.6265898758412,0.0544515036233985,,,,,,,,,
179,aligned,Aligned NB,large_scale_comparison,Wald,-0.597837000755621,-1.00871612019493,-1.31466203812593,-0.702770202263927,0.156094856087245,,,,,,,,,
180,aligned,ITS,large_scale_comparison,Wald,-0.597837000755621,-0.50525344434035,-0.817176095858271,-0.193330792822428,0.159144209958123,,,,,,,,,
180,aligned,GAM,large_scale_comparison,Wald,-0.597837000755621,-0.437640963009353,-0.556193065733064,-0.319088860285642,0.0604857666957709,,,,,,,,,
180,aligned,Aligned NB,large_scale_comparison,Wald,-0.597837000755621,-0.503175494324073,-0.815191142598527,-0.191159846049618,0.159191657282885,,,,,,,,,
181,aligned,ITS,large_scale_comparison,Wald,-0.597837000755621,-0.697305165262239,-1.00839258972874,-0.386217740795738,0.158718073707399,,,,,,,,,
181,aligned,GAM,large_scale_comparison,Wald,-0.597837000755621,-0.434598307474748,-0.542217264457834,-0.326979350491662,0.0549076311138195,,,,,,,,,
181,aligned,Aligned NB,large_scale_comparison,Wald,-0.597837000755621,-0.696074042301275,-1.00706322352568,-0.385084861076869,0.158667949604288,,,,,,,,,
182,aligned,ITS,large_scale_comparison,Wald,-0.597837000755621,-0.514881686491156,-0.702104537364178,-0.327658835618134,0.0955218626903174,,,,,,,,,
182,aligned,GAM,large_scale_comparison,Wald,-0.597837000755621,-0.821612422430832,-0.922043716952501,-0.721181127909162,0.0512404563886067,,,,,,,,,
182,aligned,Aligned NB,large_scale_comparison,Wald,-0.597837000755621,-0.515427225701381,-0.702620829096395,-0.328233622306367,0.0955069405076601,,,,,,,,,
183,aligned,ITS,large_scale_comparison,Wald,-0.597837000755621,-0.621637502585792,-0.779595538528651,-0.463679466642934,0.0805908346647237,,,,,,,,,
183,aligned,GAM,large_scale_comparison,Wald,-0.597837000755621,-0.601407974918748,-0.672150500593976,-0.53066544924352,0.0360931253445042,,,,,,,,,
183,aligned,Aligned NB,large_scale_comparison,Wald,-0.597837000755621,-0.622950113999415,-0.780827975533382,-0.465072252465447,0.0805499293540651,,,,,,,,,
184,aligned,ITS,large_scale_comparison,Wald,-0.597837000755621,-0.624098631927921,-0.853191575901869,-0.395005687953972,0.116884155088749,,,,,,,,,
184,aligned,GAM,large_scale_comparison,Wald,-0.597837000755621,-0.717347542777099,-0.826836182637886,-0.607858902916313,0.0558615509493811,,,,,,,,,
184,aligned,Aligned NB,large_scale_comparison,Wald,-0.597837000755621,-0.6229407309076,-0.852133380562309,-0.393748081252891,0.116935025334035,,,,,,,,,
185,aligned,ITS,large_scale_comparison,Wald,-0.597837000755621,-0.618354980376013,-0.844121195938394,-0.392588764813633,0.115186844674684,,,,,,,,,
185,aligned,GAM,large_scale_comparison,Wald,-0.597837000755621,-0.434394372983237,-0.533042573362476,-0.335746172603999,0.0503307144792033,,,,,,,,,
185,aligned,Aligned NB,large_scale_comparison,Wald,-0.597837000755621,-0.617413611945402,-0.843152837269431,-0.391674386621372,0.115173074144913,,,,,,,,,
186,aligned,ITS,large_scale_comparison,Wald,-0.597837000755621,-0.689006320444113,-0.952224672142553,-0.425787968745673,0.134295077397163,,,,,,,,,
186,aligned,GAM,large_scale_comparison,Wald,-0.597837000755621,-0.586269862184897,-0.684513051732155,-0.488026672637639,0.0501240762996214,,,,,,,,,
186,aligned,Aligned NB,large_scale_comparison,Wald,-0.597837000755621,-0.689555421879904,-0.952719767521388,-0.426391076238419,0.134267523286472,,,,,,,,,
187,aligned,ITS,large_scale_comparison,Wald,-0.597837000755621,-0.67792814384597,-0.950166788697127,-0.405689498994813,0.138897267781203,,,,,,,,,
187,aligned,GAM,large_scale_comparison,Wald,-0.597837000755621,-0.624652552368326,-0.73346770932761,-0.515837395409041,0.0555179372241249,,,,,,,,,
187,aligned,Aligned NB,large_scale_comparison,Wald,-0.597837000755621,-0.678017940431229,-0.950288714851699,-0.40574716601076,0.138913660418607,,,,,,,,,
188,aligned,ITS,large_scale_comparison,Wald,-0.597837000755621,-0.475266480746011,-0.736721184329096,-0.213811777162926,0.133395256930146,,,,,,,,,
188,aligned,GAM,large_scale_comparison,Wald,-0.597837000755621,-0.739705684376733,-0.843804481805525,-0.63560688694794,0.0531116313412206,,,,,,,,,
188,aligned,Aligned NB,large_scale_comparison,Wald,-0.597837000755621,-0.475959515117809,-0.737390605932234,-0.214528424303384,0.133383209599197,,,,,,,,,
189,aligned,ITS,large_scale_comparison,Wald,-0.597837000755621,-0.610731638852829,-0.856476797511719,-0.364986480193939,0.125380182989229,,,,,,,,,
189,aligned,GAM,large_scale_comparison,Wald,-0.597837000755621,-0.58707941992468,-0.689194649709516,-0.484964190139843,0.0520996070330799,,,,,,,,,
189,aligned,Aligned NB,large_scale_comparison,Wald,-0.597837000755621,-0.608242459903211,-0.854146383673163,-0.36233853613326,0.125461185596914,,,,,,,,,
190,aligned,ITS,large_scale_comparison,Wald,-0.597837000755621,-0.388478428756618,-0.645344734976242,-0.131612122536995,0.131054237867155,,,,,,,,,
190,aligned,GAM,large_scale_comparison,Wald,-0.597837000755621,-0.326035348276109,-0.42850711440604,-0.223563582146177,0.0522815133315977,,,,,,,,,
190,aligned,Aligned NB,large_scale_comparison,Wald,-0.597837000755621,-0.386519144920058,-0.643553438369812,-0.129484851470304,0.13113994563763,,,,,,,,,
191,aligned,ITS,large_scale_comparison,Wald,-0.597837000755621,-0.503690174971813,-0.926100698699014,-0.0812796512446113,0.215515573330205,,,,,,,,,
191,aligned,GAM,large_scale_comparison,Wald,-0.597837000755621,-0.975918383809997,-1.08460650940913,-0.867230258210868,0.0554531253056781,,,,,,,,,
191,aligned,Aligned NB,large_scale_comparison,Wald,-0.597837000755621,-0.506537900337063,-0.928832331070865,-0.0842434696032616,0.215456342211123,,,,,,,,,
192,aligned,ITS,large_scale_comparison,Wald,-0.597837000755621,-0.580883265024251,-0.89369315254941,-0.268073377499092,0.159596881390387,,,,,,,,,
192,aligned,GAM,large_scale_comparison,Wald,-0.597837000755621,-0.801273623224318,-0.915889395751894,-0.686657850696743,0.0584774349630487,,,,,,,,,
192,aligned,Aligned NB,large_scale_comparison,Wald,-0.597837000755621,-0.574553297377505,-0.888143676119674,-0.260962918635335,0.159995091194985,,,,,,,,,
193,aligned,ITS,large_scale_comparison,Wald,-0.597837000755621,-0.368741018192238,-0.618666037165151,-0.118815999219324,0.127512764782099,,,,,,,,,
193,aligned,GAM,large_scale_comparison,Wald,-0.597837000755621,-0.677836951503138,-0.756154621143566,-0.599519281862709,0.0399579947145042,,,,,,,,,
193,aligned,Aligned NB,large_scale_comparison,Wald,-0.597837000755621,-0.367623830538752,-0.617403830440199,-0.117843830637305,0.127438775459922,,,,,,,,,
194,aligned,ITS,large_scale_comparison,Wald,-0.597837000755621,-0.432073197700811,-0.691382400844432,-0.17276399455719,0.132300613848786,,,,,,,,,
194,aligned,GAM,large_scale_comparison,Wald,-0.597837000755621,-0.188442806418624,-0.297712638809203,-0.0791729740280453,0.0557499144849892,,,,,,,,,
194,aligned,Aligned NB,large_scale_comparison,Wald,-0.597837000755621,-0.433699689829753,-0.693064142750362,-0.174335236909144,0.132328802510515,,,,,,,,,
195,aligned,ITS,large_scale_comparison,Wald,-0.597837000755621,-0.446875636006805,-0.665336302652841,-0.22841496936077,0.111459523798998,,,,,,,,,
195,aligned,GAM,large_scale_comparison,Wald,-0.597837000755621,-0.375168284428467,-0.464313661115446,-0.286022907741487,0.0454823350443773,,,,,,,,,
195,aligned,Aligned NB,large_scale_comparison,Wald,-0.597837000755621,-0.444149242575561,-0.662687500003937,-0.225610985147185,0.111499110932845,,,,,,,,,
196,aligned,ITS,large_scale_comparison,Wald,-0.597837000755621,-0.700469978374896,-0.952051722285022,-0.44888823446477,0.128358032607207,,,,,,,,,
196,aligned,GAM,large_scale_comparison,Wald,-0.597837000755621,-0.739329501616085,-0.846821417311973,-0.631837585920196,0.0548428141305554,,,,,,,,,
196,aligned,Aligned NB,large_scale_comparison,Wald,-0.597837000755621,-0.700216224535826,-0.95199273357026,-0.448439715501392,0.128457402568589,,,,,,,,,
197,aligned,ITS,large_scale_comparison,Wald,-0.597837000755621,-0.648035495097774,-0.823374272552515,-0.472696717643034,0.089458559925888,,,,,,,,,
197,aligned,GAM,large_scale_comparison,Wald,-0.597837000755621,-0.212141754694961,-0.299443690521247,-0.124839818868675,0.0445418039930029,,,,,,,,,
197,aligned,Aligned NB,large_scale_comparison,Wald,-0.597837000755621,-0.640976774080961,-0.816412163812371,-0.46554138434955,0.0895078519037807,,,,,,,,,
198,aligned,ITS,large_scale_comparison,Wald,-0.597837000755621,-0.588455597946677,-0.917616236597016,-0.259294959296338,0.167939101352214,,,,,,,,,
198,aligned,GAM,large_scale_comparison,Wald,-0.597837000755621,-0.734119212761061,-0.825125069263131,-0.64311335625899,0.0464315594398318,,,,,,,,,
198,aligned,Aligned NB,large_scale_comparison,Wald,-0.597837000755621,-0.590397833847766,-0.91943629381603,-0.261359373879502,0.167876765289931,,,,,,,,,
199,aligned,ITS,large_scale_comparison,Wald,-0.597837000755621,-0.432353931316719,-0.670185186674825,-0.194522675958612,0.121342477223524,,,,,,,,,
199,aligned,GAM,large_scale_comparison,Wald,-0.597837000755621,-0.4707864356399,-0.561231312318036,-0.380341558961763,0.0461453452439472,,,,,,,,,
199,aligned,Aligned NB,large_scale_comparison,Wald,-0.597837000755621,-0.42950773614788,-0.667519245775197,-0.191496226520563,0.121434443687407,,,,,,,,,
200,aligned,ITS,large_scale_comparison,Wald,-0.597837000755621,-0.474842357835185,-0.724771852193965,-0.224912863476405,0.127515048142235,,,,,,,,,
200,aligned,GAM,large_scale_comparison,Wald,-0.597837000755621,-0.589237973273181,-0.660790774812515,-0.517685171733846,0.0365065313976198,,,,,,,,,
200,aligned,Aligned NB,large_scale_comparison,Wald,-0.597837000755621,-0.473523704862655,-0.724039796865891,-0.22300761285942,0.127814332654712,,,,,,,,,
201,aligned,ITS,large_scale_comparison,Wald,-0.597837000755621,-0.509669842225256,-0.739370639400712,-0.2799690450498,0.117194284273192,,,,,,,,,
201,aligned,GAM,large_scale_comparison,Wald,-0.597837000755621,-0.398192280137091,-0.498824304833149,-0.297560255441033,0.0513428697428865,,,,,,,,,
201,aligned,Aligned NB,large_scale_comparison,Wald,-0.597837000755621,-0.510382215925517,-0.740152660087431,-0.280611771763603,0.117229818449956,,,,,,,,,
202,aligned,ITS,large_scale_comparison,Wald,-0.597837000755621,-0.677406938511303,-0.932934584882957,-0.42187929213965,0.130371248148803,,,,,,,,,
202,aligned,GAM,large_scale_comparison,Wald,-0.597837000755621,-0.639097298790366,-0.737576001048486,-0.540618596532246,0.0502442358459796,,,,,,,,,
202,aligned,Aligned NB,large_scale_comparison,Wald,-0.597837000755621,-0.680483201053591,-0.935813708640112,-0.425152693467069,0.13027066713598,,,,,,,,,
203,aligned,ITS,large_scale_comparison,Wald,-0.597837000755621,-0.950905862380814,-1.24708787933135,-0.654723845430275,0.151113273954357,,,,,,,,,
203,aligned,GAM,large_scale_comparison,Wald,-0.597837000755621,-0.735600430977265,-0.852211151931751,-0.618989710022779,0.0594952657931051,,,,,,,,,
203,aligned,Aligned NB,large_scale_comparison,Wald,-0.597837000755621,-0.947044704280817,-1.24348556265054,-0.65060384591109,0.151245335902922,,,,,,,,,
204,aligned,ITS,large_scale_comparison,Wald,-0.597837000755621,-0.9140492611968,-1.17916377380645,-0.648934748587152,0.135262506433494,,,,,,,,,
204,aligned,GAM,large_scale_comparison,Wald,-0.597837000755621,-0.569890346987832,-0.64616182047426,-0.493618873501403,0.0389140170849125,,,,,,,,,
204,aligned,Aligned NB,large_scale_comparison,Wald,-0.597837000755621,-0.900891448171332,-1.16654643379731,-0.635236462545354,0.135538257972438,,,,,,,,,
205,aligned,ITS,large_scale_comparison,Wald,-0.597837000755621,-0.6978792372395,-0.990628089862271,-0.405130384616729,0.149361659501414,,,,,,,,,
205,aligned,GAM,large_scale_comparison,Wald,-0.597837000755621,-0.475463974376635,-0.574785855064763,-0.376142093688507,0.0506744289225144,,,,,,,,,
205,aligned,Aligned NB,large_scale_comparison,Wald,-0.597837000755621,-0.697434021326207,-0.990234923941258,-0.404633118711157,0.149388215619924,,,,,,,,,
206,aligned,ITS,large_scale_comparison,Wald,-0.597837000755621,-1.16582273424632,-1.5840600274559,-0.747585441036735,0.213386374086523,,,,,,,,,
206,aligned,GAM,large_scale_comparison,Wald,-0.597837000755621,-0.534800970381744,-0.654616784911401,-0.414985155852086,0.0611305176171721,,,,,,,,,
206,aligned,Aligned NB,large_scale_comparison,Wald,-0.597837000755621,-1.16056191902395,-1.57943062285786,-0.741693215190045,0.213708522364239,,,,,,,,,
207,aligned,ITS,large_scale_comparison,Wald,-0.597837000755621,-0.672500501260752,-0.984080629931503,-0.36092037259,0.158969453403445,,,,,,,,,
207,aligned,GAM,large_scale_comparison,Wald,-0.597837000755621,-0.64904120482661,-0.759776919868124,-0.538305489785097,0.0564978137966906,,,,,,,,,
207,aligned,Aligned NB,large_scale_comparison,Wald,-0.597837000755621,-0.671152043649289,-0.983206999164572,-0.359097088134007,0.159211711997593,,,,,,,,,
208,aligned,ITS,large_scale_comparison,Wald,-0.597837000755621,-0.749744400839573,-1.10928249285637,-0.390206308822771,0.183437802049388,,,,,,,,,
208,aligned,GAM,large_scale_comparison,Wald,-0.597837000755621,-0.601468298696726,-0.709149749054172,-0.49378684833928,0.0549395154884931,,,,,,,,,
208,aligned,Aligned NB,large_scale_comparison,Wald,-0.597837000755621,-0.74829948408689,-1.10787032414607,-0.388728644027713,0.183454510234274,,,,,,,,,
209,aligned,ITS,large_scale_comparison,Wald,-0.597837000755621,-0.683653589088355,-0.893048554296143,-0.474258623880567,0.106834165922341,,,,,,,,,
209,aligned,GAM,large_scale_comparison,Wald,-0.597837000755621,-0.554037864980963,-0.627437749351086,-0.48063798061084,0.0374489205970015,,,,,,,,,
209,aligned,Aligned NB,large_scale_comparison,Wald,-0.597837000755621,-0.683744438056125,-0.893079886137253,-0.474408989974998,0.106803800041392,,,,,,,,,
210,aligned,ITS,large_scale_comparison,Wald,-0.597837000755621,-0.432870930212792,-0.760358125302032,-0.105383735123551,0.167085303616959,,,,,,,,,
210,aligned,GAM,large_scale_comparison,Wald,-0.597837000755621,-0.347547200516726,-0.41867777053948,-0.276416630493971,0.0362911071544666,,,,,,,,,
210,aligned,Aligned NB,large_scale_comparison,Wald,-0.597837000755621,-0.437196963929372,-0.765012571143005,-0.10938135671574,0.167252860823282,,,,,,,,,
211,aligned,ITS,large_scale_comparison,Wald,-0.597837000755621,-0.437896363800426,-0.747639059670404,-0.128153667930449,0.158031987688764,,,,,,,,,
211,aligned,GAM,large_scale_comparison,Wald,-0.597837000755621,-0.597190868453195,-0.708526885197072,-0.485854851709317,0.0568040901754478,,,,,,,,,
211,aligned,Aligned NB,large_scale_comparison,Wald,-0.597837000755621,-0.434330441868924,-0.744484367432824,-0.124176516305023,0.158241798757092,,,,,,,,,
212,aligned,ITS,large_scale_comparison,Wald,-0.597837000755621,-0.861127554194745,-1.14920213000833,-0.573052978381162,0.146976824394685,,,,,,,,,
212,aligned,GAM,large_scale_comparison,Wald,-0.597837000755621,-0.584620470070638,-0.664492294699276,-0.504748645442,0.0407509309329786,,,,,,,,,
212,aligned,Aligned NB,large_scale_comparison,Wald,-0.597837000755621,-0.860325007291802,-1.14843793061316,-0.57221208397044,0.146996389449675,,,,,,,,,
213,aligned,ITS,large_scale_comparison,Wald,-0.597837000755621,-0.6019913077651,-0.849904112273592,-0.354078503256608,0.126486124749231,,,,,,,,,
213,aligned,GAM,large_scale_comparison,Wald,-0.597837000755621,-0.775149076660071,-0.876985057104541,-0.673313096215601,0.0519571328798315,,,,,,,,,
213,aligned,Aligned NB,large_scale_comparison,Wald,-0.597837000755621,-0.600785947543138,-0.848525241593679,-0.353046653492598,0.126397599005378,,,,,,,,,
214,aligned,ITS,large_scale_comparison,Wald,-0.597837000755621,-0.710397139357434,-1.04932730878426,-0.371466969930611,0.172923555830012,,,,,,,,,
214,aligned,GAM,large_scale_comparison,Wald,-0.597837000755621,-0.841925870527906,-0.950408137613674,-0.733443603442137,0.0553480954519229,,,,,,,,,
214,aligned,Aligned NB,large_scale_comparison,Wald,-0.597837000755621,-0.711772529573986,-1.05084810427751,-0.372696954870458,0.172997742195678,,,,,,,,,
215,aligned,ITS,large_scale_comparison,Wald,-0.597837000755621,-0.684473489263583,-0.968221463327657,-0.400725515199509,0.144769374522487,,,,,,,,,
215,aligned,GAM,large_scale_comparison,Wald,-0.597837000755621,-0.592220869931714,-0.669291526437073,-0.515150213426355,0.0393217635231423,,,,,,,,,
215,aligned,Aligned NB,large_scale_comparison,Wald,-0.597837000755621,-0.684737818102938,-0.968731994153831,-0.400743642052046,0.144894987781068,,,,,,,,,
216,aligned,ITS,large_scale_comparison,Wald,-0.597837000755621,-0.417318198398799,-0.748068999310741,-0.0865673974868567,0.168750408628542,,,,,,,,,
216,aligned,GAM,large_scale_comparison,Wald,-0.597837000755621,-0.929114963020764,-1.05166188526298,-0.80656804077855,0.062523939919497,,,,,,,,,
216,aligned,Aligned NB,large_scale_comparison,Wald,-0.597837000755621,-0.418066325195604,-0.748882281812096,-0.0872503685791127,0.168783651334945,,,,,,,,,
217,aligned,ITS,large_scale_comparison,Wald,-0.597837000755621,-0.0115680591316048,-0.343343717792004,0.320207599528795,0.169273295234898,,,,,,,,,
217,aligned,GAM,large_scale_comparison,Wald,-0.597837000755621,-0.348343036686644,-0.445592711516345,-0.251093361856942,0.049617181035562,,,,,,,,,
217,aligned,Aligned NB,large_scale_comparison,Wald,-0.597837000755621,-0.0119691703402434,-0.34368328557365,0.319744944893163,0.169241895527248,,,,,,,,,
218,aligned,ITS,large_scale_comparison,Wald,-0.597837000755621,-0.527052101787353,-0.737646955142323,-0.316457248432383,0.107446353752536,,,,,,,,,
218,aligned,GAM,large_scale_comparison,Wald,-0.597837000755621,-0.448805795711615,-0.535806663200528,-0.361804928222701,0.0443881976984254,,,,,,,,,
218,aligned,Aligned NB,large_scale_comparison,Wald,-0.597837000755621,-0.52490709772311,-0.735644994486149,-0.314169200960071,0.107519335083183,,,,,,,,,
219,aligned,ITS,large_scale_comparison,Wald,-0.597837000755621,-0.53207159584361,-0.742627905006243,-0.321515286680977,0.107426688348282,,,,,,,,,
219,aligned,GAM,large_scale_comparison,Wald,-0.597837000755621,-0.515665759045376,-0.599601369810629,-0.431730148280123,0.0428242912067617,,,,,,,,,
219,aligned,Aligned NB,large_scale_comparison,Wald,-0.597837000755621,-0.527911041114976,-0.738665318010101,-0.317156764219851,0.107527692293431,,,,,,,,,
220,aligned,ITS,large_scale_comparison,Wald,-0.597837000755621,-0.855810216653047,-1.15053718504837,-0.561083248257726,0.150370902242511,,,,,,,,,
220,aligned,GAM,large_scale_comparison,Wald,-0.597837000755621,-0.623984025489953,-0.703109750092161,-0.544858300887746,0.0403702676541872,,,,,,,,,
220,aligned,Aligned NB,large_scale_comparison,Wald,-0.597837000755621,-0.85403871261763,-1.148838675895,-0.559238749340261,0.15040814452927,,,,,,,,,
221,aligned,ITS,large_scale_comparison,Wald,-0.597837000755621,-0.400715890309966,-0.655932840073824,-0.145498940546108,0.130212729471356,,,,,,,,,
221,aligned,GAM,large_scale_comparison,Wald,-0.597837000755621,-0.316816079200788,-0.423172926922617,-0.210459231478958,0.0542636978172598,,,,,,,,,
221,aligned,Aligned NB,large_scale_comparison,Wald,-0.597837000755621,-0.401080085878269,-0.656378892822973,-0.145781278933565,0.130254493339135,,,,,,,,,
222,aligned,ITS,large_scale_comparison,Wald,-0.597837000755621,-0.99844825169016,-1.32911417244125,-0.667782330939072,0.168707102424024,,,,,,,,,
222,aligned,GAM,large_scale_comparison,Wald,-0.597837000755621,-0.517090889211937,-0.629245351409546,-0.404936427014327,0.0572216643865353,,,,,,,,,
222,aligned,Aligned NB,large_scale_comparison,Wald,-0.597837000755621,-0.998405739596617,-1.32904244147911,-0.667769037714122,0.168692194838007,,,,,,,,,
223,aligned,ITS,large_scale_comparison,Wald,-0.597837000755621,-0.87538213763794,-1.19888235028687,-0.55188192498901,0.165051128902515,,,,,,,,,
223,aligned,GAM,large_scale_comparison,Wald,-0.597837000755621,-0.552268688955443,-0.623730438540361,-0.480806939370524,0.0364600763188359,,,,,,,,,
223,aligned,Aligned NB,large_scale_comparison,Wald,-0.597837000755621,-0.873688585706941,-1.19722105864417,-0.550156112769714,0.165067588233279,,,,,,,,,
224,aligned,ITS,large_scale_comparison,Wald,-0.597837000755621,-0.385576686642943,-0.833065019185014,0.0619116458991275,0.228310373745954,,,,,,,,,
224,aligned,GAM,large_scale_comparison,Wald,-0.597837000755621,-0.425335746034754,-0.499315436157957,-0.351356055911551,0.0377447398587772,,,,,,,,,
224,aligned,Aligned NB,large_scale_comparison,Wald,-0.597837000755621,-0.381828671634561,-0.829146300353474,0.0654889570843528,0.228223279958629,,,,,,,,,
225,aligned,ITS,large_scale_comparison,Wald,-0.597837000755621,-0.881160791843419,-1.14709026944784,-0.615231314239001,0.135678304900213,,,,,,,,,
225,aligned,GAM,large_scale_comparison,Wald,-0.597837000755621,-0.382430017432363,-0.492152346497794,-0.272707688366932,0.055980780135424,,,,,,,,,
225,aligned,Aligned NB,large_scale_comparison,Wald,-0.597837000755621,-0.881192890434108,-1.14713146279306,-0.615254318075158,0.135682945081097,,,,,,,,,
226,aligned,ITS,large_scale_comparison,Wald,-0.597837000755621,-0.373371091880781,-0.621749090497524,-0.124993093264039,0.126723468682012,,,,,,,,,
226,aligned,GAM,large_scale_comparison,Wald,-0.597837000755621,-0.421895355284912,-0.518566515686712,-0.325224194883113,0.0493220206131629,,,,,,,,,
226,aligned,Aligned NB,large_scale_comparison,Wald,-0.597837000755621,-0.367582830413209,-0.615804768366824,-0.119360892459595,0.126643845894701,,,,,,,,,
227,aligned,ITS,large_scale_comparison,Wald,-0.597837000755621,-0.575948765800841,-1.02269410493749,-0.129203426664196,0.22793129547788,,,,,,,,,
227,aligned,GAM,large_scale_comparison,Wald,-0.597837000755621,-0.271505919685264,-0.386925113938563,-0.156086725431965,0.0588873440067852,,,,,,,,,
227,aligned,Aligned NB,large_scale_comparison,Wald,-0.597837000755621,-0.571271636602031,-1.01834619733608,-0.124197075867977,0.22809926568064,,,,,,,,,
228,aligned,ITS,large_scale_comparison,Wald,-0.597837000755621,-0.743276697729297,-1.03727580707164,-0.449277588386958,0.149999545582826,,,,,,,,,
228,aligned,GAM,large_scale_comparison,Wald,-0.597837000755621,-0.534270260520883,-0.642214833511136,-0.426325687530629,0.0550737617297212,,,,,,,,,
228,aligned,Aligned NB,large_scale_comparison,Wald,-0.597837000755621,-0.743900577907066,-1.03779889219397,-0.450002263620157,0.149948119534137,,,,,,,,,
229,aligned,ITS,large_scale_comparison,Wald,-0.597837000755621,-0.332278168546834,-0.610473881523566,-0.0540824555701022,0.141936588253435,,,,,,,,,
229,aligned,GAM,large_scale_comparison,Wald,-0.597837000755621,-0.325773414003906,-0.421914987993354,-0.229631840014459,0.0490518234640038,,,,,,,,,
229,aligned,Aligned NB,large_scale_comparison,Wald,-0.597837000755621,-0.333061623204167,-0.611422622823592,-0.0547006235847423,0.142020918173176,,,,,,,,,
230,aligned,ITS,large_scale_comparison,Wald,-0.597837000755621,-0.590233022745511,-0.759813961533486,-0.420652083957536,0.086520887136722,,,,,,,,,
230,aligned,GAM,large_scale_comparison,Wald,-0.597837000755621,-0.494431290384291,-0.554994903219746,-0.433867677548836,0.030899802467069,,,,,,,,,
230,aligned,Aligned NB,large_scale_comparison,Wald,-0.597837000755621,-0.590776154285132,-0.760284423926135,-0.421267884644129,0.086483811041328,,,,,,,,,
231,aligned,ITS,large_scale_comparison,Wald,-0.597837000755621,-0.566615955148789,-0.826908595743911,-0.306323314553667,0.132802367650573,,,,,,,,,
231,aligned,GAM,large_scale_comparison,Wald,-0.597837000755621,-0.793569564464043,-0.898932996329391,-0.688206132598694,0.0537568529925247,,,,,,,,,
231,aligned,Aligned NB,large_scale_comparison,Wald,-0.597837000755621,-0.565297216790165,-0.825702131774789,-0.304892301805541,0.132859650502359,,,,,,,,,
232,aligned,ITS,large_scale_comparison,Wald,-0.597837000755621,-0.686492768612499,-0.938442085174114,-0.434543452050883,0.128545569674294,,,,,,,,,
232,aligned,GAM,large_scale_comparison,Wald,-0.597837000755621,-0.793905118712227,-0.90196494631921,-0.685845291105244,0.0551325651056037,,,,,,,,,
232,aligned,Aligned NB,large_scale_comparison,Wald,-0.597837000755621,-0.685295791681891,-0.937451883328808,-0.433139700034974,0.128651067166794,,,,,,,,,
233,aligned,ITS,large_scale_comparison,Wald,-0.597837000755621,-0.544701984851336,-0.750516383181675,-0.338887586520997,0.105007346086908,,,,,,,,,
233,aligned,GAM,large_scale_comparison,Wald,-0.597837000755621,-0.560643503376771,-0.629986577648414,-0.491300429105129,0.0353791195263481,,,,,,,,,
233,aligned,Aligned NB,large_scale_comparison,Wald,-0.597837000755621,-0.54677933251435,-0.752471756189423,-0.341086908839277,0.104945114119935,,,,,,,,,
234,aligned,ITS,large_scale_comparison,Wald,-0.597837000755621,-0.330652612775157,-0.607877715394488,-0.0534275101558264,0.141441378887414,,,,,,,,,
234,aligned,GAM,large_scale_comparison,Wald,-0.597837000755621,-0.476620355933857,-0.577778448944185,-0.37546226292353,0.0516112719440447,,,,,,,,,
234,aligned,Aligned NB,large_scale_comparison,Wald,-0.597837000755621,-0.330928762506745,-0.608180612598091,-0.0536769124154,0.141455025556809,,,,,,,,,
235,aligned,ITS,large_scale_comparison,Wald,-0.597837000755621,0.290459124547052,-0.351962651294749,0.932880900388852,0.327766212164184,,,,,,,,,
235,aligned,GAM,large_scale_comparison,Wald,-0.597837000755621,-0.618608952386286,-0.732634978471982,-0.50458292630059,0.0581765439212736,,,,,,,,,
235,aligned,Aligned NB,large_scale_comparison,Wald,-0.597837000755621,0.295252419459064,-0.347153486858411,0.93765832577654,0.3277581154681,,,,,,,,,
236,aligned,ITS,large_scale_comparison,Wald,-0.597837000755621,0.00430832646927096,-0.342183694845881,0.350800347784423,0.176781643528139,,,,,,,,,
236,aligned,GAM,large_scale_comparison,Wald,-0.597837000755621,-0.554852286126456,-0.676990098173555,-0.432714474079357,0.0623152102281115,,,,,,,,,
236,aligned,Aligned NB,large_scale_comparison,Wald,-0.597837000755621,0.00392994092853547,-0.342701411345797,0.350561293202868,0.17685273075221,,,,,,,,,
237,aligned,ITS,large_scale_comparison,Wald,-0.597837000755621,-0.868496765377668,-1.27751044824801,-0.459483082507327,0.208680450444051,,,,,,,,,
237,aligned,GAM,large_scale_comparison,Wald,-0.597837000755621,-0.449401758908061,-0.522953281757991,-0.375850236058132,0.0375262871683314,,,,,,,,,
237,aligned,Aligned NB,large_scale_comparison,Wald,-0.597837000755621,-0.868872622203529,-1.277864069581,-0.459881174826054,0.208669105804834,,,,,,,,,
238,aligned,ITS,large_scale_comparison,Wald,-0.597837000755621,-0.542007532476253,-0.763655090167625,-0.320359974784882,0.113085488618047,,,,,,,,,
238,aligned,GAM,large_scale_comparison,Wald,-0.597837000755621,-0.569713365592894,-0.638317616125735,-0.501109115060053,0.0350021686392046,,,,,,,,,
238,aligned,Aligned NB,large_scale_comparison,Wald,-0.597837000755621,-0.546530405747919,-0.768036555551028,-0.325024255944809,0.11301334173628,,,,,,,,,
239,aligned,ITS,large_scale_comparison,Wald,-0.597837000755621,-0.633915556503223,-0.935044390554377,-0.332786722452068,0.153637160230181,,,,,,,,,
239,aligned,GAM,large_scale_comparison,Wald,-0.597837000755621,-0.330742088686202,-0.446310879519489,-0.215173297852916,0.058963668792493,,,,,,,,,
239,aligned,Aligned NB,large_scale_comparison,Wald,-0.597837000755621,-0.636431142481828,-0.937471741094829,-0.335390543868828,0.15359214214949,,,,,,,,,
240,aligned,ITS,large_scale_comparison,Wald,-0.597837000755621,-0.600360562615573,-0.85562452607213,-0.345096599159016,0.130236716049264,,,,,,,,,
240,aligned,GAM,large_scale_comparison,Wald,-0.597837000755621,-0.624199489630085,-0.720467838177746,-0.527931141082424,0.0491165043610516,,,,,,,,,
240,aligned,Aligned NB,large_scale_comparison,Wald,-0.597837000755621,-0.598259983769748,-0.853969864305787,-0.342550103233709,0.130464224763285,,,,,,,,,
241,aligned,ITS,large_scale_comparison,Wald,-0.597837000755621,-0.567590823226418,-0.781198148750757,-0.353983497702079,0.108983329349153,,,,,,,,,
241,aligned,GAM,large_scale_comparison,Wald,-0.597837000755621,-0.763817685016199,-0.845993309876082,-0.681642060156317,0.0419263392142258,,,,,,,,,
241,aligned,Aligned NB,large_scale_comparison,Wald,-0.597837000755621,-0.569051168166999,-0.78257851285885,-0.355523823475149,0.108942522801965,,,,,,,,,
242,aligned,ITS,large_scale_comparison,Wald,-0.597837000755621,-0.757996085807267,-1.0529613832779,-0.463030788336635,0.150492498709506,,,,,,,,,
242,aligned,GAM,large_scale_comparison,Wald,-0.597837000755621,-0.629168529199443,-0.736167764931715,-0.522169293467171,0.0545914468021797,,,,,,,,,
242,aligned,Aligned NB,large_scale_comparison,Wald,-0.597837000755621,-0.757686297530607,-1.05268510396799,-0.462687491093225,0.150509595121114,,,,,,,,,
243,aligned,ITS,large_scale_comparison,Wald,-0.597837000755621,-1.07606355897876,-1.38607503541367,-0.766052082543847,0.158169120630056,,,,,,,,,
243,aligned,GAM,large_scale_comparison,Wald,-0.597837000755621,-0.55749990063557,-0.636257927016232,-0.478741874254908,0.040182666520746,,,,,,,,,
243,aligned,Aligned NB,large_scale_comparison,Wald,-0.597837000755621,-1.06922371895737,-1.37969801101492,-0.758749426899811,0.158405251049773,,,,,,,,,
244,aligned,ITS,large_scale_comparison,Wald,-0.597837000755621,-0.874842058707667,-1.22372953434425,-0.525954583071088,0.178003814100295,,,,,,,,,
244,aligned,GAM,large_scale_comparison,Wald,-0.597837000755621,-0.649648302411931,-0.759513556215818,-0.539783048608044,0.0560537009203506,,,,,,,,,
244,aligned,Aligned NB,large_scale_comparison,Wald,-0.597837000755621,-0.875230439575746,-1.22408300767718,-0.526377871474316,0.177986004133383,,,,,,,,,
245,aligned,ITS,large_scale_comparison,Wald,-0.597837000755621,-0.584575955352869,-0.815616717743796,-0.353535192961943,0.117877939995371,,,,,,,,,
245,aligned,GAM,large_scale_comparison,Wald,-0.597837000755621,-0.328819381810348,-0.402549538591781,-0.255089225028916,0.0376174269293022,,,,,,,,,
245,aligned,Aligned NB,large_scale_comparison,Wald,-0.597837000755621,-0.584568308713873,-0.815773235369219,-0.353363382058527,0.117961697273136,,,,,,,,,
246,aligned,ITS,large_scale_comparison,Wald,-0.597837000755621,-0.474077544618177,-0.772200130790246,-0.175954958446106,0.152103360291872,,,,,,,,,
246,aligned,GAM,large_scale_comparison,Wald,-0.597837000755621,-0.510028028010394,-0.615164900185225,-0.404891155835563,0.0536412613136893,,,,,,,,,
246,aligned,Aligned NB,large_scale_comparison,Wald,-0.597837000755621,-0.468352055839176,-0.767708957533331,-0.16899515414502,0.152733113109263,,,,,,,,,
247,aligned,ITS,large_scale_comparison,Wald,-0.597837000755621,-0.55316012439764,-0.963285122830579,-0.143035125964701,0.209247448180071,,,,,,,,,
247,aligned,GAM,large_scale_comparison,Wald,-0.597837000755621,-0.648061388502543,-0.75715391202053,-0.538968864984555,0.0556594507744834,,,,,,,,,
247,aligned,Aligned NB,large_scale_comparison,Wald,-0.597837000755621,-0.552217255237087,-0.962443821727764,-0.14199068874641,0.209299268617692,,,,,,,,,
248,aligned,ITS,large_scale_comparison,Wald,-0.597837000755621,-0.704493346341402,-0.997915143325677,-0.411071549357127,0.149704998461365,,,,,,,,,
248,aligned,GAM,large_scale_comparison,Wald,-0.597837000755621,-0.625070665263138,-0.701096696774046,-0.549044633752231,0.0387887915871978,,,,,,,,,
248,aligned,Aligned NB,large_scale_comparison,Wald,-0.597837000755621,-0.703077718544025,-0.996485287222603,-0.409670149865446,0.149697739121724,,,,,,,,,
249,aligned,ITS,large_scale_comparison,Wald,-0.597837000755621,-0.50793406214512,-0.879618853842142,-0.136249270448098,0.189635097804603,,,,,,,,,
249,aligned,GAM,large_scale_comparison,Wald,-0.597837000755621,-0.288985376326947,-0.404352746542813,-0.173618006111082,0.0588609031713598,,,,,,,,,
249,aligned,Aligned NB,large_scale_comparison,Wald,-0.597837000755621,-0.509520143371618,-0.881302913599938,-0.137737373143298,0.189685086851184,,,,,,,,,
250,aligned,ITS,large_scale_comparison,Wald,-0.597837000755621,-1.0661626040918,-1.36961266644967,-0.762712541733923,0.15482146038667,,,,,,,,,
250,aligned,GAM,large_scale_comparison,Wald,-0.597837000755621,-0.795001960599327,-0.901448629884085,-0.688555291314568,0.0543095251452851,,,,,,,,,
250,aligned,Aligned NB,large_scale_comparison,Wald,-0.597837000755621,-1.0628725273538,-1.36645815045121,-0.759286904256392,0.15489062402929,,,,,,,,,
251,aligned,ITS,large_scale_comparison,Wald,-0.597837000755621,-0.958107408768907,-1.28601371117739,-0.630201106360425,0.167299133881879,,,,,,,,,
251,aligned,GAM,large_scale_comparison,Wald,-0.597837000755621,-0.573930611829845,-0.651091696032253,-0.496769527627437,0.0393679001032694,,,,,,,,,
251,aligned,Aligned NB,large_scale_comparison,Wald,-0.597837000755621,-0.954640606678726,-1.28260005328834,-0.626681160069109,0.167326248270213,,,,,,,,,
252,aligned,ITS,large_scale_comparison,Wald,-0.597837000755621,-0.868135138687889,-1.09820675226231,-0.638063525113465,0.117383476313482,,,,,,,,,
252,aligned,GAM,large_scale_comparison,Wald,-0.597837000755621,-0.416578713719835,-0.487462121676392,-0.345695305763277,0.0361650040594681,,,,,,,,,
252,aligned,Aligned NB,large_scale_comparison,Wald,-0.597837000755621,-0.864931195008636,-1.09509281180452,-0.634769578212752,0.117429396324431,,,,,,,,,
253,aligned,ITS,large_scale_comparison,Wald,-0.597837000755621,-0.496366903955387,-0.832559616568866,-0.160174191341908,0.171526894190551,,,,,,,,,
253,aligned,GAM,large_scale_comparison,Wald,-0.597837000755621,-0.676795664882976,-0.756152281515196,-0.597439048250755,0.0404880697103164,,,,,,,,,
253,aligned,Aligned NB,large_scale_comparison,Wald,-0.597837000755621,-0.498277260441889,-0.834458260420906,-0.162096260462871,0.171520918356642,,,,,,,,,
254,aligned,ITS,large_scale_comparison,Wald,-0.597837000755621,-0.0554028313784698,-0.497423122629212,0.386617459872273,0.225520556760583,,,,,,,,,
254,aligned,GAM,large_scale_comparison,Wald,-0.597837000755621,-0.561154700550992,-0.660455782691349,-0.461853618410635,0.0506638174185494,,,,,,,,,
254,aligned,Aligned NB,large_scale_comparison,Wald,-0.597837000755621,-0.0580375752478843,-0.499987771009778,0.38391262051401,0.225484793756068,,,,,,,,,
255,aligned,ITS,large_scale_comparison,Wald,-0.597837000755621,-0.339957078732398,-0.783511071637733,0.103596914172938,0.226303057604763,,,,,,,,,
255,aligned,GAM,large_scale_comparison,Wald,-0.597837000755621,-0.518171178190726,-0.626550161575867,-0.409792194805585,0.0552953996862964,,,,,,,,,
255,aligned,Aligned NB,large_scale_comparison,Wald,-0.597837000755621,-0.338364604462672,-0.781985912061851,0.105256703136506,0.226337401836316,,,,,,,,,
256,aligned,ITS,large_scale_comparison,Wald,-0.597837000755621,-0.681483987451602,-0.978660639244852,-0.384307335658352,0.151620740710842,,,,,,,,,
256,aligned,GAM,large_scale_comparison,Wald,-0.597837000755621,-0.794646703636082,-0.898474944354058,-0.690818462918106,0.052973592203049,,,,,,,,,
256,aligned,Aligned NB,large_scale_comparison,Wald,-0.597837000755621,-0.678694483845547,-0.975978078030765,-0.381410889660328,0.151675303155724,,,,,,,,,
257,aligned,ITS,large_scale_comparison,Wald,-0.597837000755621,-0.40920243084593,-0.748393438289405,-0.0700114234024545,0.173056636450753,,,,,,,,,
257,aligned,GAM,large_scale_comparison,Wald,-0.597837000755621,-0.491032550820697,-0.591573963878656,-0.390491137762738,0.0512966393152854,,,,,,,,,
257,aligned,Aligned NB,large_scale_comparison,Wald,-0.597837000755621,-0.404508091208785,-0.743516828644799,-0.0654993537727713,0.172963641548987,,,,,,,,,
258,aligned,ITS,large_scale_comparison,Wald,-0.597837000755621,-0.868410472979276,-1.36902111364535,-0.367799832313205,0.255413592176567,,,,,,,,,
258,aligned,GAM,large_scale_comparison,Wald,-0.597837000755621,-0.73808841012484,-0.845725127095333,-0.630451693154348,0.0549166923318839,,,,,,,,,
258,aligned,Aligned NB,large_scale_comparison,Wald,-0.597837000755621,-0.869200190076021,-1.36930777213433,-0.36909260801771,0.255156929621587,,,,,,,,,
259,aligned,ITS,large_scale_comparison,Wald,-0.597837000755621,-0.925464983577747,-1.27674051331122,-0.574189453844271,0.179222209047692,,,,,,,,,
259,aligned,GAM,large_scale_comparison,Wald,-0.597837000755621,-0.762211717274924,-0.865405207517267,-0.659018227032581,0.0526497399195628,,,,,,,,,
259,aligned,Aligned NB,large_scale_comparison,Wald,-0.597837000755621,-0.925407751457716,-1.27667537404816,-0.574140128867276,0.179218174791041,,,,,,,,,
260,aligned,ITS,large_scale_comparison,Wald,-0.597837000755621,-0.127497886282211,-0.521802706155988,0.266806933591566,0.201175928507029,,,,,,,,,
260,aligned,GAM,large_scale_comparison,Wald,-0.597837000755621,-0.719614695842629,-0.831199887759362,-0.608029503925896,0.0569312203656802,,,,,,,,,
260,aligned,Aligned NB,large_scale_comparison,Wald,-0.597837000755621,-0.124901580447219,-0.519229095861793,0.269425934967355,0.201187507864578,,,,,,,,,
261,aligned,ITS,large_scale_comparison,Wald,-0.597837000755621,-0.542893618036301,-0.78198051074209,-0.303806725330512,0.121983108523362,,,,,,,,,
261,aligned,GAM,large_scale_comparison,Wald,-0.597837000755621,-0.532767869048747,-0.602828940656788,-0.462706797440706,0.0357454446979799,,,,,,,,,
261,aligned,Aligned NB,large_scale_comparison,Wald,-0.597837000755621,-0.543818546952597,-0.782820283578126,-0.304816810327067,0.121939661543638,,,,,,,,,
262,aligned,ITS,large_scale_comparison,Wald,-0.597837000755621,-1.01090759676872,-1.30408766771483,-0.717727525822607,0.149581668850056,,,,,,,,,
262,aligned,GAM,large_scale_comparison,Wald,-0.597837000755621,-0.376426495568161,-0.481035551927674,-0.271817439208649,0.0533719675303634,,,,,,,,,
262,aligned,Aligned NB,large_scale_comparison,Wald,-0.597837000755621,-1.01060953732893,-1.30385731609144,-0.717361758566415,0.149616213654342,,,,,,,,,
263,aligned,ITS,large_scale_comparison,Wald,-0.597837000755621,-0.411445583076203,-0.938814932715623,0.115923766563217,0.26906599471399,,,,,,,,,
263,aligned,GAM,large_scale_comparison,Wald,-0.597837000755621,-0.385075437711029,-0.467476642601126,-0.302674232820932,0.042041431066376,,,,,,,,,
263,aligned,Aligned NB,large_scale_comparison,Wald,-0.597837000755621,-0.414489765160369,-0.941318020645194,0.112338490324455,0.268789926267768,,,,,,,,,
264,aligned,ITS,large_scale_comparison,Wald,-0.597837000755621,-0.493411905064406,-0.721796388246046,-0.265027421882767,0.116522695500837,,,,,,,,,
264,aligned,GAM,large_scale_comparison,Wald,-0.597837000755621,-0.593314326401214,-0.66306380531967,-0.523564847482758,0.0355864688359469,,,,,,,,,
264,aligned,Aligned NB,large_scale_comparison,Wald,-0.597837000755621,-0.493275895452602,-0.721667041873674,-0.26488474903153,0.116526095112792,,,,,,,,,
265,aligned,ITS,large_scale_comparison,Wald,-0.597837000755621,-0.471467931081668,-0.650603454265925,-0.292332407897412,0.0913956750940083,,,,,,,,,
265,aligned,GAM,large_scale_comparison,Wald,-0.597837000755621,-0.481603937501002,-0.567375721256529,-0.395832153745476,0.0437611141609829,,,,,,,,,
265,aligned,Aligned NB,large_scale_comparison,Wald,-0.597837000755621,-0.469045164825205,-0.648390608892285,-0.289699720758125,0.0915027775852448,,,,,,,,,
266,aligned,ITS,large_scale_comparison,Wald,-0.597837000755621,-0.294974770975062,-0.611916614966614,0.0219670730164907,0.16170502244467,,,,,,,,,
266,aligned,GAM,large_scale_comparison,Wald,-0.597837000755621,-0.701264110071795,-0.784506224486621,-0.618021995656968,0.0424704665381766,,,,,,,,,
266,aligned,Aligned NB,large_scale_comparison,Wald,-0.597837000755621,-0.294412251544825,-0.611233779415892,0.022409276326243,0.161643636668912,,,,,,,,,
267,aligned,ITS,large_scale_comparison,Wald,-0.597837000755621,-0.305363835854229,-0.588497202337646,-0.0222304693708111,0.144455799226233,,,,,,,,,
267,aligned,GAM,large_scale_comparison,Wald,-0.597837000755621,-0.562373064939401,-0.66803687043098,-0.456709259447823,0.0539101048426419,,,,,,,,,
267,aligned,Aligned NB,large_scale_comparison,Wald,-0.597837000755621,-0.309030366794192,-0.592148035715967,-0.025912697872418,0.144447790266211,,,,,,,,,
268,aligned,ITS,large_scale_comparison,Wald,-0.597837000755621,-0.17713038172783,-0.486561603788841,0.132300840333181,0.157873072480108,,,,,,,,,
268,aligned,GAM,large_scale_comparison,Wald,-0.597837000755621,-0.165169967529194,-0.268688661099836,-0.0616512739585517,0.0528156599850214,,,,,,,,,
268,aligned,Aligned NB,large_scale_comparison,Wald,-0.597837000755621,-0.178919838392055,-0.488266573432495,0.130426896648386,0.157829966857368,,,,,,,,,
269,aligned,ITS,large_scale_comparison,Wald,-0.597837000755621,-0.577068185030987,-0.866639040840315,-0.287497329221659,0.14774023255578,,,,,,,,,
269,aligned,GAM,large_scale_comparison,Wald,-0.597837000755621,-0.548873561526504,-0.6397416045064,-0.458005518546608,0.0463612464183143,,,,,,,,,
269,aligned,Aligned NB,large_scale_comparison,Wald,-0.597837000755621,-0.575647223644651,-0.865510017042143,-0.285784430247159,0.147889180304843,,,,,,,,,
270,aligned,ITS,large_scale_comparison,Wald,-0.597837000755621,-1.13012733924371,-1.41422079946229,-0.846033879025122,0.144945642968666,,,,,,,,,
270,aligned,GAM,large_scale_comparison,Wald,-0.597837000755621,-0.880752373144583,-0.989433572910636,-0.77207117337853,0.0554495917173741,,,,,,,,,
270,aligned,Aligned NB,large_scale_comparison,Wald,-0.597837000755621,-1.12805018493603,-1.41230379895531,-0.843796570916759,0.145027354091467,,,,,,,,,
271,aligned,ITS,large_scale_comparison,Wald,-0.597837000755621,-0.398580153307309,-0.810940700498028,0.0137803938834091,0.210388034280979,,,,,,,,,
271,aligned,GAM,large_scale_comparison,Wald,-0.597837000755621,-0.601617974226368,-0.702132510995068,-0.501103437457669,0.0512829269228059,,,,,,,,,
271,aligned,Aligned NB,large_scale_comparison,Wald,-0.597837000755621,-0.395147192521453,-0.808326182786214,0.0180317977433078,0.210805607277939,,,,,,,,,
272,aligned,ITS,large_scale_comparison,Wald,-0.597837000755621,-0.508109587188325,-0.820215745752943,-0.196003428623708,0.159237836002356,,,,,,,,,
272,aligned,GAM,large_scale_comparison,Wald,-0.597837000755621,-0.377351804721713,-0.453852067932452,-0.300851541510973,0.0390307465360916,,,,,,,,,
272,aligned,Aligned NB,large_scale_comparison,Wald,-0.597837000755621,-0.507978694486929,-0.820062380490406,-0.195895008483452,0.159226370409937,,,,,,,,,
273,aligned,ITS,large_scale_comparison,Wald,-0.597837000755621,-0.680801774974694,-1.02832077889826,-0.33328277105113,0.177305614246716,,,,,,,,,
273,aligned,GAM,large_scale_comparison,Wald,-0.597837000755621,-0.570042651655003,-0.671200319644114,-0.468884983665892,0.0516110550964854,,,,,,,,,
273,aligned,Aligned NB,large_scale_comparison,Wald,-0.597837000755621,-0.679535741652204,-1.02693109306444,-0.332140390239966,0.177242526230734,,,,,,,,,
274,aligned,ITS,large_scale_comparison,Wald,-0.597837000755621,-0.709519771130559,-1.00495014566297,-0.414089396598145,0.150729782924701,,,,,,,,,
274,aligned,GAM,large_scale_comparison,Wald,-0.597837000755621,-0.35862986284143,-0.435710215319631,-0.281549510363229,0.0393267104480617,,,,,,,,,
274,aligned,Aligned NB,large_scale_comparison,Wald,-0.597837000755621,-0.709288036909987,-1.00533430826547,-0.413241765554508,0.151044015997694,,,,,,,,,
275,aligned,ITS,large_scale_comparison,Wald,-0.597837000755621,-0.64056682287012,-0.994334267950865,-0.286799377789374,0.180493594428952,,,,,,,,,
275,aligned,GAM,large_scale_comparison,Wald,-0.597837000755621,-0.855926155581333,-0.97246294041767,-0.739389370744996,0.0594575432838454,,,,,,,,,
275,aligned,Aligned NB,large_scale_comparison,Wald,-0.597837000755621,-0.642105244554642,-0.996062268527847,-0.288148220581438,0.180590318353676,,,,,,,,,
276,aligned,ITS,large_scale_comparison,Wald,-0.597837000755621,-0.256526481100245,-0.519810756729337,0.00675779452884751,0.134328712055659,,,,,,,,,
276,aligned,GAM,large_scale_comparison,Wald,-0.597837000755621,-0.594504739661232,-0.663484152180833,-0.525525327141632,0.0351935778161227,,,,,,,,,
276,aligned,Aligned NB,large_scale_comparison,Wald,-0.597837000755621,-0.256198234044558,-0.519597386229445,0.00720091814032964,0.13438732254331,,,,,,,,,
277,aligned,ITS,large_scale_comparison,Wald,-0.597837000755621,-0.99283985890309,-1.30857500481542,-0.677104712990764,0.16108936015935,,,,,,,,,
277,aligned,GAM,large_scale_comparison,Wald,-0.597837000755621,-0.434039045096116,-0.543291252662431,-0.324786837529802,0.0557409222277112,,,,,,,,,
277,aligned,Aligned NB,large_scale_comparison,Wald,-0.597837000755621,-0.991316351234999,-1.30733216303536,-0.675300539434641,0.161232557040999,,,,,,,,,
278,aligned,ITS,large_scale_comparison,Wald,-0.597837000755621,-0.48746356353205,-0.709020506439401,-0.265906620624698,0.113039256585384,,,,,,,,,
278,aligned,GAM,large_scale_comparison,Wald,-0.597837000755621,-0.462924690660033,-0.561719552576551,-0.364129828743515,0.0504055417941418,,,,,,,,,
278,aligned,Aligned NB,large_scale_comparison,Wald,-0.597837000755621,-0.487540349251855,-0.709177871609088,-0.265902826894622,0.113080368549609,,,,,,,,,
279,aligned,ITS,large_scale_comparison,Wald,-0.597837000755621,-0.403854759810562,-0.592510964477141,-0.215198555143982,0.096253165646214,,,,,,,,,
279,aligned,GAM,large_scale_comparison,Wald,-0.597837000755621,-0.488300208919268,-0.559079842447347,-0.417520575391189,0.0361120579224892,,,,,,,,,
279,aligned,Aligned NB,large_scale_comparison,Wald,-0.597837000755621,-0.402568623931352,-0.591179764745501,-0.213957483117203,0.09623017388477,,,,,,,,,
280,aligned,ITS,large_scale_comparison,Wald,-0.597837000755621,-0.757016914204832,-1.03995839666853,-0.474075431741139,0.14435789921617,,,,,,,,,
280,aligned,GAM,large_scale_comparison,Wald,-0.597837000755621,-0.409164317144606,-0.514440931589074,-0.303887702700138,0.0537125583900346,,,,,,,,,
280,aligned,Aligned NB,large_scale_comparison,Wald,-0.597837000755621,-0.750360722644736,-1.03356392977976,-0.467157515509711,0.144491432211747,,,,,,,,,
281,aligned,ITS,large_scale_comparison,Wald,-0.597837000755621,-0.667994219493983,-0.950333284387778,-0.385655154600189,0.144050543313161,,,,,,,,,
281,aligned,GAM,large_scale_comparison,Wald,-0.597837000755621,-0.615409385045675,-0.726516951645375,-0.504301818445974,0.0566875339794389,,,,,,,,,
281,aligned,Aligned NB,large_scale_comparison,Wald,-0.597837000755621,-0.668482764888035,-0.950885748558396,-0.386079781217674,0.144083154933858,,,,,,,,,
282,aligned,ITS,large_scale_comparison,Wald,-0.597837000755621,-0.451457868537566,-0.669046814240449,-0.233868922834683,0.111014768215757,,,,,,,,,
282,aligned,GAM,large_scale_comparison,Wald,-0.597837000755621,-0.568576654109291,-0.661060507408142,-0.476092800810439,0.0471856394381896,,,,,,,,,
282,aligned,Aligned NB,large_scale_comparison,Wald,-0.597837000755621,-0.450874936573986,-0.668277862417791,-0.233472010730181,0.11091986012439,,,,,,,,,
283,aligned,ITS,large_scale_comparison,Wald,-0.597837000755621,-0.301476372124193,-0.513079666221412,-0.0898730780269748,0.107960864335316,,,,,,,,,
283,aligned,GAM,large_scale_comparison,Wald,-0.597837000755621,-0.518371874060213,-0.604970690703718,-0.431773057416708,0.044183069716074,,,,,,,,,
283,aligned,Aligned NB,large_scale_comparison,Wald,-0.597837000755621,-0.301925924405477,-0.513614561522079,-0.090237287288876,0.108004406692144,,,,,,,,,
284,aligned,ITS,large_scale_comparison,Wald,-0.597837000755621,-0.575673069835,-0.77567587184446,-0.37567026782554,0.102042245923194,,,,,,,,,
284,aligned,GAM,large_scale_comparison,Wald,-0.597837000755621,-0.44652556658832,-0.519774735078933,-0.373276398097708,0.0373720247401084,,,,,,,,,
284,aligned,Aligned NB,large_scale_comparison,Wald,-0.597837000755621,-0.576154686503026,-0.776181205698589,-0.376128167307463,0.102054346528348,,,,,,,,,
285,aligned,ITS,large_scale_comparison,Wald,-0.597837000755621,-0.824690702096896,-1.09058578223586,-0.558795621957934,0.13566075517294,,,,,,,,,
285,aligned,GAM,large_scale_comparison,Wald,-0.597837000755621,-0.697069082428333,-0.816709997158474,-0.577428167698192,0.0610412830255821,,,,,,,,,
285,aligned,Aligned NB,large_scale_comparison,Wald,-0.597837000755621,-0.825415345784189,-1.09152976756717,-0.559300924001211,0.135772664174989,,,,,,,,,
286,aligned,ITS,large_scale_comparison,Wald,-0.597837000755621,-0.855854826668564,-1.35017659064482,-0.361533062692309,0.252204981620538,,,,,,,,,
286,aligned,GAM,large_scale_comparison,Wald,-0.597837000755621,-0.329627945083441,-0.437861653316351,-0.221394236850531,0.0552212797106683,,,,,,,,,
286,aligned,Aligned NB,large_scale_comparison,Wald,-0.597837000755621,-0.860919503063768,-1.3554514854657,-0.366387520661837,0.252312235919352,,,,,,,,,
287,aligned,ITS,large_scale_comparison,Wald,-0.597837000755621,-0.556220913823538,-0.717874770176239,-0.394567057470837,0.0824764573228067,,,,,,,,,
287,aligned,GAM,large_scale_comparison,Wald,-0.597837000755621,-0.346108163919289,-0.424376082752414,-0.267840245086164,0.0399326116495537,,,,,,,,,
287,aligned,Aligned NB,large_scale_comparison,Wald,-0.597837000755621,-0.553978685388403,-0.715716579595232,-0.392240791181574,0.0825193337789945,,,,,,,,,
288,aligned,ITS,large_scale_comparison,Wald,-0.597837000755621,-1.09078229863829,-1.45709094531744,-0.724473651959146,0.186892166673033,,,,,,,,,
288,aligned,GAM,large_scale_comparison,Wald,-0.597837000755621,-0.894879084072441,-1.01683826683931,-0.772919901305575,0.0622240728402377,,,,,,,,,
288,aligned,Aligned NB,large_scale_comparison,Wald,-0.597837000755621,-1.08967144870558,-1.45592461487078,-0.72341828254038,0.186863860288367,,,,,,,,,
289,aligned,ITS,large_scale_comparison,Wald,-0.597837000755621,-0.483103952186317,-0.913861354202927,-0.0523465501697061,0.219774184702352,,,,,,,,,
289,aligned,GAM,large_scale_comparison,Wald,-0.597837000755621,-0.763869023659358,-0.86419885164214,-0.663539195676577,0.0511886877463169,,,,,,,,,
289,aligned,Aligned NB,large_scale_comparison,Wald,-0.597837000755621,-0.480948282223241,-0.911906543580802,-0.0499900208656803,0.219876663957939,,,,,,,,,
290,aligned,ITS,large_scale_comparison,Wald,-0.597837000755621,-0.719540202439077,-0.987279757607255,-0.451800647270899,0.136601813861316,,,,,,,,,
290,aligned,GAM,large_scale_comparison,Wald,-0.597837000755621,-0.681023062349724,-0.783938669341805,-0.578107455357643,0.0525079627510616,,,,,,,,,
290,aligned,Aligned NB,large_scale_comparison,Wald,-0.597837000755621,-0.711239395607744,-0.978939310519166,-0.443539480696322,0.136581589240521,,,,,,,,,
291,aligned,ITS,large_scale_comparison,Wald,-0.597837000755621,-0.245809337724387,-0.516766970414936,0.0251482949661629,0.13824369014824,,,,,,,,,
291,aligned,GAM,large_scale_comparison,Wald,-0.597837000755621,-0.19180502052772,-0.297162983210042,-0.0864470578453976,0.0537540625930216,,,,,,,,,
291,aligned,Aligned NB,large_scale_comparison,Wald,-0.597837000755621,-0.245143426472474,-0.5164318807649,0.0261450278199516,0.138412476679809,,,,,,,,,
292,aligned,ITS,large_scale_comparison,Wald,-0.597837000755621,-0.728733614553424,-1.11671933383978,-0.34074789526707,0.197951897595079,,,,,,,,,
292,aligned,GAM,large_scale_comparison,Wald,-0.597837000755621,-0.661788273198749,-0.73996308772669,-0.583613458670809,0.0398851094530309,,,,,,,,,
292,aligned,Aligned NB,large_scale_comparison,Wald,-0.597837000755621,-0.725138769952383,-1.11329917103832,-0.336978368866446,0.198041020962213,,,,,,,,,
293,aligned,ITS,large_scale_comparison,Wald,-0.597837000755621,-0.498641174799217,-0.791171774821511,-0.206110574776923,0.149250306133823,,,,,,,,,
293,aligned,GAM,large_scale_comparison,Wald,-0.597837000755621,-0.443635412488579,-0.511692921866467,-0.375577903110691,0.0347232190703511,,,,,,,,,
293,aligned,Aligned NB,large_scale_comparison,Wald,-0.597837000755621,-0.497269884744093,-0.789962746081655,-0.204577023406531,0.149333092519164,,,,,,,,,
294,aligned,ITS,large_scale_comparison,Wald,-0.597837000755621,-0.76180618249237,-0.962028336505273,-0.561584028479468,0.102154160210664,,,,,,,,,
294,aligned,GAM,large_scale_comparison,Wald,-0.597837000755621,-0.70938804862151,-0.811445959161834,-0.607330138081186,0.0520703625205736,,,,,,,,,
294,aligned,Aligned NB,large_scale_comparison,Wald,-0.597837000755621,-0.763452104487201,-0.963572319102875,-0.563331889871526,0.10210215031412,,,,,,,,,
295,aligned,ITS,large_scale_comparison,Wald,-0.597837000755621,-1.05342465164985,-1.45100315402294,-0.65584614927676,0.202846174680149,,,,,,,,,
295,aligned,GAM,large_scale_comparison,Wald,-0.597837000755621,-0.761268233788217,-0.866844421476169,-0.655692046100265,0.0538654018816082,,,,,,,,,
295,aligned,Aligned NB,large_scale_comparison,Wald,-0.597837000755621,-1.05610883770885,-1.45353756458077,-0.658680110836936,0.202769758608122,,,,,,,,,
296,aligned,ITS,large_scale_comparison,Wald,-0.597837000755621,-0.57069050918623,-0.870376737291767,-0.271004281080694,0.152901136788539,,,,,,,,,
296,aligned,GAM,large_scale_comparison,Wald,-0.597837000755621,-0.571939875943205,-0.647992433345176,-0.495887318541234,0.0388023252050873,,,,,,,,,
296,aligned,Aligned NB,large_scale_comparison,Wald,-0.597837000755621,-0.572138394221815,-0.872003239292825,-0.272273549150804,0.152992267893373,,,,,,,,,
297,aligned,ITS,large_scale_comparison,Wald,-0.597837000755621,-0.472656187406195,-0.712178133598535,-0.233134241213856,0.122205074587928,,,,,,,,,
297,aligned,GAM,large_scale_comparison,Wald,-0.597837000755621,0.0179515849671416,-0.0783016267809449,0.114204796715228,0.0491087815041258,,,,,,,,,
297,aligned,Aligned NB,large_scale_comparison,Wald,-0.597837000755621,-0.473003456154846,-0.712631995489002,-0.23337491682069,0.122259458843957,,,,,,,,,
298,aligned,ITS,large_scale_comparison,Wald,-0.597837000755621,-0.64032594783419,-1.0422342007568,-0.238417694911584,0.205055231082963,,,,,,,,,
298,aligned,GAM,large_scale_comparison,Wald,-0.597837000755621,-0.513995635003354,-0.59065906492245,-0.437332205084259,0.0391139948566814,,,,,,,,,
298,aligned,Aligned NB,large_scale_comparison,Wald,-0.597837000755621,-0.640040377338337,-1.04211733099957,-0.237963423677101,0.205141302888386,,,,,,,,,
299,aligned,ITS,large_scale_comparison,Wald,-0.597837000755621,-0.533822100252695,-1.01095060794031,-0.0566935925650826,0.243432912085517,,,,,,,,,
299,aligned,GAM,large_scale_comparison,Wald,-0.597837000755621,-0.552273683304999,-0.66750636010035,-0.437041006509649,0.0587921820384442,,,,,,,,,
299,aligned,Aligned NB,large_scale_comparison,Wald,-0.597837000755621,-0.528455788240178,-1.00568369073512,-0.0512278857452316,0.243483623721911,,,,,,,,,
300,aligned,ITS,large_scale_comparison,Wald,-0.597837000755621,-0.506867855603303,-0.749219221226611,-0.264516489979995,0.123648655930259,,,,,,,,,
300,aligned,GAM,large_scale_comparison,Wald,-0.597837000755621,-0.487344298577839,-0.579373362634597,-0.395315234521081,0.0469536041105907,,,,,,,,,
300,aligned,Aligned NB,large_scale_comparison,Wald,-0.597837000755621,-0.504741781217346,-0.747362523036895,-0.262121039397798,0.123786092765076,,,,,,,,,
301,aligned,ITS,large_scale_comparison,Wald,-0.597837000755621,-0.978638595931437,-1.33741213061554,-0.619865061247335,0.183047721777603,,,,,,,,,
301,aligned,GAM,large_scale_comparison,Wald,-0.597837000755621,-0.712853671860144,-0.834570087775217,-0.591137255945071,0.062100212201568,,,,,,,,,
301,aligned,Aligned NB,large_scale_comparison,Wald,-0.597837000755621,-0.979527505237101,-1.33830057260168,-0.620754437872523,0.183047483349274,,,,,,,,,
302,aligned,ITS,large_scale_comparison,Wald,-0.597837000755621,-0.663774879545847,-0.890320838879538,-0.437228920212156,0.115584673129434,,,,,,,,,
302,aligned,GAM,large_scale_comparison,Wald,-0.597837000755621,-0.398845623694786,-0.464362239602071,-0.333329007787501,0.0334268448506555,,,,,,,,,
302,aligned,Aligned NB,large_scale_comparison,Wald,-0.597837000755621,-0.662018597298915,-0.888526314074348,-0.435510880523482,0.115565161620119,,,,,,,,,
303,aligned,ITS,large_scale_comparison,Wald,-0.597837000755621,-0.600734047852141,-0.980812368878888,-0.220655726825394,0.193917510727932,,,,,,,,,
303,aligned,GAM,large_scale_comparison,Wald,-0.597837000755621,-0.798980609778705,-0.894134707130639,-0.70382651242677,0.0485480088530278,,,,,,,,,
303,aligned,Aligned NB,large_scale_comparison,Wald,-0.597837000755621,-0.604200450481949,-0.984087366444217,-0.224313534519681,0.19381985508279,,,,,,,,,
304,aligned,ITS,large_scale_comparison,Wald,-0.597837000755621,-0.641449860719421,-1.00088463040466,-0.282015091034184,0.183385086574101,,,,,,,,,
304,aligned,GAM,large_scale_comparison,Wald,-0.597837000755621,-0.431846640768619,-0.549116956296062,-0.314576325241176,0.0598317936364507,,,,,,,,,
304,aligned,Aligned NB,large_scale_comparison,Wald,-0.597837000755621,-0.642538135354633,-1.00205702059488,-0.283019250114384,0.183428002673596,,,,,,,,,
305,aligned,ITS,large_scale_comparison,Wald,-0.597837000755621,-0.549689568892448,-0.835401254081941,-0.263977883702956,0.145771267953823,,,,,,,,,
305,aligned,GAM,large_scale_comparison,Wald,-0.597837000755621,-0.337466200461424,-0.442741972981804,-0.232190427941045,0.0537121288369283,,,,,,,,,
305,aligned,Aligned NB,large_scale_comparison,Wald,-0.597837000755621,-0.548011043262324,-0.833710890661769,-0.262311195862879,0.145765228265023,,,,,,,,,
306,aligned,ITS,large_scale_comparison,Wald,-0.597837000755621,-0.556941002969807,-0.854104385971409,-0.259777619968206,0.151613970919184,,,,,,,,,
306,aligned,GAM,large_scale_comparison,Wald,-0.597837000755621,-0.64116450116311,-0.745141124621942,-0.537187877704277,0.0530492976830778,,,,,,,,,
306,aligned,Aligned NB,large_scale_comparison,Wald,-0.597837000755621,-0.560367162170541,-0.857508813733096,-0.263225510607986,0.151602883450283,,,,,,,,,
307,aligned,ITS,large_scale_comparison,Wald,-0.597837000755621,-0.384268954672039,-0.726589476037816,-0.041948433306262,0.174653327227437,,,,,,,,,
307,aligned,GAM,large_scale_comparison,Wald,-0.597837000755621,-0.291933682770814,-0.406215679338265,-0.177651686203363,0.0583071411058423,,,,,,,,,
307,aligned,Aligned NB,large_scale_comparison,Wald,-0.597837000755621,-0.386500392399161,-0.728640509548519,-0.0443602752498032,0.174561284259876,,,,,,,,,
308,aligned,ITS,large_scale_comparison,Wald,-0.597837000755621,-0.715669254070815,-0.993201068004739,-0.43813744013689,0.141597864252002,,,,,,,,,
308,aligned,GAM,large_scale_comparison,Wald,-0.597837000755621,-0.397625207173301,-0.499430031439186,-0.295820382907416,0.0519412368703496,,,,,,,,,
308,aligned,Aligned NB,large_scale_comparison,Wald,-0.597837000755621,-0.713600080125942,-0.991253936249399,-0.435946224002485,0.141660130675233,,,,,,,,,
309,aligned,ITS,large_scale_comparison,Wald,-0.597837000755621,-0.995215932165738,-1.33812425051745,-0.652307613814024,0.174953223648834,,,,,,,,,
309,aligned,GAM,large_scale_comparison,Wald,-0.597837000755621,-0.772084480356815,-0.877386268419669,-0.666782692293961,0.0537254020728846,,,,,,,,,
309,aligned,Aligned NB,large_scale_comparison,Wald,-0.597837000755621,-0.997443901061414,-1.34054935071807,-0.654338451404756,0.175053800845234,,,,,,,,,
310,aligned,ITS,large_scale_comparison,Wald,-0.597837000755621,-0.647267486130435,-1.19986284355834,-0.0946721287025273,0.281936406850973,,,,,,,,,
310,aligned,GAM,large_scale_comparison,Wald,-0.597837000755621,-0.470076846968326,-0.579484126881546,-0.360669567055107,0.0558200407720506,,,,,,,,,
310,aligned,Aligned NB,large_scale_comparison,Wald,-0.597837000755621,-0.64185841168447,-1.19505247164662,-0.0886643517223221,0.282241867327626,,,,,,,,,
311,aligned,ITS,large_scale_comparison,Wald,-0.597837000755621,-0.598905290024771,-0.889132862904002,-0.308677717145539,0.148075292285322,,,,,,,,,
311,aligned,GAM,large_scale_comparison,Wald,-0.597837000755621,-0.329622494926729,-0.42782138606764,-0.231423603785818,0.0501014750718933,,,,,,,,,
311,aligned,Aligned NB,large_scale_comparison,Wald,-0.597837000755621,-0.593229904573524,-0.884293962994376,-0.302165846152672,0.148502070622884,,,,,,,,,
312,aligned,ITS,large_scale_comparison,Wald,-0.597837000755621,-0.44064903071841,-0.717347536870064,-0.163950524566756,0.141172707220231,,,,,,,,,
312,aligned,GAM,large_scale_comparison,Wald,-0.597837000755621,-0.74911046076261,-0.850856270760124,-0.647364650765097,0.051911127549752,,,,,,,,,
312,aligned,Aligned NB,large_scale_comparison,Wald,-0.597837000755621,-0.440732396665324,-0.717545599040237,-0.163919194290411,0.141231225701486,,,,,,,,,
313,aligned,ITS,large_scale_comparison,Wald,-0.597837000755621,-0.401584564888874,-0.593354228095769,-0.209814901681979,0.0978416649014769,,,,,,,,,
313,aligned,GAM,large_scale_comparison,Wald,-0.597837000755621,-0.722227209234457,-0.813138517223685,-0.631315901245229,0.0463833204026672,,,,,,,,,
313,aligned,Aligned NB,large_scale_comparison,Wald,-0.597837000755621,-0.399888510115931,-0.59179248685234,-0.207984533379521,0.097910192212454,,,,,,,,,
314,aligned,ITS,large_scale_comparison,Wald,-0.597837000755621,-0.0514504332386364,-0.362517444361152,0.259616577883879,0.158707658735977,,,,,,,,,
314,aligned,GAM,large_scale_comparison,Wald,-0.597837000755621,-0.555741050144397,-0.667444967650124,-0.444037132638669,0.0569917946457793,,,,,,,,,
314,aligned,Aligned NB,large_scale_comparison,Wald,-0.597837000755621,-0.0445127211359266,-0.355353681040193,0.26632823876834,0.158592326481769,,,,,,,,,
315,aligned,ITS,large_scale_comparison,Wald,-0.597837000755621,-0.512263912809729,-0.935621764548628,-0.0889060610708307,0.215998903948418,,,,,,,,,
315,aligned,GAM,large_scale_comparison,Wald,-0.597837000755621,-0.197450621683104,-0.321320372817599,-0.0735808705486084,0.0631988526196405,,,,,,,,,
315,aligned,Aligned NB,large_scale_comparison,Wald,-0.597837000755621,-0.511015200765312,-0.93456998843207,-0.087460413098554,0.216099381462632,,,,,,,,,
316,aligned,ITS,large_scale_comparison,Wald,-0.597837000755621,-0.675309555400273,-0.985389732596882,-0.365229378203663,0.158204172039087,,,,,,,,,
316,aligned,GAM,large_scale_comparison,Wald,-0.597837000755621,-0.557788630881157,-0.635921685490784,-0.479655576271529,0.0398638033722589,,,,,,,,,
316,aligned,Aligned NB,large_scale_comparison,Wald,-0.597837000755621,-0.669402767511129,-0.979517386748554,-0.359288148273703,0.158221744508891,,,,,,,,,
317,aligned,ITS,large_scale_comparison,Wald,-0.597837000755621,-1.04968502172456,-1.37586038628443,-0.723509657164687,0.166416002326466,,,,,,,,,
317,aligned,GAM,large_scale_comparison,Wald,-0.597837000755621,-0.714788740137916,-0.791066360744002,-0.63851111953183,0.038917153370452,,,,,,,,,
317,aligned,Aligned NB,large_scale_comparison,Wald,-0.597837000755621,-1.05138876977781,-1.37756226695515,-0.725215272600463,0.166415049580277,,,,,,,,,
318,aligned,ITS,large_scale_comparison,Wald,-0.597837000755621,-0.197224952054327,-0.59016829946875,0.195718395360097,0.200481299701237,,,,,,,,,
318,aligned,GAM,large_scale_comparison,Wald,-0.597837000755621,-0.204221665911274,-0.323027467847737,-0.0854158639748122,0.0606152050696236,,,,,,,,,
318,aligned,Aligned NB,large_scale_comparison,Wald,-0.597837000755621,-0.193282539936676,-0.588507660563853,0.2019425806905,0.201645469707743,,,,,,,,,
319,aligned,ITS,large_scale_comparison,Wald,-0.597837000755621,-0.648134770209019,-1.14454260067747,-0.151726939740564,0.253269301259416,,,,,,,,,
319,aligned,GAM,large_scale_comparison,Wald,-0.597837000755621,-0.7760549148253,-0.889024957509954,-0.663084872140647,0.0576377768799252,,,,,,,,,
319,aligned,Aligned NB,large_scale_comparison,Wald,-0.597837000755621,-0.651382256880412,-1.14770773086769,-0.15505678289313,0.253227282646572,,,,,,,,,
320,aligned,ITS,large_scale_comparison,Wald,-0.597837000755621,-0.455055673742415,-0.838824574686561,-0.0712867727982696,0.19580045966538,,,,,,,,,
320,aligned,GAM,large_scale_comparison,Wald,-0.597837000755621,-0.411739974372722,-0.53541840998622,-0.288061538759225,0.0631012426599477,,,,,,,,,
320,aligned,Aligned NB,large_scale_comparison,Wald,-0.597837000755621,-0.453125835509078,-0.836859408347164,-0.0693922626709905,0.195782435121473,,,,,,,,,
321,aligned,ITS,large_scale_comparison,Wald,-0.597837000755621,-0.2923701108771,-0.584820322612416,8.01008582166363e-05,0.149209291701692,,,,,,,,,
321,aligned,GAM,large_scale_comparison,Wald,-0.597837000755621,-0.365858767414631,-0.484783180498892,-0.24693435433037,0.0606757209613575,,,,,,,,,
321,aligned,Aligned NB,large_scale_comparison,Wald,-0.597837000755621,-0.291182392881002,-0.583341132246964,0.000976346484959978,0.149060581309164,,,,,,,,,
322,aligned,ITS,large_scale_comparison,Wald,-0.597837000755621,-0.794436102867137,-1.01614713980101,-0.572725065933265,0.113117875986669,,,,,,,,,
322,aligned,GAM,large_scale_comparison,Wald,-0.597837000755621,-0.435548845098683,-0.49859667061281,-0.372501019584555,0.0321672579153713,,,,,,,,,
322,aligned,Aligned NB,large_scale_comparison,Wald,-0.597837000755621,-0.794284710398305,-1.01618636514289,-0.572383055653721,0.113215129971726,,,,,,,,,
323,aligned,ITS,large_scale_comparison,Wald,-0.597837000755621,-0.620923380429189,-0.894416232799744,-0.347430528058634,0.139537169576814,,,,,,,,,
323,aligned,GAM,large_scale_comparison,Wald,-0.597837000755621,-0.73377968701188,-0.854098967106415,-0.613460406917346,0.061387387803334,,,,,,,,,
323,aligned,Aligned NB,large_scale_comparison,Wald,-0.597837000755621,-0.619422136855857,-0.892709086518723,-0.346135187192991,0.139432117174932,,,,,,,,,
324,aligned,ITS,large_scale_comparison,Wald,-0.597837000755621,-0.417568950373194,-0.802365161675666,-0.0327727390707223,0.196324597603302,,,,,,,,,
324,aligned,GAM,large_scale_comparison,Wald,-0.597837000755621,-0.835227497971524,-0.94469855171799,-0.725756444225058,0.0558525784420744,,,,,,,,,
324,aligned,Aligned NB,large_scale_comparison,Wald,-0.597837000755621,-0.418223647960246,-0.803602392865421,-0.0328449030550718,0.196621808625089,,,,,,,,,
325,aligned,ITS,large_scale_comparison,Wald,-0.597837000755621,-0.446681271015574,-0.642058821358219,-0.251303720672929,0.0996824236442069,,,,,,,,,
325,aligned,GAM,large_scale_comparison,Wald,-0.597837000755621,-0.599398008781453,-0.693989503651896,-0.50480651391101,0.0482609667706342,,,,,,,,,
325,aligned,Aligned NB,large_scale_comparison,Wald,-0.597837000755621,-0.446353120513803,-0.641725204543206,-0.2509810364844,0.0996796347088791,,,,,,,,,
326,aligned,ITS,large_scale_comparison,Wald,-0.597837000755621,-0.62498801617441,-0.841527169893698,-0.408448862455123,0.110479160060861,,,,,,,,,
326,aligned,GAM,large_scale_comparison,Wald,-0.597837000755621,-0.245041771685946,-0.342556369697945,-0.147527173673947,0.0497523459244894,,,,,,,,,
326,aligned,Aligned NB,large_scale_comparison,Wald,-0.597837000755621,-0.622472121001958,-0.839082240954399,-0.405862001049518,0.110515367322674,,,,,,,,,
327,aligned,ITS,large_scale_comparison,Wald,-0.597837000755621,-0.328040912354602,-0.566163765094418,-0.0899180596147866,0.121491251397865,,,,,,,,,
327,aligned,GAM,large_scale_comparison,Wald,-0.597837000755621,-0.349000492689117,-0.414794364410541,-0.283206620967692,0.0335683018986861,,,,,,,,,
327,aligned,Aligned NB,large_scale_comparison,Wald,-0.597837000755621,-0.329629842293047,-0.567645650333518,-0.0916140342525769,0.121436636755342,,,,,,,,,
328,aligned,ITS,large_scale_comparison,Wald,-0.597837000755621,-0.679910425213449,-0.994172644129731,-0.365648206297168,0.160337866794021,,,,,,,,,
328,aligned,GAM,large_scale_comparison,Wald,-0.597837000755621,-0.624517194561019,-0.737216494618454,-0.511817894503585,0.0574996428864462,,,,,,,,,
328,aligned,Aligned NB,large_scale_comparison,Wald,-0.597837000755621,-0.67756590414857,-0.99213232187017,-0.36299948642697,0.160493070266123,,,,,,,,,
329,aligned,ITS,large_scale_comparison,Wald,-0.597837000755621,-0.771372613170121,-1.05413836756267,-0.488606858777572,0.144268242037015,,,,,,,,,
329,aligned,GAM,large_scale_comparison,Wald,-0.597837000755621,-0.388747616465897,-0.48513534013303,-0.292359892798763,0.0491774100342518,,,,,,,,,
329,aligned,Aligned NB,large_scale_comparison,Wald,-0.597837000755621,-0.770812834075719,-1.05343281979299,-0.488192848358448,0.144193870263914,,,,,,,,,
330,aligned,ITS,large_scale_comparison,Wald,-0.597837000755621,-1.10764494244775,-1.36685603197964,-0.848433852915861,0.132250555883616,,,,,,,,,
330,aligned,GAM,large_scale_comparison,Wald,-0.597837000755621,-0.641040140226923,-0.737544799497797,-0.544535480956049,0.0492370710565684,,,,,,,,,
330,aligned,Aligned NB,large_scale_comparison,Wald,-0.597837000755621,-1.10156664232399,-1.36093470426786,-0.842198580380116,0.132330643848915,,,,,,,,,
331,aligned,ITS,large_scale_comparison,Wald,-0.597837000755621,-0.930900474197001,-1.23007448466229,-0.631726463731717,0.152639801257799,,,,,,,,,
331,aligned,GAM,large_scale_comparison,Wald,-0.597837000755621,-0.546153043782333,-0.622005497401103,-0.470300590163563,0.0387002314381478,,,,,,,,,
331,aligned,Aligned NB,large_scale_comparison,Wald,-0.597837000755621,-0.926967714582028,-1.22620825246591,-0.627727176698149,0.152673743818306,,,,,,,,,
332,aligned,ITS,large_scale_comparison,Wald,-0.597837000755621,-0.736245290763633,-1.02809027926331,-0.44440030226396,0.148900504336568,,,,,,,,,
332,aligned,GAM,large_scale_comparison,Wald,-0.597837000755621,-0.431669512334669,-0.552007249489368,-0.31133177517997,0.0613968046707648,,,,,,,,,
332,aligned,Aligned NB,large_scale_comparison,Wald,-0.597837000755621,-0.732191486656143,-1.02462301865488,-0.439759954657404,0.149199761223846,,,,,,,,,
333,aligned,ITS,large_scale_comparison,Wald,-0.597837000755621,-0.258933844411256,-0.47056723507913,-0.0473004537433823,0.107976219728507,,,,,,,,,
333,aligned,GAM,large_scale_comparison,Wald,-0.597837000755621,-0.0495013532651169,-0.143074359498236,0.0440716529680027,0.0477413297107753,,,,,,,,,
333,aligned,Aligned NB,large_scale_comparison,Wald,-0.597837000755621,-0.256754024266608,-0.468740354678794,-0.0447676938544221,0.108156291026626,,,,,,,,,
334,aligned,ITS,large_scale_comparison,Wald,-0.597837000755621,-0.64966986056204,-0.858258550499243,-0.441081170624837,0.106422800988369,,,,,,,,,
334,aligned,GAM,large_scale_comparison,Wald,-0.597837000755621,-0.468102233678465,-0.533163712357046,-0.403040754999885,0.0331946319788676,,,,,,,,,
334,aligned,Aligned NB,large_scale_comparison,Wald,-0.597837000755621,-0.649733564594222,-0.858229231790717,-0.441237897397726,0.106375340406375,,,,,,,,,
335,aligned,ITS,large_scale_comparison,Wald,-0.597837000755621,-1.0740684215022,-1.39007219708869,-0.758064645915712,0.161226416115557,,,,,,,,,
335,aligned,GAM,large_scale_comparison,Wald,-0.597837000755621,-0.639277008345963,-0.721038116166802,-0.557515900525123,0.0417148509289997,,,,,,,,,
335,aligned,Aligned NB,large_scale_comparison,Wald,-0.597837000755621,-1.07192556612431,-1.38801686052852,-0.75583427172011,0.161271068573573,,,,,,,,,
336,aligned,ITS,large_scale_comparison,Wald,-0.597837000755621,-0.610066841300989,-0.83701524294485,-0.383118439657129,0.115790000838704,,,,,,,,,
336,aligned,GAM,large_scale_comparison,Wald,-0.597837000755621,-0.610444648789652,-0.6998909445348,-0.520998353044504,0.045635865176096,,,,,,,,,
336,aligned,Aligned NB,large_scale_comparison,Wald,-0.597837000755621,-0.607882404336248,-0.835081108172796,-0.3806837004997,0.115917706039055,,,,,,,,,
337,aligned,ITS,large_scale_comparison,Wald,-0.597837000755621,-0.944679991563514,-1.13083389742484,-0.758526085702183,0.0949764825823117,,,,,,,,,
337,aligned,GAM,large_scale_comparison,Wald,-0.597837000755621,-0.546606184993352,-0.631057148208693,-0.46215522177801,0.0430872261302763,,,,,,,,,
337,aligned,Aligned NB,large_scale_comparison,Wald,-0.597837000755621,-0.938191796851543,-1.12445837120002,-0.751925222503066,0.0950339665043248,,,,,,,,,
338,aligned,ITS,large_scale_comparison,Wald,-0.597837000755621,-0.439780311887637,-0.748922729174184,-0.13063789460109,0.157725723105381,,,,,,,,,
338,aligned,GAM,large_scale_comparison,Wald,-0.597837000755621,-0.548229836415998,-0.657773601595361,-0.438686071236636,0.0558896761119198,,,,,,,,,
338,aligned,Aligned NB,large_scale_comparison,Wald,-0.597837000755621,-0.439443028727922,-0.74952646856154,-0.129359588894305,0.158205836649805,,,,,,,,,
339,aligned,ITS,large_scale_comparison,Wald,-0.597837000755621,-0.590681910516369,-0.940390922793263,-0.240972898239476,0.178422965447395,,,,,,,,,
339,aligned,GAM,large_scale_comparison,Wald,-0.597837000755621,-0.997854519204649,-1.11584565666812,-0.879863381741179,0.0601995599303423,,,,,,,,,
339,aligned,Aligned NB,large_scale_comparison,Wald,-0.597837000755621,-0.591205567054894,-0.94091944871869,-0.241491685391098,0.178425449828467,,,,,,,,,
340,aligned,ITS,large_scale_comparison,Wald,-0.597837000755621,-0.63383903555742,-0.903037992472892,-0.364640078641949,0.137346406589526,,,,,,,,,
340,aligned,GAM,large_scale_comparison,Wald,-0.597837000755621,-0.606305151543156,-0.680434196688936,-0.532176106397376,0.0378209414009082,,,,,,,,,
340,aligned,Aligned NB,large_scale_comparison,Wald,-0.597837000755621,-0.631995586204606,-0.901127078815864,-0.362864093593349,0.137311986026152,,,,,,,,,
341,aligned,ITS,large_scale_comparison,Wald,-0.597837000755621,-0.537930673023287,-0.902738886382874,-0.1731224596637,0.186126639469177,,,,,,,,,
341,aligned,GAM,large_scale_comparison,Wald,-0.597837000755621,-0.721768883089186,-0.831208561167182,-0.612329205011189,0.0558365704479575,,,,,,,,,
341,aligned,Aligned NB,large_scale_comparison,Wald,-0.597837000755621,-0.537045483045495,-0.902212353030045,-0.171878613060945,0.186309627543138,,,,,,,,,
342,aligned,ITS,large_scale_comparison,Wald,-0.597837000755621,-0.60957189120878,-0.854265814655354,-0.364877967762205,0.12484383849315,,,,,,,,,
342,aligned,GAM,large_scale_comparison,Wald,-0.597837000755621,-0.305159419351127,-0.40823546779802,-0.202083370904235,0.0525898206361696,,,,,,,,,
342,aligned,Aligned NB,large_scale_comparison,Wald,-0.597837000755621,-0.602649773281134,-0.848089533416322,-0.357210013145946,0.125224367415912,,,,,,,,,
343,aligned,ITS,large_scale_comparison,Wald,-0.597837000755621,-0.685546982341473,-1.01656906255455,-0.354524902128399,0.168888816435242,,,,,,,,,
343,aligned,GAM,large_scale_comparison,Wald,-0.597837000755621,-0.777841835599419,-0.884686981188884,-0.670996690009953,0.0545128293823806,,,,,,,,,
343,aligned,Aligned NB,large_scale_comparison,Wald,-0.597837000755621,-0.688326652316305,-1.01935020443798,-0.357303100194629,0.168889567409018,,,,,,,,,
344,aligned,ITS,large_scale_comparison,Wald,-0.597837000755621,-0.471703254906854,-0.65463172898199,-0.288774780831719,0.0933308541199671,,,,,,,,,
344,aligned,GAM,large_scale_comparison,Wald,-0.597837000755621,-0.821870001720075,-0.920402456275237,-0.723337547164913,0.0502716604873275,,,,,,,,,
344,aligned,Aligned NB,large_scale_comparison,Wald,-0.597837000755621,-0.470491373094257,-0.653458426011105,-0.287524320177409,0.0933505372024737,,,,,,,,,
345,aligned,ITS,large_scale_comparison,Wald,-0.597837000755621,-0.330171711857168,-0.656569155773471,-0.00377426794086561,0.166529308120563,,,,,,,,,
345,aligned,GAM,large_scale_comparison,Wald,-0.597837000755621,-0.275700036641088,-0.363944019784427,-0.18745605349775,0.0450224403792543,,,,,,,,,
345,aligned,Aligned NB,large_scale_comparison,Wald,-0.597837000755621,-0.328924423651821,-0.65558609946282,-0.00226274784082114,0.166664120311735,,,,,,,,,
346,aligned,ITS,large_scale_comparison,Wald,-0.597837000755621,-0.713603148143007,-0.947838451702713,-0.479367844583302,0.119507807938625,,,,,,,,,
346,aligned,GAM,large_scale_comparison,Wald,-0.597837000755621,-0.299875049819937,-0.401328358582599,-0.198421741057274,0.0517618922258483,,,,,,,,,
346,aligned,Aligned NB,large_scale_comparison,Wald,-0.597837000755621,-0.713404772350682,-0.947762309469178,-0.479047235232186,0.119570171999233,,,,,,,,,
347,aligned,ITS,large_scale_comparison,Wald,-0.597837000755621,-0.702392049246486,-1.15060806760877,-0.254176030884206,0.228681642021572,,,,,,,,,
347,aligned,GAM,large_scale_comparison,Wald,-0.597837000755621,-0.612419509571318,-0.712800040403214,-0.512038978739422,0.0512145565468858,,,,,,,,,
347,aligned,Aligned NB,large_scale_comparison,Wald,-0.597837000755621,-0.702868485195969,-1.15086046927663,-0.254876501115307,0.228567338816664,,,,,,,,,
348,aligned,ITS,large_scale_comparison,Wald,-0.597837000755621,-0.546893838534555,-0.892616056299606,-0.201171620769503,0.176388886614822,,,,,,,,,
348,aligned,GAM,large_scale_comparison,Wald,-0.597837000755621,-0.576215478520326,-0.648642614267013,-0.503788342773639,0.036952620278922,,,,,,,,,
348,aligned,Aligned NB,large_scale_comparison,Wald,-0.597837000755621,-0.543079785370019,-0.888729457695232,-0.197430113044806,0.176351873635313,,,,,,,,,
349,aligned,ITS,large_scale_comparison,Wald,-0.597837000755621,-0.762806419053346,-1.07107767147747,-0.454535166629223,0.157281251236797,,,,,,,,,
349,aligned,GAM,large_scale_comparison,Wald,-0.597837000755621,-0.646835407044511,-0.763536544072305,-0.530134270016717,0.059541396442752,,,,,,,,,
349,aligned,Aligned NB,large_scale_comparison,Wald,-0.597837000755621,-0.763330951242692,-1.07163453953875,-0.45502736294663,0.157297749130644,,,,,,,,,
350,aligned,ITS,large_scale_comparison,Wald,-0.597837000755621,-0.648410485332836,-1.01860708587786,-0.278213884787808,0.188875816604606,,,,,,,,,
350,aligned,GAM,large_scale_comparison,Wald,-0.597837000755621,-0.755467782315429,-0.86038955248246,-0.650546012148398,0.0535315153913424,,,,,,,,,
350,aligned,Aligned NB,large_scale_comparison,Wald,-0.597837000755621,-0.640275965726247,-1.01153056077337,-0.269021370679119,0.189415609717922,,,,,,,,,
351,aligned,ITS,large_scale_comparison,Wald,-0.597837000755621,-0.50874459540759,-0.742669156464142,-0.274820034351038,0.11934926584518,,,,,,,,,
351,aligned,GAM,large_scale_comparison,Wald,-0.597837000755621,-0.469364975447126,-0.560642875117617,-0.378087075776636,0.0465703569747399,,,,,,,,,
351,aligned,Aligned NB,large_scale_comparison,Wald,-0.597837000755621,-0.512006701526335,-0.745883202207562,-0.278130200845108,0.119324745245524,,,,,,,,,
352,aligned,ITS,large_scale_comparison,Wald,-0.597837000755621,-0.677744932428542,-1.03736058600577,-0.318129278851312,0.183477374274097,,,,,,,,,
352,aligned,GAM,large_scale_comparison,Wald,-0.597837000755621,-0.579951776406382,-0.656664880916885,-0.503238671895879,0.0391393390359711,,,,,,,,,
352,aligned,Aligned NB,large_scale_comparison,Wald,-0.597837000755621,-0.677884368889825,-1.03783965788209,-0.317929079897561,0.183650657649115,,,,,,,,,
353,aligned,ITS,large_scale_comparison,Wald,-0.597837000755621,-0.734104039402633,-1.21367643963706,-0.254531639168201,0.244679796037975,,,,,,,,,
353,aligned,GAM,large_scale_comparison,Wald,-0.597837000755621,-0.551683236510096,-0.656794054660815,-0.446572418359377,0.0536279684442445,,,,,,,,,
353,aligned,Aligned NB,large_scale_comparison,Wald,-0.597837000755621,-0.735228709677355,-1.21429622048282,-0.25616119887189,0.244422199390543,,,,,,,,,
354,aligned,ITS,large_scale_comparison,Wald,-0.597837000755621,-0.669268103889417,-0.927193492140674,-0.41134271563816,0.131594585842478,,,,,,,,,
354,aligned,GAM,large_scale_comparison,Wald,-0.597837000755621,-0.426003260698404,-0.519030353599817,-0.332976167796991,0.0474628025007211,,,,,,,,,
354,aligned,Aligned NB,large_scale_comparison,Wald,-0.597837000755621,-0.668472555745873,-0.926404003055361,-0.410541108436385,0.131597677198718,,,,,,,,,
355,aligned,ITS,large_scale_comparison,Wald,-0.597837000755621,-1.05518543490444,-1.31949325291385,-0.790877616895026,0.134850927555822,,,,,,,,,
355,aligned,GAM,large_scale_comparison,Wald,-0.597837000755621,-0.804469212291239,-0.915311109116943,-0.693627315465534,0.0565519881763798,,,,,,,,,
355,aligned,Aligned NB,large_scale_comparison,Wald,-0.597837000755621,-1.05478891017615,-1.31906012737253,-0.790517692979775,0.13483225367162,,,,,,,,,
356,aligned,ITS,large_scale_comparison,Wald,-0.597837000755621,-0.409361416599191,-0.641937662408403,-0.176785170789979,0.118661349902659,,,,,,,,,
356,aligned,GAM,large_scale_comparison,Wald,-0.597837000755621,-0.137579479260664,-0.241902339067589,-0.0332566194537386,0.0532259488810843,,,,,,,,,
356,aligned,Aligned NB,large_scale_comparison,Wald,-0.597837000755621,-0.409280014225303,-0.641947734830668,-0.176612293619938,0.118708020717023,,,,,,,,,
357,aligned,ITS,large_scale_comparison,Wald,-0.597837000755621,-0.230694203626612,-0.59846726240815,0.137078855154926,0.187639315704866,,,,,,,,,
357,aligned,GAM,large_scale_comparison,Wald,-0.597837000755621,-0.610998969822283,-0.718462376728252,-0.503535562916314,0.0548282688295761,,,,,,,,,
357,aligned,Aligned NB,large_scale_comparison,Wald,-0.597837000755621,-0.228289957096257,-0.596024229613505,0.139444315420991,0.187619526794514,,,,,,,,,
358,aligned,ITS,large_scale_comparison,Wald,-0.597837000755621,-0.70908462350463,-0.966896310072838,-0.451272936936423,0.131536574779698,,,,,,,,,
358,aligned,GAM,large_scale_comparison,Wald,-0.597837000755621,-0.944101410830772,-1.04977457600855,-0.838428245652997,0.0539148801927419,,,,,,,,,
358,aligned,Aligned NB,large_scale_comparison,Wald,-0.597837000755621,-0.708549662069456,-0.966299039098787,-0.450800285040126,0.131504784198638,,,,,,,,,
359,aligned,ITS,large_scale_comparison,Wald,-0.597837000755621,-0.34118927588712,-0.582087808310559,-0.10029074346368,0.122907414501755,,,,,,,,,
359,aligned,GAM,large_scale_comparison,Wald,-0.597837000755621,-0.393755162136699,-0.494025320300569,-0.293485003972829,0.0511582439611582,,,,,,,,,
359,aligned,Aligned NB,large_scale_comparison,Wald,-0.597837000755621,-0.340471225574699,-0.581401392217131,-0.099541058932266,0.122923554409404,,,,,,,,,
360,aligned,ITS,large_scale_comparison,Wald,-0.597837000755621,-0.631800857954862,-0.867047266622353,-0.396554449287371,0.120023677891577,,,,,,,,,
360,aligned,GAM,large_scale_comparison,Wald,-0.597837000755621,-0.285356331446449,-0.377868785069464,-0.192843877823435,0.0472002314403135,,,,,,,,,
360,aligned,Aligned NB,large_scale_comparison,Wald,-0.597837000755621,-0.625014551888768,-0.860664851587437,-0.389364252190099,0.120229744744219,,,,,,,,,
361,aligned,ITS,large_scale_comparison,Wald,-0.597837000755621,-0.467859175175562,-0.766167484153032,-0.169550866198092,0.15219811682524,,,,,,,,,
361,aligned,GAM,large_scale_comparison,Wald,-0.597837000755621,-0.358264981183739,-0.463585139292775,-0.252944823074704,0.0537347745454264,,,,,,,,,
361,aligned,Aligned NB,large_scale_comparison,Wald,-0.597837000755621,-0.470138065613204,-0.768555493917345,-0.171720637309064,0.152253789951092,,,,,,,,,
362,aligned,ITS,large_scale_comparison,Wald,-0.597837000755621,-0.244854773298582,-0.669051567632107,0.179342021034942,0.216426935884451,,,,,,,,,
362,aligned,GAM,large_scale_comparison,Wald,-0.597837000755621,-0.627826084694337,-0.713163305089088,-0.542488864299585,0.0435393981605877,,,,,,,,,
362,aligned,Aligned NB,large_scale_comparison,Wald,-0.597837000755621,-0.245862278512064,-0.669411293608679,0.177686736584551,0.216096436273783,,,,,,,,,
363,aligned,ITS,large_scale_comparison,Wald,-0.597837000755621,-0.470588257517973,-0.76635175059863,-0.174824764437315,0.150899741367682,,,,,,,,,
363,aligned,GAM,large_scale_comparison,Wald,-0.597837000755621,-0.534313860412749,-0.648563717867588,-0.420064002957911,0.0582907435994076,,,,,,,,,
363,aligned,Aligned NB,large_scale_comparison,Wald,-0.597837000755621,-0.471235050244662,-0.76708336186175,-0.175386738627574,0.150943016131167,,,,,,,,,
364,aligned,ITS,large_scale_comparison,Wald,-0.597837000755621,-0.71578163530464,-0.999447123214849,-0.432116147394431,0.144727289750107,,,,,,,,,
364,aligned,GAM,large_scale_comparison,Wald,-0.597837000755621,-0.520917321885048,-0.597107913488774,-0.444726730281322,0.0388727508182276,,,,,,,,,
364,aligned,Aligned NB,large_scale_comparison,Wald,-0.597837000755621,-0.715429627342701,-0.999129289459172,-0.431729965226229,0.144744725569628,,,,,,,,,
365,aligned,ITS,large_scale_comparison,Wald,-0.597837000755621,-0.537951880108247,-0.738981235407602,-0.336922524808891,0.102565997601712,,,,,,,,,
365,aligned,GAM,large_scale_comparison,Wald,-0.597837000755621,-0.453656268676278,-0.516675545165742,-0.390636992186814,0.0321526920864614,,,,,,,,,
365,aligned,Aligned NB,large_scale_comparison,Wald,-0.597837000755621,-0.539122384256917,-0.740144526478262,-0.338100242035571,0.10256231745987,,,,,,,,,
366,aligned,ITS,large_scale_comparison,Wald,-0.597837000755621,-0.467122135900384,-0.727955554850464,-0.206288716950305,0.13307827497453,,,,,,,,,
366,aligned,GAM,large_scale_comparison,Wald,-0.597837000755621,-0.435806848910394,-0.535176261584247,-0.336437436236542,0.050698679935639,,,,,,,,,
366,aligned,Aligned NB,large_scale_comparison,Wald,-0.597837000755621,-0.467031572717075,-0.727943574334991,-0.206119571099158,0.133118368172406,,,,,,,,,
367,aligned,ITS,large_scale_comparison,Wald,-0.597837000755621,-0.408377104546486,-0.845052526931625,0.0282983178386539,0.222793582849561,,,,,,,,,
367,aligned,GAM,large_scale_comparison,Wald,-0.597837000755621,-1.04380314369212,-1.16702490112493,-0.920581386259311,0.0628682435881677,,,,,,,,,
367,aligned,Aligned NB,large_scale_comparison,Wald,-0.597837000755621,-0.407961521401761,-0.844819263276256,0.0288962204727339,0.222886602997191,,,,,,,,,
368,aligned,ITS,large_scale_comparison,Wald,-0.597837000755621,-0.347023808708431,-0.597201669457912,-0.0968459479589491,0.127641765688511,,,,,,,,,
368,aligned,GAM,large_scale_comparison,Wald,-0.597837000755621,-0.13576641545471,-0.225908839027746,-0.0456239918816735,0.0459910324352225,,,,,,,,,
368,aligned,Aligned NB,large_scale_comparison,Wald,-0.597837000755621,-0.349319716395122,-0.599246152892461,-0.0993932798977821,0.127513488008847,,,,,,,,,
369,aligned,ITS,large_scale_comparison,Wald,-0.597837000755621,-0.492845478575522,-0.771660801750274,-0.214030155400771,0.142252715905485,,,,,,,,,
369,aligned,GAM,large_scale_comparison,Wald,-0.597837000755621,-0.395002654644469,-0.511269851276264,-0.278735458012674,0.0593199982815282,,,,,,,,,
369,aligned,Aligned NB,large_scale_comparison,Wald,-0.597837000755621,-0.485688243784311,-0.764464134060705,-0.206912353507916,0.142232597079793,,,,,,,,,
370,aligned,ITS,large_scale_comparison,Wald,-0.597837000755621,-0.41070151486631,-0.64103238426923,-0.180370645463389,0.117515749695368,,,,,,,,,
370,aligned,GAM,large_scale_comparison,Wald,-0.597837000755621,-0.449302995083557,-0.556425455562274,-0.342180534604841,0.0546543165707738,,,,,,,,,
370,aligned,Aligned NB,large_scale_comparison,Wald,-0.597837000755621,-0.408729864105352,-0.638816219926814,-0.17864350828389,0.117390997868093,,,,,,,,,
371,aligned,ITS,large_scale_comparison,Wald,-0.597837000755621,-0.748363526264694,-1.14857313433475,-0.348153918194635,0.204188575545949,,,,,,,,,
371,aligned,GAM,large_scale_comparison,Wald,-0.597837000755621,-0.555301895119165,-0.62887196342777,-0.481731826810561,0.0375357491370433,,,,,,,,,
371,aligned,Aligned NB,large_scale_comparison,Wald,-0.597837000755621,-0.742719589427172,-1.14297868160022,-0.342460497254128,0.204213822537267,,,,,,,,,
372,aligned,ITS,large_scale_comparison,Wald,-0.597837000755621,-0.518937473372772,-0.78689585648339,-0.250979090262154,0.136713460770724,,,,,,,,,
372,aligned,GAM,large_scale_comparison,Wald,-0.597837000755621,-0.224549400332536,-0.327218497384679,-0.121880303280393,0.0523821923735423,,,,,,,,,
372,aligned,Aligned NB,large_scale_comparison,Wald,-0.597837000755621,-0.520447298609037,-0.788548395810961,-0.252346201407113,0.136786274082614,,,,,,,,,
373,aligned,ITS,large_scale_comparison,Wald,-0.597837000755621,-0.442179962348542,-0.669039983045945,-0.215319941651139,0.115744908519083,,,,,,,,,
373,aligned,GAM,large_scale_comparison,Wald,-0.597837000755621,-0.504877655746634,-0.572944113636523,-0.436811197856744,0.0347277846376987,,,,,,,,,
373,aligned,Aligned NB,large_scale_comparison,Wald,-0.597837000755621,-0.439416191806713,-0.666377583176534,-0.212454800436892,0.115796628249909,,,,,,,,,
374,aligned,ITS,large_scale_comparison,Wald,-0.597837000755621,-0.568095039167645,-0.868495879285024,-0.267694199050266,0.153265734753765,,,,,,,,,
374,aligned,GAM,large_scale_comparison,Wald,-0.597837000755621,-0.255559658168587,-0.359766536521798,-0.151352779815376,0.0531667746700055,,,,,,,,,
374,aligned,Aligned NB,large_scale_comparison,Wald,-0.597837000755621,-0.565945118725383,-0.866580254175228,-0.265309983275539,0.153385273188696,,,,,,,,,
375,aligned,ITS,large_scale_comparison,Wald,-0.597837000755621,-0.816266003484853,-1.09998578632947,-0.532546220640232,0.144754991247256,,,,,,,,,
375,aligned,GAM,large_scale_comparison,Wald,-0.597837000755621,-0.805028799355707,-0.918361745153858,-0.691695853557556,0.0578229315296688,,,,,,,,,
375,aligned,Aligned NB,large_scale_comparison,Wald,-0.597837000755621,-0.808712145091451,-1.09248632340737,-0.524937966775534,0.144782744038733,,,,,,,,,
376,aligned,ITS,large_scale_comparison,Wald,-0.597837000755621,-0.274935388428318,-0.663738217685422,0.113867440828785,0.198368790437298,,,,,,,,,
376,aligned,GAM,large_scale_comparison,Wald,-0.597837000755621,-0.641329159032162,-0.753422759946051,-0.529235558118273,0.057190612711168,,,,,,,,,
376,aligned,Aligned NB,large_scale_comparison,Wald,-0.597837000755621,-0.272348636954935,-0.661645907624138,0.116948633714268,0.198621056463879,,,,,,,,,
377,aligned,ITS,large_scale_comparison,Wald,-0.597837000755621,-0.294340546140386,-0.536336667754861,-0.0523444245259116,0.123467408986977,,,,,,,,,
377,aligned,GAM,large_scale_comparison,Wald,-0.597837000755621,-0.542504029139358,-0.607630149383967,-0.477377908894749,0.0332276123696984,,,,,,,,,
377,aligned,Aligned NB,large_scale_comparison,Wald,-0.597837000755621,-0.294816471186763,-0.536986081188106,-0.0526468611854201,0.123555923470073,,,,,,,,,
378,aligned,ITS,large_scale_comparison,Wald,-0.597837000755621,-0.235045673954959,-0.457544966415564,-0.0125463814943547,0.113520047173778,,,,,,,,,
378,aligned,GAM,large_scale_comparison,Wald,-0.597837000755621,-0.660462974523152,-0.732091208211712,-0.588834740834592,0.0365450171880408,,,,,,,,,
378,aligned,Aligned NB,large_scale_comparison,Wald,-0.597837000755621,-0.237689200666001,-0.461103507371122,-0.0142748939608807,0.113986891176082,,,,,,,,,
379,aligned,ITS,large_scale_comparison,Wald,-0.597837000755621,-0.364468793094328,-0.72781880916391,-0.00111877702474517,0.185382661259991,,,,,,,,,
379,aligned,GAM,large_scale_comparison,Wald,-0.597837000755621,-0.412202834448018,-0.490321305303626,-0.33408436359241,0.0398563626814327,,,,,,,,,
379,aligned,Aligned NB,large_scale_comparison,Wald,-0.597837000755621,-0.369828083029834,-0.733356752523346,-0.00629941353632218,0.185473810966078,,,,,,,,,
380,aligned,ITS,large_scale_comparison,Wald,-0.597837000755621,-0.31207668136836,-0.662737522399779,0.0385841596630593,0.178908592362969,,,,,,,,,
380,aligned,GAM,large_scale_comparison,Wald,-0.597837000755621,-0.421764456359858,-0.53075384018321,-0.312775072536506,0.055606828481302,,,,,,,,,
380,aligned,Aligned NB,large_scale_comparison,Wald,-0.597837000755621,-0.312549395964969,-0.663196454851174,0.0380976629212367,0.178901560656227,,,,,,,,,
381,aligned,ITS,large_scale_comparison,Wald,-0.597837000755621,-0.504525253599996,-0.753871987371902,-0.25517851982809,0.127217721312197,,,,,,,,,
381,aligned,GAM,large_scale_comparison,Wald,-0.597837000755621,-0.5125562986801,-0.578262069778607,-0.446850527581593,0.0335233526012791,,,,,,,,,
381,aligned,Aligned NB,large_scale_comparison,Wald,-0.597837000755621,-0.504198891419896,-0.753409543850101,-0.254988238989691,0.127148292056227,,,,,,,,,
382,aligned,ITS,large_scale_comparison,Wald,-0.597837000755621,-0.716341845191505,-1.00652029812488,-0.426163392258134,0.148050231088455,,,,,,,,,
382,aligned,GAM,large_scale_comparison,Wald,-0.597837000755621,-0.622398566269637,-0.723957560657768,-0.520839571881506,0.051815813463332,,,,,,,,,
382,aligned,Aligned NB,large_scale_comparison,Wald,-0.597837000755621,-0.709644805533641,-1.00014846918304,-0.419141141884239,0.148216154923164,,,,,,,,,
383,aligned,ITS,large_scale_comparison,Wald,-0.597837000755621,-1.28120293132918,-1.66013646286171,-0.902269399796642,0.193333434455374,,,,,,,,,
383,aligned,GAM,large_scale_comparison,Wald,-0.597837000755621,-0.773007182276682,-0.891930414807734,-0.65408394974563,0.0606751186382919,,,,,,,,,
383,aligned,Aligned NB,large_scale_comparison,Wald,-0.597837000755621,-1.28414398508554,-1.66304995945757,-0.905238010713516,0.193319374679605,,,,,,,,,
384,aligned,ITS,large_scale_comparison,Wald,-0.597837000755621,-0.681580713669534,-0.932329064921858,-0.430832362417211,0.127932832271593,,,,,,,,,
384,aligned,GAM,large_scale_comparison,Wald,-0.597837000755621,-0.526365181990959,-0.625623662257299,-0.427106701724619,0.0506420817685409,,,,,,,,,
384,aligned,Aligned NB,large_scale_comparison,Wald,-0.597837000755621,-0.679518081277883,-0.930389982558803,-0.428646179996963,0.127995868000469,,,,,,,,,
385,aligned,ITS,large_scale_comparison,Wald,-0.597837000755621,-0.0862087379217227,-0.375281056462906,0.202863580619461,0.147485876806726,,,,,,,,,
385,aligned,GAM,large_scale_comparison,Wald,-0.597837000755621,-0.218633893228476,-0.3151124932815,-0.122155293175451,0.0492237755372573,,,,,,,,,
385,aligned,Aligned NB,large_scale_comparison,Wald,-0.597837000755621,-0.0861835851481293,-0.375076659676244,0.202709489379985,0.14739442577965,,,,,,,,,
386,aligned,ITS,large_scale_comparison,Wald,-0.597837000755621,-0.37541996817702,-0.611259445876501,-0.139580490477539,0.120326264132388,,,,,,,,,
386,aligned,GAM,large_scale_comparison,Wald,-0.597837000755621,-0.479982671251152,-0.587030222259856,-0.372935120242448,0.0546160974534204,,,,,,,,,
386,aligned,Aligned NB,large_scale_comparison,Wald,-0.597837000755621,-0.374484260657388,-0.610346531629352,-0.138621989685425,0.120337893353042,,,,,,,,,
387,aligned,ITS,large_scale_comparison,Wald,-0.597837000755621,-0.616683134831014,-0.888806171370986,-0.344560098291043,0.138838283948965,,,,,,,,,
387,aligned,GAM,large_scale_comparison,Wald,-0.597837000755621,-0.476618826118236,-0.585536509553904,-0.367701142682569,0.0555702466508507,,,,,,,,,
387,aligned,Aligned NB,large_scale_comparison,Wald,-0.597837000755621,-0.61602424341396,-0.888209670087301,-0.34383881674062,0.138870115649664,,,,,,,,,
388,aligned,ITS,large_scale_comparison,Wald,-0.597837000755621,-0.944259366823974,-1.1957392462025,-0.69277948744545,0.12830606090741,,,,,,,,,
388,aligned,GAM,large_scale_comparison,Wald,-0.597837000755621,-0.659144350083476,-0.759170268782902,-0.559118431384049,0.0510336319895032,,,,,,,,,
388,aligned,Aligned NB,large_scale_comparison,Wald,-0.597837000755621,-0.944957858540719,-1.19651826732663,-0.693397449754804,0.128347147339753,,,,,,,,,
389,aligned,ITS,large_scale_comparison,Wald,-0.597837000755621,-0.699098133477916,-0.971839960033689,-0.426356306922142,0.139153993140701,,,,,,,,,
389,aligned,GAM,large_scale_comparison,Wald,-0.597837000755621,-0.616074731054188,-0.714579529809401,-0.517569932298974,0.0502575503853131,,,,,,,,,
389,aligned,Aligned NB,large_scale_comparison,Wald,-0.597837000755621,-0.698990468392836,-0.971851043781752,-0.42612989300392,0.139214579280059,,,,,,,,,
390,aligned,ITS,large_scale_comparison,Wald,-0.597837000755621,-0.506068290594048,-0.870325958844614,-0.141810622343482,0.185845749107432,,,,,,,,,
390,aligned,GAM,large_scale_comparison,Wald,-0.597837000755621,-0.508245547781327,-0.612596376164556,-0.403894719398098,0.0532402185628718,,,,,,,,,
390,aligned,Aligned NB,large_scale_comparison,Wald,-0.597837000755621,-0.502842938296702,-0.867277513320221,-0.138408363273183,0.185936007665061,,,,,,,,,
391,aligned,ITS,large_scale_comparison,Wald,-0.597837000755621,-0.202335780275457,-0.473384228129492,0.0687126675785775,0.138290024415324,,,,,,,,,
391,aligned,GAM,large_scale_comparison,Wald,-0.597837000755621,-0.184044392476371,-0.246347625842482,-0.121741159110259,0.0317873639623017,,,,,,,,,
391,aligned,Aligned NB,large_scale_comparison,Wald,-0.597837000755621,-0.201433061953472,-0.472549718869709,0.0696835949627654,0.138324824957264,,,,,,,,,
392,aligned,ITS,large_scale_comparison,Wald,-0.597837000755621,-0.7053719231591,-0.901424324108466,-0.509319522209733,0.100026735178248,,,,,,,,,
392,aligned,GAM,large_scale_comparison,Wald,-0.597837000755621,-0.704419090739197,-0.806539578967535,-0.602298602510858,0.0521022899124175,,,,,,,,,
392,aligned,Aligned NB,large_scale_comparison,Wald,-0.597837000755621,-0.707200085581554,-0.903074744301085,-0.511325426862023,0.0999360503671077,,,,,,,,,
393,aligned,ITS,large_scale_comparison,Wald,-0.597837000755621,-0.245891864918483,-0.652561958352806,0.160778228515839,0.207484741548124,,,,,,,,,
393,aligned,GAM,large_scale_comparison,Wald,-0.597837000755621,-0.670313042079263,-0.780845452445997,-0.559780631712529,0.056394086921803,,,,,,,,,
393,aligned,Aligned NB,large_scale_comparison,Wald,-0.597837000755621,-0.247280923878261,-0.653875478553747,0.159313630797225,0.207446201365044,,,,,,,,,
394,aligned,ITS,large_scale_comparison,Wald,-0.597837000755621,-0.493325082135059,-0.73254257215914,-0.254107592110978,0.122049739808205,,,,,,,,,
394,aligned,GAM,large_scale_comparison,Wald,-0.597837000755621,-0.731096362277265,-0.801272434690621,-0.660920289863908,0.035804118578243,,,,,,,,,
394,aligned,Aligned NB,large_scale_comparison,Wald,-0.597837000755621,-0.493301954554279,-0.732496602861704,-0.254107306246854,0.122038085871135,,,,,,,,,
395,aligned,ITS,large_scale_comparison,Wald,-0.597837000755621,-0.397691671263823,-0.645573234781661,-0.149810107745985,0.126470185468285,,,,,,,,,
395,aligned,GAM,large_scale_comparison,Wald,-0.597837000755621,-0.435300348757516,-0.512548664802106,-0.358052032712925,0.0394124061451993,,,,,,,,,
395,aligned,Aligned NB,large_scale_comparison,Wald,-0.597837000755621,-0.395906594414694,-0.643770710240248,-0.14804247858914,0.126461283584466,,,,,,,,,
396,aligned,ITS,large_scale_comparison,Wald,-0.597837000755621,-0.900000755214359,-1.22619696230575,-0.573804548122964,0.16642663627112,,,,,,,,,
396,aligned,GAM,large_scale_comparison,Wald,-0.597837000755621,-0.963566863660009,-1.09007470431117,-0.837059023008847,0.0645448166587561,,,,,,,,,
396,aligned,Aligned NB,large_scale_comparison,Wald,-0.597837000755621,-0.897019481521548,-1.22329163315683,-0.570747329886264,0.16646538348739,,,,,,,,,
397,aligned,ITS,large_scale_comparison,Wald,-0.597837000755621,-0.223929307610816,-0.472512598453211,0.0246539832315794,0.126828209613467,,,,,,,,,
397,aligned,GAM,large_scale_comparison,Wald,-0.597837000755621,-0.43298777200968,-0.532705527187332,-0.333270016832029,0.0508764057028834,,,,,,,,,
397,aligned,Aligned NB,large_scale_comparison,Wald,-0.597837000755621,-0.223345013753436,-0.471888975856014,0.0251989483491432,0.126808143929887,,,,,,,,,
398,aligned,ITS,large_scale_comparison,Wald,-0.597837000755621,-0.208756986033908,-0.610009398926363,0.192495426858547,0.204720618822681,,,,,,,,,
398,aligned,GAM,large_scale_comparison,Wald,-0.597837000755621,-0.694776904605836,-0.775118336794466,-0.614435472417205,0.0409905266268525,,,,,,,,,
398,aligned,Aligned NB,large_scale_comparison,Wald,-0.597837000755621,-0.207380445589262,-0.608588240938899,0.193827349760374,0.204697854770223,,,,,,,,,
399,aligned,ITS,large_scale_comparison,Wald,-0.597837000755621,-0.541487925222582,-0.83284193060803,-0.250133919837133,0.148650002747678,,,,,,,,,
399,aligned,GAM,large_scale_comparison,Wald,-0.597837000755621,-0.557809339949694,-0.627879925581518,-0.487738754317871,0.0357502987917465,,,,,,,,,
399,aligned,Aligned NB,large_scale_comparison,Wald,-0.597837000755621,-0.539355946652479,-0.830668205488298,-0.248043687816661,0.148628703487662,,,,,,,,,
400,aligned,ITS,large_scale_comparison,Wald,-0.597837000755621,-0.631400462131538,-0.840118206722558,-0.422682717540518,0.1064886451995,,,,,,,,,
400,aligned,GAM,large_scale_comparison,Wald,-0.597837000755621,-0.530641417106987,-0.620400404128481,-0.440882430085492,0.0457954015415787,,,,,,,,,
400,aligned,Aligned NB,large_scale_comparison,Wald,-0.597837000755621,-0.627697754151969,-0.836500217625797,-0.418895290678141,0.1065318691193,,,,,,,,,
401,aligned,ITS,large_scale_comparison,Wald,-0.597837000755621,-0.374895629555839,-0.648349514708558,-0.10144174440312,0.139517288343224,,,,,,,,,
401,aligned,GAM,large_scale_comparison,Wald,-0.597837000755621,-0.783030488618832,-0.887752586247339,-0.678308390990324,0.0534296416471978,,,,,,,,,
401,aligned,Aligned NB,large_scale_comparison,Wald,-0.597837000755621,-0.375882858667255,-0.649517295902957,-0.102248421431553,0.139609406752909,,,,,,,,,
402,aligned,ITS,large_scale_comparison,Wald,-0.597837000755621,-0.719235331454347,-1.03219904002095,-0.406271622887742,0.159675361513574,,,,,,,,,
402,aligned,GAM,large_scale_comparison,Wald,-0.597837000755621,-0.62511470610142,-0.694195904735337,-0.556033507467503,0.0352455095071004,,,,,,,,,
402,aligned,Aligned NB,large_scale_comparison,Wald,-0.597837000755621,-0.717286386817242,-1.0302100759703,-0.404362697664184,0.159654943445438,,,,,,,,,
403,aligned,ITS,large_scale_comparison,Wald,-0.597837000755621,-0.443332103129773,-0.701660184629258,-0.185004021630288,0.13180004158137,,,,,,,,,
403,aligned,GAM,large_scale_comparison,Wald,-0.597837000755621,-0.256259851295949,-0.362283090105485,-0.150236612486412,0.0540934891885389,,,,,,,,,
403,aligned,Aligned NB,large_scale_comparison,Wald,-0.597837000755621,-0.440958258275757,-0.699420509779572,-0.182496006771941,0.131868495665212,,,,,,,,,
404,aligned,ITS,large_scale_comparison,Wald,-0.597837000755621,-0.538606555401683,-0.849610494994997,-0.227602615808368,0.158675479384344,,,,,,,,,
404,aligned,GAM,large_scale_comparison,Wald,-0.597837000755621,-0.631006365383878,-0.727702340155908,-0.534310390611849,0.0493346810061373,,,,,,,,,
404,aligned,Aligned NB,large_scale_comparison,Wald,-0.597837000755621,-0.533880686435181,-0.845484232822771,-0.222277140047592,0.158981401218158,,,,,,,,,
405,aligned,ITS,large_scale_comparison,Wald,-0.597837000755621,-0.321191972934369,-0.605167214920582,-0.0372167309481565,0.144885327543986,,,,,,,,,
405,aligned,GAM,large_scale_comparison,Wald,-0.597837000755621,-0.933451363240924,-1.04648185972687,-0.820420866754981,0.0576686206560931,,,,,,,,,
405,aligned,Aligned NB,large_scale_comparison,Wald,-0.597837000755621,-0.321288218658278,-0.605250628808773,-0.0373258085077828,0.144878780689028,,,,,,,,,
406,aligned,ITS,large_scale_comparison,Wald,-0.597837000755621,-0.54866462110685,-0.746301598136076,-0.351027644077625,0.10083519236185,,,,,,,,,
406,aligned,GAM,large_scale_comparison,Wald,-0.597837000755621,-0.366514418438982,-0.457383147345566,-0.275645689532398,0.0463615963809102,,,,,,,,,
406,aligned,Aligned NB,large_scale_comparison,Wald,-0.597837000755621,-0.546697296863431,-0.744363398510352,-0.34903119521651,0.100850051860674,,,,,,,,,
407,aligned,ITS,large_scale_comparison,Wald,-0.597837000755621,-0.581583767332617,-0.781937910419564,-0.38122962424567,0.102221501574973,,,,,,,,,
407,aligned,GAM,large_scale_comparison,Wald,-0.597837000755621,-0.650034851293691,-0.745153971576415,-0.554915731010968,0.0485301634095526,,,,,,,,,
407,aligned,Aligned NB,large_scale_comparison,Wald,-0.597837000755621,-0.581510145170987,-0.781994886653463,-0.381025403688512,0.102288133409426,,,,,,,,,
408,aligned,ITS,large_scale_comparison,Wald,-0.597837000755621,-0.387194668409014,-0.582329434877743,-0.192059901940285,0.0995585543207802,,,,,,,,,
408,aligned,GAM,large_scale_comparison,Wald,-0.597837000755621,-0.372551082109085,-0.466451308398144,-0.278650855820027,0.0479082787189075,,,,,,,,,
408,aligned,Aligned NB,large_scale_comparison,Wald,-0.597837000755621,-0.387508611343514,-0.582702399331743,-0.192314823355285,0.099588667340933,,,,,,,,,
409,aligned,ITS,large_scale_comparison,Wald,-0.597837000755621,-0.439246365219185,-0.695972122907993,-0.182520607530376,0.130982529433065,,,,,,,,,
409,aligned,GAM,large_scale_comparison,Wald,-0.597837000755621,-0.886720821991442,-1.0008275391426,-0.772614104840288,0.0582177128322218,,,,,,,,,
409,aligned,Aligned NB,large_scale_comparison,Wald,-0.597837000755621,-0.439994049629001,-0.696653319765934,-0.183334779492068,0.130948607212721,,,,,,,,,
410,aligned,ITS,large_scale_comparison,Wald,-0.597837000755621,-0.851667298710322,-1.10095093438475,-0.602383663035897,0.127185528405319,,,,,,,,,
410,aligned,GAM,large_scale_comparison,Wald,-0.597837000755621,-0.642175966359898,-0.717880700125756,-0.56647123259404,0.0386248641662541,,,,,,,,,
410,aligned,Aligned NB,large_scale_comparison,Wald,-0.597837000755621,-0.852174509658859,-1.10143240568103,-0.602916613636688,0.127172395929679,,,,,,,,,
411,aligned,ITS,large_scale_comparison,Wald,-0.597837000755621,-0.332113994634664,-0.62982607068947,-0.0344019185798581,0.151893916354493,,,,,,,,,
411,aligned,GAM,large_scale_comparison,Wald,-0.597837000755621,-0.929373649754102,-1.03976346549126,-0.818983834016943,0.0563213345597749,,,,,,,,,
411,aligned,Aligned NB,large_scale_comparison,Wald,-0.597837000755621,-0.333131941473293,-0.630806028724775,-0.0354578542218115,0.151874534311981,,,,,,,,,
412,aligned,ITS,large_scale_comparison,Wald,-0.597837000755621,-0.596186728672542,-0.972554822733006,-0.219818634612078,0.192024537785951,,,,,,,,,
412,aligned,GAM,large_scale_comparison,Wald,-0.597837000755621,-0.6154102925501,-0.698435635176345,-0.532384949923855,0.0423598686868599,,,,,,,,,
412,aligned,Aligned NB,large_scale_comparison,Wald,-0.597837000755621,-0.59888647622236,-0.975376678530894,-0.222396273913827,0.192086837912517,,,,,,,,,
413,aligned,ITS,large_scale_comparison,Wald,-0.597837000755621,-0.593376233980203,-0.81422877252236,-0.372523695438047,0.112679866603141,,,,,,,,,
413,aligned,GAM,large_scale_comparison,Wald,-0.597837000755621,-0.605914142822853,-0.694558050559311,-0.517270235086396,0.0452264835390089,,,,,,,,,
413,aligned,Aligned NB,large_scale_comparison,Wald,-0.597837000755621,-0.593546989240383,-0.814387985269534,-0.372705993211232,0.112673977565893,,,,,,,,,
414,aligned,ITS,large_scale_comparison,Wald,-0.597837000755621,-0.784956253231351,-1.00047170776794,-0.569440798694767,0.109956864559482,,,,,,,,,
414,aligned,GAM,large_scale_comparison,Wald,-0.597837000755621,-0.705724148856322,-0.800342926419298,-0.611105371293345,0.0482748865117226,,,,,,,,,
414,aligned,Aligned NB,large_scale_comparison,Wald,-0.597837000755621,-0.776418295126797,-0.992251461765107,-0.560585128488487,0.110118962570566,,,,,,,,,
415,aligned,ITS,large_scale_comparison,Wald,-0.597837000755621,-0.235282024990483,-0.534027868038078,0.0634638180571118,0.152421348493671,,,,,,,,,
415,aligned,GAM,large_scale_comparison,Wald,-0.597837000755621,-0.45298836694928,-0.547159594846027,-0.358817139052532,0.0480465448452794,,,,,,,,,
415,aligned,Aligned NB,large_scale_comparison,Wald,-0.597837000755621,-0.236436107746123,-0.534883821582486,0.0620116060902408,0.152269241753247,,,,,,,,,
416,aligned,ITS,large_scale_comparison,Wald,-0.597837000755621,-0.379353642764921,-0.704882442363599,-0.0538248431662426,0.166086122244224,,,,,,,,,
416,aligned,GAM,large_scale_comparison,Wald,-0.597837000755621,-0.163916639542843,-0.277899063531233,-0.0499342155544529,0.0581542979532603,,,,,,,,,
416,aligned,Aligned NB,large_scale_comparison,Wald,-0.597837000755621,-0.374700298791941,-0.700607590557613,-0.0487930070262682,0.16627923049269,,,,,,,,,
417,aligned,ITS,large_scale_comparison,Wald,-0.597837000755621,-0.66597372436991,-0.870430182029137,-0.461517266710683,0.104314519213891,,,,,,,,,
417,aligned,GAM,large_scale_comparison,Wald,-0.597837000755621,-0.769629739607627,-0.870189778000031,-0.669069701215222,0.0513061420369409,,,,,,,,,
417,aligned,Aligned NB,large_scale_comparison,Wald,-0.597837000755621,-0.666905855719603,-0.871321636227042,-0.462490075212163,0.10429376556502,,,,,,,,,
418,aligned,ITS,large_scale_comparison,Wald,-0.597837000755621,-0.362252377984397,-0.675909888083328,-0.0485948678854667,0.160029341887209,,,,,,,,,
418,aligned,GAM,large_scale_comparison,Wald,-0.597837000755621,-0.489696927991771,-0.586102660005908,-0.393291195977633,0.0491865979663967,,,,,,,,,
418,aligned,Aligned NB,large_scale_comparison,Wald,-0.597837000755621,-0.363516825487053,-0.677042152206034,-0.0499914987680727,0.159961901387235,,,,,,,,,
419,aligned,ITS,large_scale_comparison,Wald,-0.597837000755621,-0.46997590159462,-0.768671064323026,-0.171280738866214,0.152395491187962,,,,,,,,,
419,aligned,GAM,large_scale_comparison,Wald,-0.597837000755621,-0.594134884380599,-0.688262614347037,-0.500007154414161,0.0480243520236929,,,,,,,,,
419,aligned,Aligned NB,large_scale_comparison,Wald,-0.597837000755621,-0.469299142549156,-0.768048834908211,-0.1705494501901,0.15242331242809,,,,,,,,,
420,aligned,ITS,large_scale_comparison,Wald,-0.597837000755621,0.0719055293306976,-0.305352515300722,0.449163573962117,0.192478594199704,,,,,,,,,
420,aligned,GAM,large_scale_comparison,Wald,-0.597837000755621,-0.90530378648338,-1.01801641072582,-0.792591162240945,0.0575064409400178,,,,,,,,,
420,aligned,Aligned NB,large_scale_comparison,Wald,-0.597837000755621,0.0688735911288612,-0.308338556330848,0.446085738588571,0.192455177275362,,,,,,,,,
421,aligned,ITS,large_scale_comparison,Wald,-0.597837000755621,-0.517440682767621,-0.834384851947604,-0.200496513587639,0.161706208765297,,,,,,,,,
421,aligned,GAM,large_scale_comparison,Wald,-0.597837000755621,-0.49460411857473,-0.601117432921418,-0.388090804228041,0.0543435277279022,,,,,,,,,
421,aligned,Aligned NB,large_scale_comparison,Wald,-0.597837000755621,-0.521346636975193,-0.838293146115976,-0.204400127834409,0.161707402622849,,,,,,,,,
422,aligned,ITS,large_scale_comparison,Wald,-0.597837000755621,-0.596263027959297,-0.845809312276075,-0.346716743642518,0.127319532814683,,,,,,,,,
422,aligned,GAM,large_scale_comparison,Wald,-0.597837000755621,-0.219190400590698,-0.319653552219298,-0.118727248962099,0.0512567100145916,,,,,,,,,
422,aligned,Aligned NB,large_scale_comparison,Wald,-0.597837000755621,-0.597375390843809,-0.846973891066584,-0.347776890621033,0.127346173583049,,,,,,,,,
423,aligned,ITS,large_scale_comparison,Wald,-0.597837000755621,-0.433072899045458,-0.781213443775285,-0.0849323543156306,0.177622726902973,,,,,,,,,
423,aligned,GAM,large_scale_comparison,Wald,-0.597837000755621,-0.719098105244907,-0.825658626565257,-0.612537583924557,0.0543676129185461,,,,,,,,,
423,aligned,Aligned NB,large_scale_comparison,Wald,-0.597837000755621,-0.437065732553014,-0.784622989433915,-0.0895084756721133,0.177325131061684,,,,,,,,,
424,aligned,ITS,large_scale_comparison,Wald,-0.597837000755621,-0.520494805721952,-0.829073864041526,-0.211915747402377,0.157438295061007,,,,,,,,,
424,aligned,GAM,large_scale_comparison,Wald,-0.597837000755621,-0.263535865599199,-0.367168327977856,-0.159903403220541,0.0528737052952334,,,,,,,,,
424,aligned,Aligned NB,large_scale_comparison,Wald,-0.597837000755621,-0.517242238486396,-0.825628489418263,-0.208855987554529,0.15733992394483,,,,,,,,,
425,aligned,ITS,large_scale_comparison,Wald,-0.597837000755621,-0.74751948719359,-1.27779270374111,-0.217246270646073,0.270547559463019,,,,,,,,,
425,aligned,GAM,large_scale_comparison,Wald,-0.597837000755621,-0.446588062069529,-0.514697578553978,-0.378478545585081,0.0347497533083922,,,,,,,,,
425,aligned,Aligned NB,large_scale_comparison,Wald,-0.597837000755621,-0.755847683914823,-1.28632175124273,-0.225373616586918,0.270650034350972,,,,,,,,,
426,aligned,ITS,large_scale_comparison,Wald,-0.597837000755621,-0.411127094175046,-0.694259183084338,-0.127995005265754,0.1444551474027,,,,,,,,,
426,aligned,GAM,large_scale_comparison,Wald,-0.597837000755621,-0.636025943812201,-0.742102634639648,-0.529949252984754,0.0541207606262487,,,,,,,,,
426,aligned,Aligned NB,large_scale_comparison,Wald,-0.597837000755621,-0.410934205909122,-0.694056901455041,-0.127811510363203,0.144450354870367,,,,,,,,,
427,aligned,ITS,large_scale_comparison,Wald,-0.597837000755621,-0.615827443701493,-0.849613121763096,-0.382041765639891,0.119278407174287,,,,,,,,,
427,aligned,GAM,large_scale_comparison,Wald,-0.597837000755621,-0.401406073627354,-0.465901707397951,-0.336910439856757,0.0329059355972433,,,,,,,,,
427,aligned,Aligned NB,large_scale_comparison,Wald,-0.597837000755621,-0.613563406918788,-0.847552121275856,-0.379574692561719,0.119381997120953,,,,,,,,,
428,aligned,ITS,large_scale_comparison,Wald,-0.597837000755621,-0.578775356285487,-0.791346869014294,-0.366203843556679,0.108454853433065,,,,,,,,,
428,aligned,GAM,large_scale_comparison,Wald,-0.597837000755621,-0.422800392581134,-0.521706923780816,-0.323893861381452,0.0504625159182051,,,,,,,,,
428,aligned,Aligned NB,large_scale_comparison,Wald,-0.597837000755621,-0.577261907036167,-0.789938950527133,-0.364584863545201,0.108508695658656,,,,,,,,,
429,aligned,ITS,large_scale_comparison,Wald,-0.597837000755621,-0.602397104076414,-0.972763480744371,-0.232030727408456,0.188962437075488,,,,,,,,,
429,aligned,GAM,large_scale_comparison,Wald,-0.597837000755621,-0.272600352868877,-0.38328471497168,-0.161915990766073,0.0564716133177567,,,,,,,,,
429,aligned,Aligned NB,large_scale_comparison,Wald,-0.597837000755621,-0.60299224737127,-0.973224967935731,-0.232759526806809,0.188894245185949,,,,,,,,,
430,aligned,ITS,large_scale_comparison,Wald,-0.597837000755621,-0.550392050831029,-0.908253485104908,-0.192530616557149,0.182582364425449,,,,,,,,,
430,aligned,GAM,large_scale_comparison,Wald,-0.597837000755621,-0.695289887419889,-0.776345962931819,-0.614233811907959,0.0413551405673112,,,,,,,,,
430,aligned,Aligned NB,large_scale_comparison,Wald,-0.597837000755621,-0.548941978169596,-0.907028014420301,-0.190855941918891,0.182696957270768,,,,,,,,,
431,aligned,ITS,large_scale_comparison,Wald,-0.597837000755621,-0.792596889066785,-1.15816015125527,-0.427033626878302,0.186511868463512,,,,,,,,,
431,aligned,GAM,large_scale_comparison,Wald,-0.597837000755621,-0.526893922646758,-0.631348767087431,-0.422439078206085,0.0532932879799353,,,,,,,,,
431,aligned,Aligned NB,large_scale_comparison,Wald,-0.597837000755621,-0.790415819499327,-1.15598142189614,-0.424850217102516,0.186513062447352,,,,,,,,,
432,aligned,ITS,large_scale_comparison,Wald,-0.597837000755621,-0.404977823232177,-0.717743370987494,-0.0922122754768597,0.159574259058835,,,,,,,,,
432,aligned,GAM,large_scale_comparison,Wald,-0.597837000755621,-0.678856505726696,-0.787522354345648,-0.570190657107744,0.0554417594994652,,,,,,,,,
432,aligned,Aligned NB,large_scale_comparison,Wald,-0.597837000755621,-0.404081077139386,-0.717091275187601,-0.0910708790911704,0.159699080636844,,,,,,,,,
433,aligned,ITS,large_scale_comparison,Wald,-0.597837000755621,-0.36357790210031,-0.543857022345941,-0.183298781854679,0.0919791429824648,,,,,,,,,
433,aligned,GAM,large_scale_comparison,Wald,-0.597837000755621,-0.25303687829049,-0.343013100849723,-0.163060655731256,0.0459062359996088,,,,,,,,,
433,aligned,Aligned NB,large_scale_comparison,Wald,-0.597837000755621,-0.361969980444117,-0.542436362982239,-0.181503597905995,0.0920746849684297,,,,,,,,,
434,aligned,ITS,large_scale_comparison,Wald,-0.597837000755621,-0.627715596752003,-0.963992609857731,-0.291438583646275,0.17156990464578,,,,,,,,,
434,aligned,GAM,large_scale_comparison,Wald,-0.597837000755621,-0.285531409294373,-0.391295429004925,-0.179767389583821,0.0539612345461998,,,,,,,,,
434,aligned,Aligned NB,large_scale_comparison,Wald,-0.597837000755621,-0.624606105817085,-0.961136468873352,-0.288075742760819,0.171699164824626,,,,,,,,,
435,aligned,ITS,large_scale_comparison,Wald,-0.597837000755621,-0.35297007140827,-0.554600298830313,-0.151339843986226,0.102872565011247,,,,,,,,,
435,aligned,GAM,large_scale_comparison,Wald,-0.597837000755621,-0.323759280691769,-0.418082173933163,-0.229436387450375,0.04812392512316,,,,,,,,,
435,aligned,Aligned NB,large_scale_comparison,Wald,-0.597837000755621,-0.35215822859352,-0.553663870200934,-0.150652586986107,0.102809000820109,,,,,,,,,
436,aligned,ITS,large_scale_comparison,Wald,-0.597837000755621,-0.347193814047738,-0.567910121344029,-0.126477506751447,0.112610360865455,,,,,,,,,
436,aligned,GAM,large_scale_comparison,Wald,-0.597837000755621,-0.837540113675002,-0.943635543099109,-0.731444684250894,0.0541303211347488,,,,,,,,,
436,aligned,Aligned NB,large_scale_comparison,Wald,-0.597837000755621,-0.346356773258111,-0.566988802677209,-0.125724743839013,0.112567361948519,,,,,,,,,
437,aligned,ITS,large_scale_comparison,Wald,-0.597837000755621,-0.413909014653516,-0.70247272334035,-0.125345305966683,0.147226381983078,,,,,,,,,
437,aligned,GAM,large_scale_comparison,Wald,-0.597837000755621,-0.406580015515575,-0.512826968856348,-0.300333062174801,0.0542076292554967,,,,,,,,,
437,aligned,Aligned NB,large_scale_comparison,Wald,-0.597837000755621,-0.41229556225102,-0.700872961548102,-0.123718162953938,0.147233366988307,,,,,,,,,
438,aligned,ITS,large_scale_comparison,Wald,-0.597837000755621,-0.637603104926859,-0.875735113878495,-0.399471095975223,0.121495922934508,,,,,,,,,
438,aligned,GAM,large_scale_comparison,Wald,-0.597837000755621,-0.606943204739432,-0.705491421724866,-0.508394987753998,0.0502797025435887,,,,,,,,,
438,aligned,Aligned NB,large_scale_comparison,Wald,-0.597837000755621,-0.634404084468038,-0.87277584157523,-0.396032327360845,0.121618243422037,,,,,,,,,
439,aligned,ITS,large_scale_comparison,Wald,-0.597837000755621,-0.605739207615758,-1.09202484154274,-0.119453573688775,0.248104915268869,,,,,,,,,
439,aligned,GAM,large_scale_comparison,Wald,-0.597837000755621,-0.0519138248746588,-0.164817668066299,0.0609900183169816,0.0576040016283879,,,,,,,,,
439,aligned,Aligned NB,large_scale_comparison,Wald,-0.597837000755621,-0.605924307140134,-1.09300272847417,-0.118845885806102,0.248509398639812,,,,,,,,,
440,aligned,ITS,large_scale_comparison,Wald,-0.597837000755621,-0.628075383202042,-0.848195147833806,-0.407955618570277,0.112306002363145,,,,,,,,,
440,aligned,GAM,large_scale_comparison,Wald,-0.597837000755621,-0.410901899897953,-0.49874177642433,-0.323062023371576,0.0448162635338656,,,,,,,,,
440,aligned,Aligned NB,large_scale_comparison,Wald,-0.597837000755621,-0.626673285061903,-0.846986668052944,-0.406359902070862,0.112404787240327,,,,,,,,,
441,aligned,ITS,large_scale_comparison,Wald,-0.597837000755621,-0.0331973291833039,-0.337484057898377,0.271089399531769,0.155248330977078,,,,,,,,,
441,aligned,GAM,large_scale_comparison,Wald,-0.597837000755621,-0.38770055872999,-0.491831414478174,-0.283569702981807,0.0531279876266242,,,,,,,,,
441,aligned,Aligned NB,large_scale_comparison,Wald,-0.597837000755621,-0.0354365782505603,-0.340170177932661,0.26929702143154,0.155476326368419,,,,,,,,,
442,aligned,ITS,large_scale_comparison,Wald,-0.597837000755621,-0.824878338953941,-1.0962612022352,-0.553495475672686,0.138460644531253,,,,,,,,,
442,aligned,GAM,large_scale_comparison,Wald,-0.597837000755621,-0.692507958888018,-0.768618536870446,-0.616397380905591,0.0388319275420548,,,,,,,,,
442,aligned,Aligned NB,large_scale_comparison,Wald,-0.597837000755621,-0.822024839981348,-1.09358252119204,-0.550467158770656,0.138549837352394,,,,,,,,,
443,aligned,ITS,large_scale_comparison,Wald,-0.597837000755621,-0.483614446681065,-0.726191325990431,-0.2410375673717,0.12376371393335,,,,,,,,,
443,aligned,GAM,large_scale_comparison,Wald,-0.597837000755621,-0.362839686643347,-0.462481428259876,-0.263197945026818,0.0508376232737392,,,,,,,,,
443,aligned,Aligned NB,large_scale_comparison,Wald,-0.597837000755621,-0.487038804787434,-0.729434744646745,-0.244642864928123,0.123671397887404,,,,,,,,,
444,aligned,ITS,large_scale_comparison,Wald,-0.597837000755621,-0.706086526203821,-1.09213800825512,-0.320035044152525,0.196965041862906,,,,,,,,,
444,aligned,GAM,large_scale_comparison,Wald,-0.597837000755621,-0.848104258249938,-0.968263558493514,-0.727944958006361,0.0613057654303962,,,,,,,,,
444,aligned,Aligned NB,large_scale_comparison,Wald,-0.597837000755621,-0.707250997222545,-1.09339656809127,-0.321105426353825,0.197013046361592,,,,,,,,,
445,aligned,ITS,large_scale_comparison,Wald,-0.597837000755621,-0.519294533575653,-0.776860038059313,-0.261729029091993,0.131410971675337,,,,,,,,,
445,aligned,GAM,large_scale_comparison,Wald,-0.597837000755621,-1.1448885243593,-1.26554941211693,-1.02422763660167,0.0615616774273639,,,,,,,,,
445,aligned,Aligned NB,large_scale_comparison,Wald,-0.597837000755621,-0.519010385891582,-0.77652401514224,-0.261496756640924,0.131384504719723,,,,,,,,,
446,aligned,ITS,large_scale_comparison,Wald,-0.597837000755621,-0.704568240979086,-0.917787596943511,-0.491348885014662,0.108785385696135,,,,,,,,,
446,aligned,GAM,large_scale_comparison,Wald,-0.597837000755621,-0.464239647800188,-0.546243326668229,-0.382235968932146,0.0418386116673681,,,,,,,,,
446,aligned,Aligned NB,large_scale_comparison,Wald,-0.597837000755621,-0.701173470086477,-0.914425483754777,-0.487921456418178,0.108802047789949,,,,,,,,,
447,aligned,ITS,large_scale_comparison,Wald,-0.597837000755621,-0.70398766114974,-0.979299096533278,-0.428676225766203,0.140465018052825,,,,,,,,,
447,aligned,GAM,large_scale_comparison,Wald,-0.597837000755621,-0.507160387219825,-0.581384658191677,-0.432936116247974,0.0378695260060466,,,,,,,,,
447,aligned,Aligned NB,large_scale_comparison,Wald,-0.597837000755621,-0.699478832460477,-0.974800278590251,-0.424157386330703,0.140470125576415,,,,,,,,,
448,aligned,ITS,large_scale_comparison,Wald,-0.597837000755621,-0.50202624113761,-0.854003312154305,-0.150049170120915,0.179580138273824,,,,,,,,,
448,aligned,GAM,large_scale_comparison,Wald,-0.597837000755621,-0.286186344761258,-0.388973323067327,-0.183399366455189,0.0524423358704433,,,,,,,,,
448,aligned,Aligned NB,large_scale_comparison,Wald,-0.597837000755621,-0.499330791772464,-0.851827713622664,-0.146833869922264,0.179845368290918,,,,,,,,,
449,aligned,ITS,large_scale_comparison,Wald,-0.597837000755621,-0.289728287018495,-0.564787819066506,-0.0146687549704842,0.140336495942863,,,,,,,,,
449,aligned,GAM,large_scale_comparison,Wald,-0.597837000755621,-0.742717295879799,-0.850396757518005,-0.635037834241594,0.0549385008358192,,,,,,,,,
449,aligned,Aligned NB,large_scale_comparison,Wald,-0.597837000755621,-0.290610491184328,-0.56599010700701,-0.0152308753616471,0.140499803991164,,,,,,,,,
450,aligned,ITS,large_scale_comparison,Wald,-0.597837000755621,-0.723143500919899,-1.03650730254585,-0.40977969929395,0.159879490625484,,,,,,,,,
450,aligned,GAM,large_scale_comparison,Wald,-0.597837000755621,-0.47802463064329,-0.54474207233952,-0.411307188947059,0.0340395110695055,,,,,,,,,
450,aligned,Aligned NB,large_scale_comparison,Wald,-0.597837000755621,-0.724114405810549,-1.03761830717174,-0.410610504449356,0.159950970082242,,,,,,,,,
451,aligned,ITS,large_scale_comparison,Wald,-0.597837000755621,-0.386352291206085,-0.869227803677032,0.096523221264862,0.246365057383136,,,,,,,,,
451,aligned,GAM,large_scale_comparison,Wald,-0.597837000755621,-0.62804513211775,-0.741152362791172,-0.514937901444328,0.057707770751746,,,,,,,,,
451,aligned,Aligned NB,large_scale_comparison,Wald,-0.597837000755621,-0.384341117812943,-0.867324174336477,0.0986419387105907,0.246419926797721,,,,,,,,,
452,aligned,ITS,large_scale_comparison,Wald,-0.597837000755621,-0.716518415769293,-1.02040685429454,-0.412629977244043,0.155045121696556,,,,,,,,,
452,aligned,GAM,large_scale_comparison,Wald,-0.597837000755621,-0.67261336917137,-0.783233386453524,-0.561993351889216,0.0564387843276296,,,,,,,,,
452,aligned,Aligned NB,large_scale_comparison,Wald,-0.597837000755621,-0.714573995237608,-1.01866809711043,-0.41047989336479,0.155150051975928,,,,,,,,,
453,aligned,ITS,large_scale_comparison,Wald,-0.597837000755621,-0.6027578841063,-0.872104276016342,-0.333411492196257,0.137421628525532,,,,,,,,,
453,aligned,GAM,large_scale_comparison,Wald,-0.597837000755621,-0.553920229876458,-0.627781120187428,-0.480059339565487,0.0376841277096786,,,,,,,,,
453,aligned,Aligned NB,large_scale_comparison,Wald,-0.597837000755621,-0.602640802454859,-0.871326965857221,-0.333954639052496,0.137084777246103,,,,,,,,,
454,aligned,ITS,large_scale_comparison,Wald,-0.597837000755621,-0.522649723266054,-0.755170901347858,-0.29012854518425,0.118633254123369,,,,,,,,,
454,aligned,GAM,large_scale_comparison,Wald,-0.597837000755621,-0.219138286669164,-0.314091989790708,-0.12418458354762,0.0484457668987468,,,,,,,,,
454,aligned,Aligned NB,large_scale_comparison,Wald,-0.597837000755621,-0.524265124388329,-0.756709776504918,-0.29182047227174,0.118594210263566,,,,,,,,,
455,aligned,ITS,large_scale_comparison,Wald,-0.597837000755621,-0.576957709259572,-0.915358910302955,-0.238556508216188,0.172653674001726,,,,,,,,,
455,aligned,GAM,large_scale_comparison,Wald,-0.597837000755621,-0.672306438134055,-0.782238145561618,-0.562374730706491,0.0560876058303894,,,,,,,,,
455,aligned,Aligned NB,large_scale_comparison,Wald,-0.597837000755621,-0.573133792473064,-0.911884700966737,-0.234382883979391,0.172832096170241,,,,,,,,,
456,aligned,ITS,large_scale_comparison,Wald,-0.597837000755621,-0.701612131334592,-0.973937539022541,-0.429286723646644,0.138941534534668,,,,,,,,,
456,aligned,GAM,large_scale_comparison,Wald,-0.597837000755621,-0.673623019883835,-0.779594246098055,-0.567651793669615,0.0540669521501122,,,,,,,,,
456,aligned,Aligned NB,large_scale_comparison,Wald,-0.597837000755621,-0.702163940721108,-0.974467794972446,-0.429860086469769,0.138930537883336,,,,,,,,,
457,aligned,ITS,large_scale_comparison,Wald,-0.597837000755621,-0.44649933191975,-0.716709345378088,-0.176289318461411,0.137862251764458,,,,,,,,,
457,aligned,GAM,large_scale_comparison,Wald,-0.597837000755621,-0.555843498379383,-0.630826330077103,-0.480860666681664,0.0382565467845506,,,,,,,,,
457,aligned,Aligned NB,large_scale_comparison,Wald,-0.597837000755621,-0.448306883470058,-0.718363057189458,-0.178250709750658,0.137783762101735,,,,,,,,,
458,aligned,ITS,large_scale_comparison,Wald,-0.597837000755621,-0.574878904201496,-0.781848519239355,-0.367909289163638,0.105596742366254,,,,,,,,,
458,aligned,GAM,large_scale_comparison,Wald,-0.597837000755621,-0.449355374213856,-0.521733529657571,-0.376977218770141,0.0369276303284258,,,,,,,,,
458,aligned,Aligned NB,large_scale_comparison,Wald,-0.597837000755621,-0.57371787314622,-0.780584925762842,-0.366850820529597,0.105544414600317,,,,,,,,,
459,aligned,ITS,large_scale_comparison,Wald,-0.597837000755621,-0.896004926409754,-1.20471465927053,-0.587295193548973,0.157504965745296,,,,,,,,,
459,aligned,GAM,large_scale_comparison,Wald,-0.597837000755621,-0.878143706393428,-0.994588301893214,-0.761699110893642,0.0594105079080542,,,,,,,,,
459,aligned,Aligned NB,large_scale_comparison,Wald,-0.597837000755621,-0.897511494964728,-1.20613824890863,-0.588884741020827,0.157462629563215,,,,,,,,,
460,aligned,ITS,large_scale_comparison,Wald,-0.597837000755621,-0.57497504759475,-0.829928662878517,-0.320021432310982,0.130078375144779,,,,,,,,,
460,aligned,GAM,large_scale_comparison,Wald,-0.597837000755621,-0.699714541593078,-0.782839102796147,-0.616589980390009,0.0424104904097291,,,,,,,,,
460,aligned,Aligned NB,large_scale_comparison,Wald,-0.597837000755621,-0.572911480776656,-0.827854112112557,-0.317968849440755,0.130072771089745,,,,,,,,,
461,aligned,ITS,large_scale_comparison,Wald,-0.597837000755621,-0.439626876489874,-0.718491237351163,-0.160762515628585,0.142277735133311,,,,,,,,,
461,aligned,GAM,large_scale_comparison,Wald,-0.597837000755621,-0.225249630890947,-0.324781253011133,-0.125718008770761,0.0507814398572377,,,,,,,,,
461,aligned,Aligned NB,large_scale_comparison,Wald,-0.597837000755621,-0.438128969493813,-0.71713903987039,-0.159118899117235,0.142352076722744,,,,,,,,,
462,aligned,ITS,large_scale_comparison,Wald,-0.597837000755621,-0.83591920078287,-1.09331396479175,-0.578524436773992,0.131323859188203,,,,,,,,,
462,aligned,GAM,large_scale_comparison,Wald,-0.597837000755621,-0.548117957161045,-0.651867940896995,-0.444367973425095,0.0529336651714031,,,,,,,,,
462,aligned,Aligned NB,large_scale_comparison,Wald,-0.597837000755621,-0.834560076493891,-1.09210088717015,-0.577019265817632,0.131398372794009,,,,,,,,,
463,aligned,ITS,large_scale_comparison,Wald,-0.597837000755621,-0.847371233380075,-1.16498567372686,-0.529756793033288,0.162048183850402,,,,,,,,,
463,aligned,GAM,large_scale_comparison,Wald,-0.597837000755621,-0.523265441344972,-0.632232354136853,-0.414298528553091,0.0555953636693271,,,,,,,,,
463,aligned,Aligned NB,large_scale_comparison,Wald,-0.597837000755621,-0.85035484426102,-1.16805909217462,-0.532650596347418,0.162094004037552,,,,,,,,,
464,aligned,ITS,large_scale_comparison,Wald,-0.597837000755621,-0.566365406080944,-0.873480997346,-0.259249814815888,0.156691628196457,,,,,,,,,
464,aligned,GAM,large_scale_comparison,Wald,-0.597837000755621,-0.670388017452589,-0.751921552508725,-0.588854482396453,0.0415987423755794,,,,,,,,,
464,aligned,Aligned NB,large_scale_comparison,Wald,-0.597837000755621,-0.563302959376765,-0.870512993783218,-0.256092924970312,0.15673981347268,,,,,,,,,
465,aligned,ITS,large_scale_comparison,Wald,-0.597837000755621,-0.591948647676514,-0.880223665907554,-0.303673629445474,0.147079090934204,,,,,,,,,
465,aligned,GAM,large_scale_comparison,Wald,-0.597837000755621,-0.835103216435655,-0.945805720637452,-0.724400712233857,0.056480869490713,,,,,,,,,
465,aligned,Aligned NB,large_scale_comparison,Wald,-0.597837000755621,-0.594052716953224,-0.882356819371364,-0.305748614535084,0.147093929805173,,,,,,,,,
466,aligned,ITS,large_scale_comparison,Wald,-0.597837000755621,-0.600156539107576,-0.807037306053866,-0.393275772161286,0.105551411707291,,,,,,,,,
466,aligned,GAM,large_scale_comparison,Wald,-0.597837000755621,-0.658563125523249,-0.757058363656439,-0.560067887390059,0.0502526725169339,,,,,,,,,
466,aligned,Aligned NB,large_scale_comparison,Wald,-0.597837000755621,-0.600101024078221,-0.807034493123654,-0.393167555032788,0.105578300533384,,,,,,,,,
467,aligned,ITS,large_scale_comparison,Wald,-0.597837000755621,-0.800642290749405,-1.00750412745378,-0.593780454045029,0.1055417534206,,,,,,,,,
467,aligned,GAM,large_scale_comparison,Wald,-0.597837000755621,-0.630925417247715,-0.695243205642631,-0.566607628852799,0.0328151981606715,,,,,,,,,
467,aligned,Aligned NB,large_scale_comparison,Wald,-0.597837000755621,-0.797478034736658,-1.00457596201247,-0.590380107460842,0.105662207793784,,,,,,,,,
468,aligned,ITS,large_scale_comparison,Wald,-0.597837000755621,-0.257624065611218,-0.615273489378302,0.100025358155865,0.182474195799532,,,,,,,,,
468,aligned,GAM,large_scale_comparison,Wald,-0.597837000755621,-0.010034787058339,-0.110514056201198,0.0904444820845198,0.0512649332361525,,,,,,,,,
468,aligned,Aligned NB,large_scale_comparison,Wald,-0.597837000755621,-0.254905165001026,-0.611472078285097,0.101661748283045,0.181921894532689,,,,,,,,,
469,aligned,ITS,large_scale_comparison,Wald,-0.597837000755621,-0.603290880373009,-0.84042433592013,-0.366157424825888,0.120986456911796,,,,,,,,,
469,aligned,GAM,large_scale_comparison,Wald,-0.597837000755621,-0.320600494032639,-0.421278320950263,-0.219922667115015,0.0513662382232775,,,,,,,,,
469,aligned,Aligned NB,large_scale_comparison,Wald,-0.597837000755621,-0.59727398044535,-0.835154045187715,-0.359393915702985,0.121367379970594,,,,,,,,,
470,aligned,ITS,large_scale_comparison,Wald,-0.597837000755621,-0.815738495646449,-1.19778152464161,-0.433695466651288,0.194919912752633,,,,,,,,,
470,aligned,GAM,large_scale_comparison,Wald,-0.597837000755621,-1.10299021746134,-1.21884502190681,-0.987135413015876,0.0591095941048313,,,,,,,,,
470,aligned,Aligned NB,large_scale_comparison,Wald,-0.597837000755621,-0.812424715860705,-1.19444657536438,-0.430402856357031,0.194909111991671,,,,,,,,,
471,aligned,ITS,large_scale_comparison,Wald,-0.597837000755621,-0.455471807877527,-0.714763581017219,-0.196180034737834,0.132291720989639,,,,,,,,,
471,aligned,GAM,large_scale_comparison,Wald,-0.597837000755621,-0.468267945393645,-0.544259456164854,-0.392276434622436,0.0387711789649023,,,,,,,,,
471,aligned,Aligned NB,large_scale_comparison,Wald,-0.597837000755621,-0.45637895663026,-0.715716614977168,-0.197041298283351,0.132315131809647,,,,,,,,,
472,aligned,ITS,large_scale_comparison,Wald,-0.597837000755621,-0.45764213114115,-0.681747765099326,-0.233536497182973,0.114339609162335,,,,,,,,,
472,aligned,GAM,large_scale_comparison,Wald,-0.597837000755621,-0.426082346571224,-0.516539390041651,-0.335625303100797,0.0461515527910341,,,,,,,,,
472,aligned,Aligned NB,large_scale_comparison,Wald,-0.597837000755621,-0.455002789843347,-0.679184039406375,-0.230821540280318,0.114378188552566,,,,,,,,,
473,aligned,ITS,large_scale_comparison,Wald,-0.597837000755621,-0.630432140560335,-0.908194569953998,-0.352669711166672,0.141715525200849,,,,,,,,,
473,aligned,GAM,large_scale_comparison,Wald,-0.597837000755621,-0.553869367620997,-0.643024637629875,-0.464714097612119,0.0454873826575908,,,,,,,,,
473,aligned,Aligned NB,large_scale_comparison,Wald,-0.597837000755621,-0.631505684832688,-0.909088092708463,-0.353923276956913,0.14162367748764,,,,,,,,,
474,aligned,ITS,large_scale_comparison,Wald,-0.597837000755621,-0.571785897345306,-0.817691503594372,-0.32588029109624,0.125462044004626,,,,,,,,,
474,aligned,GAM,large_scale_comparison,Wald,-0.597837000755621,-0.599498051912486,-0.666029104191196,-0.532966999633776,0.0339444144279133,,,,,,,,,
474,aligned,Aligned NB,large_scale_comparison,Wald,-0.597837000755621,-0.572894829356421,-0.818813197833955,-0.326976460878887,0.12546855534568,,,,,,,,,
475,aligned,ITS,large_scale_comparison,Wald,-0.597837000755621,-0.796014209594451,-1.13769607853095,-0.45433234065795,0.174327484151276,,,,,,,,,
475,aligned,GAM,large_scale_comparison,Wald,-0.597837000755621,-0.74428834460007,-0.822762499467804,-0.665814189732336,0.0400378341161908,,,,,,,,,
475,aligned,Aligned NB,large_scale_comparison,Wald,-0.597837000755621,-0.796301667273485,-1.13804772807674,-0.454555606470232,0.1743602351037,,,,,,,,,
476,aligned,ITS,large_scale_comparison,Wald,-0.597837000755621,-0.675869117261416,-0.928867286213539,-0.422870948309292,0.129080698444961,,,,,,,,,
476,aligned,GAM,large_scale_comparison,Wald,-0.597837000755621,-0.502096134684799,-0.616857178073543,-0.387335091296056,0.0585515527493589,,,,,,,,,
476,aligned,Aligned NB,large_scale_comparison,Wald,-0.597837000755621,-0.675783449992147,-0.928372583820647,-0.423194316163648,0.128872007055357,,,,,,,,,
477,aligned,ITS,large_scale_comparison,Wald,-0.597837000755621,-0.52440241209528,-0.773275390324251,-0.275529433866309,0.126976009300495,,,,,,,,,
477,aligned,GAM,large_scale_comparison,Wald,-0.597837000755621,-0.681251673641306,-0.7859206063785,-0.576582740904111,0.0534025167026501,,,,,,,,,
477,aligned,Aligned NB,large_scale_comparison,Wald,-0.597837000755621,-0.522016088440432,-0.771026739872621,-0.273005437008243,0.127046250730709,,,,,,,,,
478,aligned,ITS,large_scale_comparison,Wald,-0.597837000755621,-0.487650380525834,-0.782741126852568,-0.192559634199101,0.150556503227925,,,,,,,,,
478,aligned,GAM,large_scale_comparison,Wald,-0.597837000755621,-0.493336118471996,-0.607211219517897,-0.379461017426095,0.0580995413499495,,,,,,,,,
478,aligned,Aligned NB,large_scale_comparison,Wald,-0.597837000755621,-0.490647095119663,-0.786398011531892,-0.194896178707434,0.150893324700117,,,,,,,,,
479,aligned,ITS,large_scale_comparison,Wald,-0.597837000755621,-0.587755418772075,-0.795786870985832,-0.379723966558318,0.106138496027427,,,,,,,,,
479,aligned,GAM,large_scale_comparison,Wald,-0.597837000755621,-0.662517861395821,-0.765175323801251,-0.55986039899039,0.0523762563293014,,,,,,,,,
479,aligned,Aligned NB,large_scale_comparison,Wald,-0.597837000755621,-0.585109554368626,-0.793074975565598,-0.377144133171654,0.106104806733149,,,,,,,,,
480,aligned,ITS,large_scale_comparison,Wald,-0.597837000755621,-0.570742553021826,-0.812331433924928,-0.329153672118723,0.123259633113828,,,,,,,,,
480,aligned,GAM,large_scale_comparison,Wald,-0.597837000755621,-0.265600168488323,-0.365307874753342,-0.165892462223304,0.0508712787066423,,,,,,,,,
480,aligned,Aligned NB,large_scale_comparison,Wald,-0.597837000755621,-0.570673982367613,-0.812274682555036,-0.329073282180189,0.12326566336093,,,,,,,,,
481,aligned,ITS,large_scale_comparison,Wald,-0.597837000755621,-0.810717164393396,-1.05721142229551,-0.564222906491286,0.125762376480669,,,,,,,,,
481,aligned,GAM,large_scale_comparison,Wald,-0.597837000755621,-0.468321845158249,-0.57543908191459,-0.361204608401907,0.0546516514062965,,,,,,,,,
481,aligned,Aligned NB,large_scale_comparison,Wald,-0.597837000755621,-0.808780533545773,-1.05539579468552,-0.562165272406028,0.125824112826401,,,,,,,,,
482,aligned,ITS,large_scale_comparison,Wald,-0.597837000755621,-0.51675336447333,-0.812461643240763,-0.221045085705898,0.150871570799711,,,,,,,,,
482,aligned,GAM,large_scale_comparison,Wald,-0.597837000755621,-0.650694719141184,-0.726395355424631,-0.574994082857737,0.0386227736140036,,,,,,,,,
482,aligned,Aligned NB,large_scale_comparison,Wald,-0.597837000755621,-0.514138760879173,-0.810225950545517,-0.218051571212829,0.15106489268691,,,,,,,,,
483,aligned,ITS,large_scale_comparison,Wald,-0.597837000755621,-0.60774038036846,-0.90104215250267,-0.31443860823425,0.149643761292964,,,,,,,,,
483,aligned,GAM,large_scale_comparison,Wald,-0.597837000755621,-0.578591241984823,-0.689549208598169,-0.467633275371477,0.0566112074557889,,,,,,,,,
483,aligned,Aligned NB,large_scale_comparison,Wald,-0.597837000755621,-0.608073925613314,-0.901339352428306,-0.314808498798321,0.149625217762752,,,,,,,,,
484,aligned,ITS,large_scale_comparison,Wald,-0.597837000755621,-0.587085754534136,-0.780249783882307,-0.393921725185964,0.0985530761980465,,,,,,,,,
484,aligned,GAM,large_scale_comparison,Wald,-0.597837000755621,-0.337638612736594,-0.419821532700294,-0.255455692772895,0.0419300612059691,,,,,,,,,
484,aligned,Aligned NB,large_scale_comparison,Wald,-0.597837000755621,-0.589012736992466,-0.782028328910639,-0.395997145074292,0.0984773428153947,,,,,,,,,
485,aligned,ITS,large_scale_comparison,Wald,-0.597837000755621,-0.621855895697443,-0.886978358755339,-0.356733432639548,0.135266562784641,,,,,,,,,
485,aligned,GAM,large_scale_comparison,Wald,-0.597837000755621,-0.608526648596961,-0.718319173198674,-0.498734123995247,0.0560165941845477,,,,,,,,,
485,aligned,Aligned NB,large_scale_comparison,Wald,-0.597837000755621,-0.620269979925085,-0.885424412125144,-0.355115547725026,0.135282873571459,,,,,,,,,
486,aligned,ITS,large_scale_comparison,Wald,-0.597837000755621,-0.893710270240262,-1.35259121262402,-0.434829327856502,0.234122929787633,,,,,,,,,
486,aligned,GAM,large_scale_comparison,Wald,-0.597837000755621,-0.627336541815745,-0.734531399288086,-0.520141684343403,0.0546912538124192,,,,,,,,,
486,aligned,Aligned NB,large_scale_comparison,Wald,-0.597837000755621,-0.895152076122876,-1.35411177487569,-0.436192377370063,0.234163111608578,,,,,,,,,
487,aligned,ITS,large_scale_comparison,Wald,-0.597837000755621,-0.405025048940791,-0.662951815054095,-0.147098282827487,0.131595288833318,,,,,,,,,
487,aligned,GAM,large_scale_comparison,Wald,-0.597837000755621,-0.444399919549346,-0.510408519413357,-0.378391319685335,0.0336778570734751,,,,,,,,,
487,aligned,Aligned NB,large_scale_comparison,Wald,-0.597837000755621,-0.404523309053106,-0.66252844713164,-0.146518170974571,0.131635274529864,,,,,,,,,
488,aligned,ITS,large_scale_comparison,Wald,-0.597837000755621,-0.685253424607533,-1.08631585124254,-0.284190997972522,0.204623687058679,,,,,,,,,
488,aligned,GAM,large_scale_comparison,Wald,-0.597837000755621,-0.0858079804465619,-0.199126553140422,0.0275105922472978,0.0578155983131937,,,,,,,,,
488,aligned,Aligned NB,large_scale_comparison,Wald,-0.597837000755621,-0.681419100463797,-1.08293026793976,-0.279907932987829,0.204852636467331,,,,,,,,,
489,aligned,ITS,large_scale_comparison,Wald,-0.597837000755621,-0.661671252340779,-0.898165717736038,-0.425176786945519,0.120660441528194,,,,,,,,,
489,aligned,GAM,large_scale_comparison,Wald,-0.597837000755621,-0.71137425492815,-0.824709890346959,-0.598038619509342,0.0578243037851063,,,,,,,,,
489,aligned,Aligned NB,large_scale_comparison,Wald,-0.597837000755621,-0.660673374256582,-0.896667419129106,-0.424679329384058,0.120405124934961,,,,,,,,,
490,aligned,ITS,large_scale_comparison,Wald,-0.597837000755621,-0.504983940562971,-0.753756043021551,-0.256211838104391,0.126924542070704,,,,,,,,,
490,aligned,GAM,large_scale_comparison,Wald,-0.597837000755621,-0.365931295221078,-0.467839226738277,-0.264023363703879,0.0519938426108157,,,,,,,,,
490,aligned,Aligned NB,large_scale_comparison,Wald,-0.597837000755621,-0.507276365946484,-0.756234411777329,-0.25831832011564,0.127019411138186,,,,,,,,,
491,aligned,ITS,large_scale_comparison,Wald,-0.597837000755621,-0.887329616959964,-1.22449289832619,-0.550166335593738,0.172022082329708,,,,,,,,,
491,aligned,GAM,large_scale_comparison,Wald,-0.597837000755621,-0.526824071689525,-0.621419898538924,-0.432228244840126,0.0482631769639789,,,,,,,,,
491,aligned,Aligned NB,large_scale_comparison,Wald,-0.597837000755621,-0.886898502264321,-1.22411878649824,-0.549678218030404,0.172051165425468,,,,,,,,,
492,aligned,ITS,large_scale_comparison,Wald,-0.597837000755621,-0.953117702334873,-1.24302312642445,-0.663212278245293,0.147910930657949,,,,,,,,,
492,aligned,GAM,large_scale_comparison,Wald,-0.597837000755621,-0.582162703244282,-0.679500276418107,-0.484825130070457,0.0496620271295027,,,,,,,,,
492,aligned,Aligned NB,large_scale_comparison,Wald,-0.597837000755621,-0.949045375763466,-1.23946226475628,-0.65862848677065,0.148171882139192,,,,,,,,,
493,aligned,ITS,large_scale_comparison,Wald,-0.597837000755621,-0.708354931322809,-1.03281411048441,-0.383895752161211,0.165540397531427,,,,,,,,,
493,aligned,GAM,large_scale_comparison,Wald,-0.597837000755621,-0.255405976911908,-0.365804700826349,-0.145007252997468,0.0563258795481838,,,,,,,,,
493,aligned,Aligned NB,large_scale_comparison,Wald,-0.597837000755621,-0.704930830950564,-1.02954072097761,-0.380320940923513,0.165617290830128,,,,,,,,,
494,aligned,ITS,large_scale_comparison,Wald,-0.597837000755621,-0.998440641594289,-1.3832421944742,-0.613639088714373,0.196327322897916,,,,,,,,,
494,aligned,GAM,large_scale_comparison,Wald,-0.597837000755621,-0.306978916963877,-0.417951694627002,-0.196006139300752,0.0566187641138395,,,,,,,,,
494,aligned,Aligned NB,large_scale_comparison,Wald,-0.597837000755621,-0.998421279253673,-1.38323777734526,-0.61360478116209,0.19633494800591,,,,,,,,,
495,aligned,ITS,large_scale_comparison,Wald,-0.597837000755621,-0.391846442660766,-0.619456268059571,-0.164236617261961,0.116127461938166,,,,,,,,,
495,aligned,GAM,large_scale_comparison,Wald,-0.597837000755621,-0.426479813862337,-0.493967027345827,-0.358992600378847,0.0344322517772907,,,,,,,,,
495,aligned,Aligned NB,large_scale_comparison,Wald,-0.597837000755621,-0.394988115523024,-0.622252182605896,-0.167724048440151,0.115951054634119,,,,,,,,,
496,aligned,ITS,large_scale_comparison,Wald,-0.597837000755621,-0.454366419442819,-0.734703850569473,-0.174028988316166,0.143029301595231,,,,,,,,,
496,aligned,GAM,large_scale_comparison,Wald,-0.597837000755621,-0.543304698310113,-0.634888448612695,-0.45172094800753,0.0467264032156033,,,,,,,,,
496,aligned,Aligned NB,large_scale_comparison,Wald,-0.597837000755621,-0.447017839718789,-0.72830667043934,-0.165729008998237,0.143514709551302,,,,,,,,,
497,aligned,ITS,large_scale_comparison,Wald,-0.597837000755621,-0.205410907031111,-0.773976349292169,0.363154535229948,0.290084409316867,,,,,,,,,
497,aligned,GAM,large_scale_comparison,Wald,-0.597837000755621,-0.697706240525793,-0.817200191489498,-0.578212289562089,0.060966301512094,,,,,,,,,
497,aligned,Aligned NB,large_scale_comparison,Wald,-0.597837000755621,-0.212278141442785,-0.781234075874648,0.356677792989077,0.290283640016256,,,,,,,,,
498,aligned,ITS,large_scale_comparison,Wald,-0.597837000755621,-0.638582202537288,-0.95295131105836,-0.324213094016215,0.16039240230667,,,,,,,,,
498,aligned,GAM,large_scale_comparison,Wald,-0.597837000755621,-0.746308945847308,-0.827744334237736,-0.664873557456881,0.0415486675461363,,,,,,,,,
498,aligned,Aligned NB,large_scale_comparison,Wald,-0.597837000755621,-0.638529898414774,-0.952959133359159,-0.324100663470389,0.160423079053258,,,,,,,,,
499,aligned,ITS,large_scale_comparison,Wald,-0.597837000755621,-0.498733490958219,-0.867425789050397,-0.130041192866042,0.188108315353152,,,,,,,,,
499,aligned,GAM,large_scale_comparison,Wald,-0.597837000755621,-0.801154937537888,-0.917077013553535,-0.685232861522241,0.0591439163345137,,,,,,,,,
499,aligned,Aligned NB,large_scale_comparison,Wald,-0.597837000755621,-0.501329198586756,-0.870219452098258,-0.132438945075254,0.188209313016072,,,,,,,,,
500,aligned,ITS,large_scale_comparison,Wald,-0.597837000755621,-0.642385411073868,-0.95261942594802,-0.332151396199715,0.158282660650078,,,,,,,,,
500,aligned,GAM,large_scale_comparison,Wald,-0.597837000755621,-0.477412256168845,-0.548993471510257,-0.405831040827434,0.0365210282354139,,,,,,,,,
500,aligned,Aligned NB,large_scale_comparison,Wald,-0.597837000755621,-0.642037469639049,-0.95201650651931,-0.332058432758789,0.158152569836868,,,,,,,,,
1,phase_shift,ITS,large_scale_comparison,Wald,-0.597837000755621,-0.636411094992115,-1.04244178384033,-0.230380406143904,0.207158514718475,,,,,,,,,
1,phase_shift,GAM,large_scale_comparison,Wald,-0.597837000755621,-0.349942612995383,-0.478683123398986,-0.22120210259178,0.0656839338793894,,,,,,,,,
1,phase_shift,Aligned NB,large_scale_comparison,Wald,-0.597837000755621,-0.698940569291284,-1.08933849207589,-0.30854264650668,0.199182613665615,,,,,,,,,
2,phase_shift,ITS,large_scale_comparison,Wald,-0.597837000755621,-0.426389646214073,-0.625384233317664,-0.227395059110482,0.101527850563057,,,,,,,,,
2,phase_shift,GAM,large_scale_comparison,Wald,-0.597837000755621,-0.587182944032042,-0.65337652689516,-0.520989361168925,0.0337722361546518,,,,,,,,,
2,phase_shift,Aligned NB,large_scale_comparison,Wald,-0.597837000755621,-0.44624970852715,-0.642121226694958,-0.250378190359342,0.0999344480448,,,,,,,,,
3,phase_shift,ITS,large_scale_comparison,Wald,-0.597837000755621,-0.811092169206094,-1.02602565785279,-0.596158680559397,0.10965994318709,,,,,,,,,
3,phase_shift,GAM,large_scale_comparison,Wald,-0.597837000755621,-0.721867134642857,-0.809823810208738,-0.633910459076976,0.0448758548805514,,,,,,,,,
3,phase_shift,Aligned NB,large_scale_comparison,Wald,-0.597837000755621,-0.837735059923384,-1.04994364735305,-0.625526472493715,0.108269687464117,,,,,,,,,
4,phase_shift,ITS,large_scale_comparison,Wald,-0.597837000755621,-0.774219279994291,-1.07581356083348,-0.472624999155104,0.153874633081218,,,,,,,,,
4,phase_shift,GAM,large_scale_comparison,Wald,-0.597837000755621,-0.449023754225739,-0.537902579273177,-0.360144929178302,0.045346339309917,,,,,,,,,
4,phase_shift,Aligned NB,large_scale_comparison,Wald,-0.597837000755621,-0.904218564615322,-1.19147595631443,-0.61696117291621,0.146559893724037,,,,,,,,,
5,phase_shift,ITS,large_scale_comparison,Wald,-0.597837000755621,-0.620769643522833,-0.90736414522544,-0.334175141820226,0.146221684542146,,,,,,,,,
5,phase_shift,GAM,large_scale_comparison,Wald,-0.597837000755621,-0.519706933450757,-0.624445835253915,-0.4149680316476,0.0534382152056925,,,,,,,,,
5,phase_shift,Aligned NB,large_scale_comparison,Wald,-0.597837000755621,-0.670253728243423,-0.949801310906199,-0.390706145580646,0.14262631768509,,,,,,,,,
6,phase_shift,ITS,large_scale_comparison,Wald,-0.597837000755621,-0.348906150253756,-0.53902630100741,-0.158785999500102,0.0970000769151295,,,,,,,,,
6,phase_shift,GAM,large_scale_comparison,Wald,-0.597837000755621,-0.38243263990982,-0.442939003172606,-0.321926276647034,0.0308705935014214,,,,,,,,,
6,phase_shift,Aligned NB,large_scale_comparison,Wald,-0.597837000755621,-0.350143890915418,-0.539629703630645,-0.16065807820019,0.0966764350587896,,,,,,,,,
7,phase_shift,ITS,large_scale_comparison,Wald,-0.597837000755621,-0.618138697165436,-0.855415290696562,-0.380862103634309,0.121059486495473,,,,,,,,,
7,phase_shift,GAM,large_scale_comparison,Wald,-0.597837000755621,-0.610648332305886,-0.716332040406675,-0.504964624205097,0.0539202592350964,,,,,,,,,
7,phase_shift,Aligned NB,large_scale_comparison,Wald,-0.597837000755621,-0.659523019141865,-0.887579219558701,-0.43146681872503,0.116355204294304,,,,,,,,,
8,phase_shift,ITS,large_scale_comparison,Wald,-0.597837000755621,-0.458274812364856,-0.739469847039141,-0.177079777690571,0.143466854425656,,,,,,,,,
8,phase_shift,GAM,large_scale_comparison,Wald,-0.597837000755621,-0.579402432802768,-0.68542297902637,-0.473381886579166,0.0540921154202051,,,,,,,,,
8,phase_shift,Aligned NB,large_scale_comparison,Wald,-0.597837000755621,-0.540666907856707,-0.804705628607689,-0.276628187105724,0.134713633036216,,,,,,,,,
9,phase_shift,ITS,large_scale_comparison,Wald,-0.597837000755621,-0.628275904552549,-0.976826161165072,-0.279725647940026,0.177831763577818,,,,,,,,,
9,phase_shift,GAM,large_scale_comparison,Wald,-0.597837000755621,-0.755739256209886,-0.852786340682905,-0.658692171736866,0.0495138186086832,,,,,,,,,
9,phase_shift,Aligned NB,large_scale_comparison,Wald,-0.597837000755621,-0.637062726315933,-0.984205871446121,-0.289919581185746,0.177113849556218,,,,,,,,,
10,phase_shift,ITS,large_scale_comparison,Wald,-0.597837000755621,-0.970500782762042,-1.31838851892665,-0.62261304659743,0.177493742941128,,,,,,,,,
10,phase_shift,GAM,large_scale_comparison,Wald,-0.597837000755621,-0.542718998053613,-0.65851403267503,-0.426923963432197,0.0590790992966409,,,,,,,,,
10,phase_shift,Aligned NB,large_scale_comparison,Wald,-0.597837000755621,-1.05901374746133,-1.39849141306744,-0.719536081855217,0.173202890615363,,,,,,,,,
11,phase_shift,ITS,large_scale_comparison,Wald,-0.597837000755621,-0.34666042976944,-0.532538175195169,-0.160782684343712,0.0948355844008818,,,,,,,,,
11,phase_shift,GAM,large_scale_comparison,Wald,-0.597837000755621,-0.375954950897109,-0.466518942389629,-0.285390959404589,0.0462061181084284,,,,,,,,,
11,phase_shift,Aligned NB,large_scale_comparison,Wald,-0.597837000755621,-0.353573354559526,-0.537658373868742,-0.16948833525031,0.0939209282189878,,,,,,,,,
12,phase_shift,ITS,large_scale_comparison,Wald,-0.597837000755621,-0.827125041570599,-1.14601035251381,-0.50823973062739,0.162696587215923,,,,,,,,,
12,phase_shift,GAM,large_scale_comparison,Wald,-0.597837000755621,-0.870938059316887,-0.991712037100702,-0.750164081533072,0.0616193764203139,,,,,,,,,
12,phase_shift,Aligned NB,large_scale_comparison,Wald,-0.597837000755621,-0.842287181864882,-1.15835121634908,-0.526223147380687,0.16125716045112,,,,,,,,,
13,phase_shift,ITS,large_scale_comparison,Wald,-0.597837000755621,-0.331063497651095,-0.526001271230764,-0.136125724071425,0.0994580477447293,,,,,,,,,
13,phase_shift,GAM,large_scale_comparison,Wald,-0.597837000755621,-0.553682775759451,-0.627386915533188,-0.479978635985714,0.037604152945784,,,,,,,,,
13,phase_shift,Aligned NB,large_scale_comparison,Wald,-0.597837000755621,-0.366223921341426,-0.554078745042077,-0.178369097640775,0.0958442978064546,,,,,,,,,
14,phase_shift,ITS,large_scale_comparison,Wald,-0.597837000755621,-0.594073475892961,-0.905512984123413,-0.282633967662508,0.158897708280843,,,,,,,,,
14,phase_shift,GAM,large_scale_comparison,Wald,-0.597837000755621,-0.418668373788845,-0.511118574640634,-0.326218172937057,0.0471684698223412,,,,,,,,,
14,phase_shift,Aligned NB,large_scale_comparison,Wald,-0.597837000755621,-0.603104179427694,-0.913076138437934,-0.293132220417454,0.158148958678694,,,,,,,,,
15,phase_shift,ITS,large_scale_comparison,Wald,-0.597837000755621,-0.385595133617495,-0.63845973239146,-0.132730534843531,0.12901255039488,,,,,,,,,
15,phase_shift,GAM,large_scale_comparison,Wald,-0.597837000755621,-0.327402341491076,-0.428667653729807,-0.226137029252346,0.0516659756320055,,,,,,,,,
15,phase_shift,Aligned NB,large_scale_comparison,Wald,-0.597837000755621,-0.393576029146302,-0.641483097651487,-0.145668960641116,0.126483198216931,,,,,,,,,
16,phase_shift,ITS,large_scale_comparison,Wald,-0.597837000755621,-0.709134340388428,-1.08637589484451,-0.331892785932346,0.19247018084494,,,,,,,,,
16,phase_shift,GAM,large_scale_comparison,Wald,-0.597837000755621,-0.668607585707428,-0.754002320279359,-0.583212851135497,0.0435687421285363,,,,,,,,,
16,phase_shift,Aligned NB,large_scale_comparison,Wald,-0.597837000755621,-0.73160531973873,-1.10330522872709,-0.359905410750372,0.189642810708346,,,,,,,,,
17,phase_shift,ITS,large_scale_comparison,Wald,-0.597837000755621,-0.164543223015313,-0.500578899501269,0.171492453470643,0.171446773717325,,,,,,,,,
17,phase_shift,GAM,large_scale_comparison,Wald,-0.597837000755621,-0.37633368037799,-0.491376412895132,-0.261290947860848,0.0586952716924195,,,,,,,,,
17,phase_shift,Aligned NB,large_scale_comparison,Wald,-0.597837000755621,-0.166399283219873,-0.497940153548634,0.165141587108888,0.169153505269776,,,,,,,,,
18,phase_shift,ITS,large_scale_comparison,Wald,-0.597837000755621,-0.216155083169216,-0.512533985621107,0.0802238192826752,0.151213725740761,,,,,,,,,
18,phase_shift,GAM,large_scale_comparison,Wald,-0.597837000755621,-0.459456053294489,-0.556826436120905,-0.362085670468073,0.0496787667481715,,,,,,,,,
18,phase_shift,Aligned NB,large_scale_comparison,Wald,-0.597837000755621,-0.256000145012821,-0.540796488504717,0.0287961984790754,0.14530425688362,,,,,,,,,
19,phase_shift,ITS,large_scale_comparison,Wald,-0.597837000755621,-0.756198942429371,-1.07982066159732,-0.432577223261423,0.165113122024463,,,,,,,,,
19,phase_shift,GAM,large_scale_comparison,Wald,-0.597837000755621,-0.422912497220165,-0.52947929875515,-0.31634569568518,0.0543708171096862,,,,,,,,,
19,phase_shift,Aligned NB,large_scale_comparison,Wald,-0.597837000755621,-0.804272848159667,-1.12065816361404,-0.487887532705298,0.161421079313454,,,,,,,,,
20,phase_shift,ITS,large_scale_comparison,Wald,-0.597837000755621,-0.549028573968895,-0.89740746508576,-0.20064968285203,0.177744332202482,,,,,,,,,
20,phase_shift,GAM,large_scale_comparison,Wald,-0.597837000755621,-0.377771626116422,-0.486148211503708,-0.269395040729137,0.0552941762180029,,,,,,,,,
20,phase_shift,Aligned NB,large_scale_comparison,Wald,-0.597837000755621,-0.630040637985675,-0.96322744209852,-0.296853833872829,0.169993267404513,,,,,,,,,
21,phase_shift,ITS,large_scale_comparison,Wald,-0.597837000755621,-0.51900406555136,-0.825698304128994,-0.212309826973725,0.156476652335528,,,,,,,,,
21,phase_shift,GAM,large_scale_comparison,Wald,-0.597837000755621,-0.343320651864584,-0.415208651005281,-0.271432652723887,0.0366775505819884,,,,,,,,,
21,phase_shift,Aligned NB,large_scale_comparison,Wald,-0.597837000755621,-0.523156086673349,-0.826522727429791,-0.219789445916908,0.154778898345123,,,,,,,,,
22,phase_shift,ITS,large_scale_comparison,Wald,-0.597837000755621,-1.08599957024765,-1.43116807367783,-0.740831066817474,0.17610637930111,,,,,,,,,
22,phase_shift,GAM,large_scale_comparison,Wald,-0.597837000755621,-0.598809956031582,-0.698818977484537,-0.498800934578626,0.0510250109453856,,,,,,,,,
22,phase_shift,Aligned NB,large_scale_comparison,Wald,-0.597837000755621,-1.23736448766842,-1.56959238955478,-0.905136585782065,0.169504031574671,,,,,,,,,
23,phase_shift,ITS,large_scale_comparison,Wald,-0.597837000755621,-0.648496050202383,-0.867165485168176,-0.429826615236591,0.111566038247853,,,,,,,,,
23,phase_shift,GAM,large_scale_comparison,Wald,-0.597837000755621,-0.800195059341424,-0.913716497521175,-0.686673621161673,0.0579191011121178,,,,,,,,,
23,phase_shift,Aligned NB,large_scale_comparison,Wald,-0.597837000755621,-0.666444209907998,-0.882592690425372,-0.450295729390624,0.11027983699866,,,,,,,,,
24,phase_shift,ITS,large_scale_comparison,Wald,-0.597837000755621,-0.849932547191701,-1.15233247679341,-0.547532617589993,0.154285678368218,,,,,,,,,
24,phase_shift,GAM,large_scale_comparison,Wald,-0.597837000755621,-0.494389303852694,-0.60161302532671,-0.387165582378678,0.0547059803438856,,,,,,,,,
24,phase_shift,Aligned NB,large_scale_comparison,Wald,-0.597837000755621,-0.860921171566672,-1.16270690782857,-0.559135435304775,0.153972314419335,,,,,,,,,
25,phase_shift,ITS,large_scale_comparison,Wald,-0.597837000755621,-0.611141536157356,-0.87472303082521,-0.347560041489501,0.134480354422375,,,,,,,,,
25,phase_shift,GAM,large_scale_comparison,Wald,-0.597837000755621,-0.418400223419901,-0.521235417326125,-0.315565029513677,0.0524669356664407,,,,,,,,,
25,phase_shift,Aligned NB,large_scale_comparison,Wald,-0.597837000755621,-0.637767696471098,-0.896316205721947,-0.379219187220249,0.131912504719821,,,,,,,,,
26,phase_shift,ITS,large_scale_comparison,Wald,-0.597837000755621,-0.350407540200938,-0.669128901779375,-0.0316861786225006,0.162612939580835,,,,,,,,,
26,phase_shift,GAM,large_scale_comparison,Wald,-0.597837000755621,-0.39372600021906,-0.512404405508491,-0.275047594929629,0.0605502067803218,,,,,,,,,
26,phase_shift,Aligned NB,large_scale_comparison,Wald,-0.597837000755621,-0.38335330551034,-0.692912290188897,-0.0737943208317831,0.15793825748906,,,,,,,,,
27,phase_shift,ITS,large_scale_comparison,Wald,-0.597837000755621,-1.08286299281336,-1.43344694700219,-0.732279038624534,0.178869364382054,,,,,,,,,
27,phase_shift,GAM,large_scale_comparison,Wald,-0.597837000755621,-0.320942777644956,-0.412841554876033,-0.229044000413878,0.0468871312403457,,,,,,,,,
27,phase_shift,Aligned NB,large_scale_comparison,Wald,-0.597837000755621,-1.11135719775193,-1.45619792192163,-0.766516473582225,0.175939144984541,,,,,,,,,
28,phase_shift,ITS,large_scale_comparison,Wald,-0.597837000755621,-0.429589016851752,-0.722840712404777,-0.136337321298726,0.14961821201685,,,,,,,,,
28,phase_shift,GAM,large_scale_comparison,Wald,-0.597837000755621,-0.409496954903865,-0.505162846704258,-0.313831063103472,0.0488091284695883,,,,,,,,,
28,phase_shift,Aligned NB,large_scale_comparison,Wald,-0.597837000755621,-0.438190135667883,-0.728872279248414,-0.147507992087353,0.148307216112516,,,,,,,,,
29,phase_shift,ITS,large_scale_comparison,Wald,-0.597837000755621,-0.426443979630519,-0.810685150780474,-0.0422028084805632,0.196041413852018,,,,,,,,,
29,phase_shift,GAM,large_scale_comparison,Wald,-0.597837000755621,-0.652676831116784,-0.760734709259034,-0.544618952974535,0.0551315704807395,,,,,,,,,
29,phase_shift,Aligned NB,large_scale_comparison,Wald,-0.597837000755621,-0.48094282208976,-0.855224106121386,-0.106661538058135,0.190959838791646,,,,,,,,,
30,phase_shift,ITS,large_scale_comparison,Wald,-0.597837000755621,-0.74202201535564,-1.00654997652351,-0.477494054187774,0.134963245493809,,,,,,,,,
30,phase_shift,GAM,large_scale_comparison,Wald,-0.597837000755621,-0.458573264959263,-0.558348888028823,-0.358797641889702,0.050905930137531,,,,,,,,,
30,phase_shift,Aligned NB,large_scale_comparison,Wald,-0.597837000755621,-0.742659450698702,-1.00683890862583,-0.478479992771575,0.134785437717922,,,,,,,,,
31,phase_shift,ITS,large_scale_comparison,Wald,-0.597837000755621,-0.540314747271888,-0.846369936613393,-0.234259557930384,0.15615060680689,,,,,,,,,
31,phase_shift,GAM,large_scale_comparison,Wald,-0.597837000755621,-0.566805670883316,-0.652399731682319,-0.481211610084313,0.0436704391831647,,,,,,,,,
31,phase_shift,Aligned NB,large_scale_comparison,Wald,-0.597837000755621,-0.615127901980312,-0.906062910736953,-0.324192893223671,0.14843622895747,,,,,,,,,
32,phase_shift,ITS,large_scale_comparison,Wald,-0.597837000755621,-0.783277496645476,-1.07157953305047,-0.494975460240483,0.147092875716833,,,,,,,,,
32,phase_shift,GAM,large_scale_comparison,Wald,-0.597837000755621,-0.431740159935331,-0.530548426460083,-0.332931893410579,0.0504123808799753,,,,,,,,,
32,phase_shift,Aligned NB,large_scale_comparison,Wald,-0.597837000755621,-0.803533157851369,-1.08992832198011,-0.517137993722629,0.146119981698337,,,,,,,,,
33,phase_shift,ITS,large_scale_comparison,Wald,-0.597837000755621,-0.691126729868722,-0.927465545592298,-0.454787914145147,0.120581028430396,,,,,,,,,
33,phase_shift,GAM,large_scale_comparison,Wald,-0.597837000755621,-0.63973254395675,-0.740807191641995,-0.538657896271505,0.0515686977985944,,,,,,,,,
33,phase_shift,Aligned NB,large_scale_comparison,Wald,-0.597837000755621,-0.790144453547331,-1.02065592760806,-0.559632979486603,0.117607894928943,,,,,,,,,
34,phase_shift,ITS,large_scale_comparison,Wald,-0.597837000755621,-0.934567612588914,-1.21997117910185,-0.64916404607598,0.145614064547416,,,,,,,,,
34,phase_shift,GAM,large_scale_comparison,Wald,-0.597837000755621,-0.487194350966357,-0.600310905058645,-0.374077796874069,0.0577125275981061,,,,,,,,,
34,phase_shift,Aligned NB,large_scale_comparison,Wald,-0.597837000755621,-0.998591080767286,-1.2768214590335,-0.720360702501073,0.141954274625619,,,,,,,,,
35,phase_shift,ITS,large_scale_comparison,Wald,-0.597837000755621,-0.472658659772029,-0.725759530500894,-0.219557789043163,0.129133097310646,,,,,,,,,
35,phase_shift,GAM,large_scale_comparison,Wald,-0.597837000755621,-0.633118674538662,-0.72578446885827,-0.540452880219054,0.0472784664895959,,,,,,,,,
35,phase_shift,Aligned NB,large_scale_comparison,Wald,-0.597837000755621,-0.485655643972675,-0.736463310476944,-0.234847977468405,0.12796309515524,,,,,,,,,
36,phase_shift,ITS,large_scale_comparison,Wald,-0.597837000755621,-0.706853665262227,-0.94357523923515,-0.470132091289304,0.120776313251491,,,,,,,,,
36,phase_shift,GAM,large_scale_comparison,Wald,-0.597837000755621,-0.211400837593218,-0.312143422494632,-0.110658252691804,0.0513992780109255,,,,,,,,,
36,phase_shift,Aligned NB,large_scale_comparison,Wald,-0.597837000755621,-0.725468452394964,-0.959569891108372,-0.491367013681555,0.119439509547657,,,,,,,,,
37,phase_shift,ITS,large_scale_comparison,Wald,-0.597837000755621,-0.420915700343278,-0.706436565458079,-0.135394835228477,0.145673910772858,,,,,,,,,
37,phase_shift,GAM,large_scale_comparison,Wald,-0.597837000755621,-0.233863956739012,-0.337575062010754,-0.13015285146727,0.0529138292202765,,,,,,,,,
37,phase_shift,Aligned NB,large_scale_comparison,Wald,-0.597837000755621,-0.450953606954015,-0.728599200843695,-0.173308013064336,0.141655915249837,,,,,,,,,
38,phase_shift,ITS,large_scale_comparison,Wald,-0.597837000755621,-0.816970608998359,-1.11455795134683,-0.519383266649885,0.151830276708405,,,,,,,,,
38,phase_shift,GAM,large_scale_comparison,Wald,-0.597837000755621,-0.312689708113761,-0.379891233454787,-0.245488182772735,0.0342864925209317,,,,,,,,,
38,phase_shift,Aligned NB,large_scale_comparison,Wald,-0.597837000755621,-0.877072225569206,-1.16838518994028,-0.58575926119813,0.148629063454631,,,,,,,,,
39,phase_shift,ITS,large_scale_comparison,Wald,-0.597837000755621,-0.279795173500407,-0.443631913480405,-0.115958433520409,0.0835901734591825,,,,,,,,,
39,phase_shift,GAM,large_scale_comparison,Wald,-0.597837000755621,-0.492341659346715,-0.568247708374696,-0.416435610318734,0.0387275760346843,,,,,,,,,
39,phase_shift,Aligned NB,large_scale_comparison,Wald,-0.597837000755621,-0.287174906235088,-0.449561681140639,-0.124788131329536,0.0828503953599751,,,,,,,,,
40,phase_shift,ITS,large_scale_comparison,Wald,-0.597837000755621,-0.691188894863751,-0.975594294945636,-0.406783494781866,0.145104795960145,,,,,,,,,
40,phase_shift,GAM,large_scale_comparison,Wald,-0.597837000755621,-0.705740739287234,-0.81559089843085,-0.595890580143618,0.0560459995630694,,,,,,,,,
40,phase_shift,Aligned NB,large_scale_comparison,Wald,-0.597837000755621,-0.711791886530601,-0.995432174472548,-0.428151598588654,0.144714432623442,,,,,,,,,
41,phase_shift,ITS,large_scale_comparison,Wald,-0.597837000755621,-0.461923639217423,-0.706965691230929,-0.216881587203918,0.125021455108932,,,,,,,,,
41,phase_shift,GAM,large_scale_comparison,Wald,-0.597837000755621,-0.315662127578653,-0.381857881713888,-0.249466373443419,0.0337733439465483,,,,,,,,,
41,phase_shift,Aligned NB,large_scale_comparison,Wald,-0.597837000755621,-0.493383755575902,-0.734235675863945,-0.252531835287859,0.122883632800022,,,,,,,,,
42,phase_shift,ITS,large_scale_comparison,Wald,-0.597837000755621,-0.512406080812892,-0.737864088791425,-0.286948072834359,0.115029595907415,,,,,,,,,
42,phase_shift,GAM,large_scale_comparison,Wald,-0.597837000755621,-0.329691023524342,-0.395596843949288,-0.263785203099395,0.0336254185841563,,,,,,,,,
42,phase_shift,Aligned NB,large_scale_comparison,Wald,-0.597837000755621,-0.533965951762584,-0.755964595352533,-0.311967308172634,0.113264614076505,,,,,,,,,
43,phase_shift,ITS,large_scale_comparison,Wald,-0.597837000755621,-0.725702116839361,-1.06539828140383,-0.386005952274892,0.17331436967575,,,,,,,,,
43,phase_shift,GAM,large_scale_comparison,Wald,-0.597837000755621,-0.465386522488946,-0.564797113549965,-0.365975931427927,0.0507196893168465,,,,,,,,,
43,phase_shift,Aligned NB,large_scale_comparison,Wald,-0.597837000755621,-0.811584235779505,-1.14010388507,-0.483064586489005,0.167612065964541,,,,,,,,,
44,phase_shift,ITS,large_scale_comparison,Wald,-0.597837000755621,-0.0567153215071597,-0.284135410836214,0.170704767821895,0.116030657820946,,,,,,,,,
44,phase_shift,GAM,large_scale_comparison,Wald,-0.597837000755621,-0.463470342459188,-0.558858057931733,-0.368082626986642,0.0486672017717068,,,,,,,,,
44,phase_shift,Aligned NB,large_scale_comparison,Wald,-0.597837000755621,-0.0561808481990336,-0.283178481567441,0.170816785169374,0.115815119065514,,,,,,,,,
45,phase_shift,ITS,large_scale_comparison,Wald,-0.597837000755621,-0.148746439994238,-0.443812528956435,0.14631964896796,0.150543922939897,,,,,,,,,
45,phase_shift,GAM,large_scale_comparison,Wald,-0.597837000755621,-0.424244051951906,-0.510498376302241,-0.33798972760157,0.0440073083420078,,,,,,,,,
45,phase_shift,Aligned NB,large_scale_comparison,Wald,-0.597837000755621,-0.176477782083782,-0.459620053117282,0.106664488949718,0.144460342364031,,,,,,,,,
46,phase_shift,ITS,large_scale_comparison,Wald,-0.597837000755621,-0.587355469984417,-0.825524490969492,-0.349186448999342,0.121514806625038,,,,,,,,,
46,phase_shift,GAM,large_scale_comparison,Wald,-0.597837000755621,-0.620058949614383,-0.731239535948124,-0.508878363280641,0.0567247889457863,,,,,,,,,
46,phase_shift,Aligned NB,large_scale_comparison,Wald,-0.597837000755621,-0.632681281208104,-0.864830540670178,-0.40053202174603,0.118443499725548,,,,,,,,,
47,phase_shift,ITS,large_scale_comparison,Wald,-0.597837000755621,-0.622652397871679,-0.849128943451857,-0.396175852291501,0.11554925794907,,,,,,,,,
47,phase_shift,GAM,large_scale_comparison,Wald,-0.597837000755621,-0.477638377550308,-0.574644642129834,-0.380632112970783,0.0494929921324109,,,,,,,,,
47,phase_shift,Aligned NB,large_scale_comparison,Wald,-0.597837000755621,-0.640262436617365,-0.864677997018609,-0.41584687621612,0.114497734898594,,,,,,,,,
48,phase_shift,ITS,large_scale_comparison,Wald,-0.597837000755621,-0.444012330020474,-0.680677680299845,-0.207346979741103,0.120747627693557,,,,,,,,,
48,phase_shift,GAM,large_scale_comparison,Wald,-0.597837000755621,-0.598175127138629,-0.705507180806869,-0.490843073470388,0.0547612518715513,,,,,,,,,
48,phase_shift,Aligned NB,large_scale_comparison,Wald,-0.597837000755621,-0.46257880888932,-0.693277172559196,-0.231880445219444,0.117703246770345,,,,,,,,,
49,phase_shift,ITS,large_scale_comparison,Wald,-0.597837000755621,-0.413574767156734,-0.687239329959352,-0.139910204354115,0.139624776940111,,,,,,,,,
49,phase_shift,GAM,large_scale_comparison,Wald,-0.597837000755621,-0.443237094395081,-0.516449614636965,-0.370024574153196,0.0373533266540228,,,,,,,,,
49,phase_shift,Aligned NB,large_scale_comparison,Wald,-0.597837000755621,-0.439112180619559,-0.708259042745822,-0.169965318493297,0.13731982761544,,,,,,,,,
50,phase_shift,ITS,large_scale_comparison,Wald,-0.597837000755621,-0.776682663109426,-1.13356323082969,-0.419802095389167,0.182081922306255,,,,,,,,,
50,phase_shift,GAM,large_scale_comparison,Wald,-0.597837000755621,-0.640680176424113,-0.741723894574985,-0.539636458273241,0.0515529174239143,,,,,,,,,
50,phase_shift,Aligned NB,large_scale_comparison,Wald,-0.597837000755621,-0.790621732466964,-1.14396645787814,-0.437277007055785,0.180277921128152,,,,,,,,,
51,phase_shift,ITS,large_scale_comparison,Wald,-0.597837000755621,-0.871109735887098,-1.10572884036982,-0.636490631404371,0.119703624736085,,,,,,,,,
51,phase_shift,GAM,large_scale_comparison,Wald,-0.597837000755621,-0.528528265058822,-0.618331746728168,-0.438724783389476,0.0458181028925234,,,,,,,,,
51,phase_shift,Aligned NB,large_scale_comparison,Wald,-0.597837000755621,-0.88727808305619,-1.11945264829955,-0.655103517812826,0.118456410838451,,,,,,,,,
52,phase_shift,ITS,large_scale_comparison,Wald,-0.597837000755621,-0.922752104723057,-1.25725836146827,-0.588245847977844,0.170666457523068,,,,,,,,,
52,phase_shift,GAM,large_scale_comparison,Wald,-0.597837000755621,-0.758380148738314,-0.853633701393533,-0.663126596083095,0.0485987513547038,,,,,,,,,
52,phase_shift,Aligned NB,large_scale_comparison,Wald,-0.597837000755621,-0.992367996789796,-1.31602078653619,-0.6687152070434,0.165128974360406,,,,,,,,,
53,phase_shift,ITS,large_scale_comparison,Wald,-0.597837000755621,-0.472500666571635,-0.82135926330195,-0.123642069841321,0.177989079964446,,,,,,,,,
53,phase_shift,GAM,large_scale_comparison,Wald,-0.597837000755621,-0.424135440422826,-0.528330929185212,-0.319939951660441,0.0531609636542782,,,,,,,,,
53,phase_shift,Aligned NB,large_scale_comparison,Wald,-0.597837000755621,-0.512872419378487,-0.853054434043532,-0.172690404713441,0.173562252380125,,,,,,,,,
54,phase_shift,ITS,large_scale_comparison,Wald,-0.597837000755621,-0.817073228795088,-1.14705891154107,-0.48708754604911,0.168360042217336,,,,,,,,,
54,phase_shift,GAM,large_scale_comparison,Wald,-0.597837000755621,-0.445203685979933,-0.550549516023803,-0.339857855936063,0.0537478724713623,,,,,,,,,
54,phase_shift,Aligned NB,large_scale_comparison,Wald,-0.597837000755621,-0.818763267980057,-1.14575742084355,-0.491769115116561,0.166833751460967,,,,,,,,,
55,phase_shift,ITS,large_scale_comparison,Wald,-0.597837000755621,-0.539991342918524,-0.805403822700666,-0.274578863136382,0.135414530501093,,,,,,,,,
55,phase_shift,GAM,large_scale_comparison,Wald,-0.597837000755621,-0.509591844447682,-0.626434898512235,-0.392748790383128,0.0596138030941601,,,,,,,,,
55,phase_shift,Aligned NB,large_scale_comparison,Wald,-0.597837000755621,-0.542346387820799,-0.798852132121629,-0.28584064351997,0.130870277704505,,,,,,,,,
56,phase_shift,ITS,large_scale_comparison,Wald,-0.597837000755621,-0.39301098958484,-0.711642064588489,-0.0743799145811907,0.162566875001862,,,,,,,,,
56,phase_shift,GAM,large_scale_comparison,Wald,-0.597837000755621,-0.198122001702483,-0.307850719593317,-0.0883932838116502,0.055984039740221,,,,,,,,,
56,phase_shift,Aligned NB,large_scale_comparison,Wald,-0.597837000755621,-0.418329960562701,-0.729011651139952,-0.10764826998545,0.158511066621046,,,,,,,,,
57,phase_shift,ITS,large_scale_comparison,Wald,-0.597837000755621,-0.806178482948457,-1.11545314437416,-0.49690382152275,0.157793194604952,,,,,,,,,
57,phase_shift,GAM,large_scale_comparison,Wald,-0.597837000755621,-0.570988056054125,-0.660432655300137,-0.481543456808112,0.0456349996153126,,,,,,,,,
57,phase_shift,Aligned NB,large_scale_comparison,Wald,-0.597837000755621,-0.825192445231006,-1.13198261788876,-0.51840227257325,0.156525598294773,,,,,,,,,
58,phase_shift,ITS,large_scale_comparison,Wald,-0.597837000755621,-0.80645328506283,-1.04938532206448,-0.563521248061182,0.123944916837576,,,,,,,,,
58,phase_shift,GAM,large_scale_comparison,Wald,-0.597837000755621,-0.734441356759618,-0.811215730629797,-0.657666982889439,0.0391705989133567,,,,,,,,,
58,phase_shift,Aligned NB,large_scale_comparison,Wald,-0.597837000755621,-0.82843120893488,-1.06808321152273,-0.588779206347034,0.122271429891759,,,,,,,,,
59,phase_shift,ITS,large_scale_comparison,Wald,-0.597837000755621,-0.984806190285519,-1.27739941073408,-0.692212969836953,0.149282255330901,,,,,,,,,
59,phase_shift,GAM,large_scale_comparison,Wald,-0.597837000755621,-0.433317346079772,-0.545631149817244,-0.3210035423423,0.0573029610905468,,,,,,,,,
59,phase_shift,Aligned NB,large_scale_comparison,Wald,-0.597837000755621,-0.998539609859402,-1.28928326246794,-0.707795957250861,0.148338598269664,,,,,,,,,
60,phase_shift,ITS,large_scale_comparison,Wald,-0.597837000755621,-0.455022320298134,-0.856778225446436,-0.0532664151498322,0.204977502626685,,,,,,,,,
60,phase_shift,GAM,large_scale_comparison,Wald,-0.597837000755621,-0.286315240970747,-0.405122917820244,-0.16750756412125,0.0606161616579066,,,,,,,,,
60,phase_shift,Aligned NB,large_scale_comparison,Wald,-0.597837000755621,-0.481854364138649,-0.880201150462647,-0.0835075778146508,0.203238156287754,,,,,,,,,
61,phase_shift,ITS,large_scale_comparison,Wald,-0.597837000755621,-0.641199422685278,-0.918463600099754,-0.363935245270803,0.141461315007385,,,,,,,,,
61,phase_shift,GAM,large_scale_comparison,Wald,-0.597837000755621,-0.571822204947953,-0.654135284824386,-0.489509125071521,0.0419964693247103,,,,,,,,,
61,phase_shift,Aligned NB,large_scale_comparison,Wald,-0.597837000755621,-0.669004277234636,-0.943160931066858,-0.394847623402413,0.13987584379195,,,,,,,,,
62,phase_shift,ITS,large_scale_comparison,Wald,-0.597837000755621,-0.452113512904318,-0.649430745650444,-0.254796280158193,0.100672057523533,,,,,,,,,
62,phase_shift,GAM,large_scale_comparison,Wald,-0.597837000755621,-0.418935340331306,-0.509982744820619,-0.327887935841994,0.0464527573925064,,,,,,,,,
62,phase_shift,Aligned NB,large_scale_comparison,Wald,-0.597837000755621,-0.471061218355837,-0.66699311652056,-0.275129320191114,0.099965254165675,,,,,,,,,
63,phase_shift,ITS,large_scale_comparison,Wald,-0.597837000755621,-0.654435082624074,-1.03392126160112,-0.27494890364703,0.193615397437267,,,,,,,,,
63,phase_shift,GAM,large_scale_comparison,Wald,-0.597837000755621,-0.644874870975397,-0.761042649995607,-0.528707091955188,0.0592692750103109,,,,,,,,,
63,phase_shift,Aligned NB,large_scale_comparison,Wald,-0.597837000755621,-0.736426406084368,-1.10633499827988,-0.366517813888852,0.188728873569141,,,,,,,,,
64,phase_shift,ITS,large_scale_comparison,Wald,-0.597837000755621,-0.585756818206632,-0.811794799747379,-0.359718836665885,0.115325500786095,,,,,,,,,
64,phase_shift,GAM,large_scale_comparison,Wald,-0.597837000755621,-0.370953720230188,-0.462322262599668,-0.279585177860707,0.0466166032497348,,,,,,,,,
64,phase_shift,Aligned NB,large_scale_comparison,Wald,-0.597837000755621,-0.676545708632999,-0.894424914382063,-0.458666502883934,0.111162860076053,,,,,,,,,
65,phase_shift,ITS,large_scale_comparison,Wald,-0.597837000755621,-0.230781896043517,-0.449042377887149,-0.0125214141998843,0.111357388695731,,,,,,,,,
65,phase_shift,GAM,large_scale_comparison,Wald,-0.597837000755621,-0.388502611153409,-0.483705476055975,-0.293299746250843,0.0485728902564114,,,,,,,,,
65,phase_shift,Aligned NB,large_scale_comparison,Wald,-0.597837000755621,-0.230664876215304,-0.445685935207603,-0.0156438172230058,0.109704621934846,,,,,,,,,
66,phase_shift,ITS,large_scale_comparison,Wald,-0.597837000755621,-0.465008388646862,-0.898419998448048,-0.0315967788456772,0.221128372347544,,,,,,,,,
66,phase_shift,GAM,large_scale_comparison,Wald,-0.597837000755621,-0.539785681707099,-0.618943982134517,-0.460627381279681,0.0403868879731726,,,,,,,,,
66,phase_shift,Aligned NB,large_scale_comparison,Wald,-0.597837000755621,-0.528196859670273,-0.951327494008548,-0.105066225331998,0.215882976703201,,,,,,,,,
67,phase_shift,ITS,large_scale_comparison,Wald,-0.597837000755621,-0.685798801881162,-0.905714405642922,-0.465883198119402,0.112201838653959,,,,,,,,,
67,phase_shift,GAM,large_scale_comparison,Wald,-0.597837000755621,-0.837122221163719,-0.935011342830247,-0.73923309949719,0.0499434294216982,,,,,,,,,
67,phase_shift,Aligned NB,large_scale_comparison,Wald,-0.597837000755621,-0.697242823357453,-0.914513570527303,-0.479972076187603,0.110852422025434,,,,,,,,,
68,phase_shift,ITS,large_scale_comparison,Wald,-0.597837000755621,-0.163946420121896,-0.50697098627583,0.179078146032038,0.175012533752007,,,,,,,,,
68,phase_shift,GAM,large_scale_comparison,Wald,-0.597837000755621,-0.546997686841466,-0.650517205502718,-0.443478168180214,0.0528160809496185,,,,,,,,,
68,phase_shift,Aligned NB,large_scale_comparison,Wald,-0.597837000755621,-0.176092888661559,-0.506433617763239,0.154247840440122,0.168541188317184,,,,,,,,,
69,phase_shift,ITS,large_scale_comparison,Wald,-0.597837000755621,-0.443678574030451,-0.747957546877562,-0.139399601183339,0.155244373901587,,,,,,,,,
69,phase_shift,GAM,large_scale_comparison,Wald,-0.597837000755621,-0.653879363268376,-0.724755754402329,-0.583002972134424,0.0361614240479349,,,,,,,,,
69,phase_shift,Aligned NB,large_scale_comparison,Wald,-0.597837000755621,-0.459478573429871,-0.761551905324649,-0.157405241535093,0.154119046885091,,,,,,,,,
70,phase_shift,ITS,large_scale_comparison,Wald,-0.597837000755621,-0.660386857399638,-0.886816649144546,-0.43395706565473,0.115525403951484,,,,,,,,,
70,phase_shift,GAM,large_scale_comparison,Wald,-0.597837000755621,-0.432141510154679,-0.539816423482531,-0.324466596826827,0.0549361802693122,,,,,,,,,
70,phase_shift,Aligned NB,large_scale_comparison,Wald,-0.597837000755621,-0.670091611161551,-0.895160078044445,-0.445023144278656,0.114830850450456,,,,,,,,,
71,phase_shift,ITS,large_scale_comparison,Wald,-0.597837000755621,-0.513040721298954,-0.808910417955995,-0.217171024641912,0.150953926865838,,,,,,,,,
71,phase_shift,GAM,large_scale_comparison,Wald,-0.597837000755621,-0.560290308377541,-0.648143288049926,-0.472437328705157,0.044822948812441,,,,,,,,,
71,phase_shift,Aligned NB,large_scale_comparison,Wald,-0.597837000755621,-0.530849607451203,-0.822191554987283,-0.239507659915124,0.148643850783714,,,,,,,,,
72,phase_shift,ITS,large_scale_comparison,Wald,-0.597837000755621,-0.814690095199327,-1.11950806841577,-0.509872121982883,0.155519374090023,,,,,,,,,
72,phase_shift,GAM,large_scale_comparison,Wald,-0.597837000755621,-0.608995039592716,-0.719489805587543,-0.498500273597889,0.0563748806096055,,,,,,,,,
72,phase_shift,Aligned NB,large_scale_comparison,Wald,-0.597837000755621,-0.871621002223177,-1.16481602662197,-0.578425977824379,0.149589298162652,,,,,,,,,
73,phase_shift,ITS,large_scale_comparison,Wald,-0.597837000755621,-0.618096685830498,-1.02366038296319,-0.212532988697811,0.206920253639126,,,,,,,,,
73,phase_shift,GAM,large_scale_comparison,Wald,-0.597837000755621,-0.55059612170369,-0.629730267886474,-0.471461975520905,0.0403745643789716,,,,,,,,,
73,phase_shift,Aligned NB,large_scale_comparison,Wald,-0.597837000755621,-0.630474347089661,-1.03388054538659,-0.227068148792728,0.205819488927007,,,,,,,,,
74,phase_shift,ITS,large_scale_comparison,Wald,-0.597837000755621,-0.426445753926314,-0.613672240391767,-0.23921926746086,0.0955237175844148,,,,,,,,,
74,phase_shift,GAM,large_scale_comparison,Wald,-0.597837000755621,-0.444975275049387,-0.534074081411063,-0.355876468687711,0.0454585746743243,,,,,,,,,
74,phase_shift,Aligned NB,large_scale_comparison,Wald,-0.597837000755621,-0.497350042479474,-0.678495931796373,-0.316204153162575,0.0924213721004585,,,,,,,,,
75,phase_shift,ITS,large_scale_comparison,Wald,-0.597837000755621,-0.694188009210467,-0.947304794900705,-0.441071223520229,0.129141217188897,,,,,,,,,
75,phase_shift,GAM,large_scale_comparison,Wald,-0.597837000755621,-0.604131529740014,-0.67831812931833,-0.529944930161698,0.0378503059073041,,,,,,,,,
75,phase_shift,Aligned NB,large_scale_comparison,Wald,-0.597837000755621,-0.734989250507266,-0.984247553892888,-0.485730947121644,0.127172603768175,,,,,,,,,
76,phase_shift,ITS,large_scale_comparison,Wald,-0.597837000755621,-0.646035330439155,-0.939683091824559,-0.352387569053751,0.149820286421125,,,,,,,,,
76,phase_shift,GAM,large_scale_comparison,Wald,-0.597837000755621,-0.733830825221755,-0.845246461001338,-0.622415189442172,0.0568447121324403,,,,,,,,,
76,phase_shift,Aligned NB,large_scale_comparison,Wald,-0.597837000755621,-0.671391841652979,-0.96096309132983,-0.381820591976128,0.147740433508597,,,,,,,,,
77,phase_shift,ITS,large_scale_comparison,Wald,-0.597837000755621,-0.557144561464229,-0.81093512984301,-0.303353993085448,0.129484983866725,,,,,,,,,
77,phase_shift,GAM,large_scale_comparison,Wald,-0.597837000755621,-0.182406547548013,-0.29330870236729,-0.0715043927287361,0.0565827320506514,,,,,,,,,
77,phase_shift,Aligned NB,large_scale_comparison,Wald,-0.597837000755621,-0.566793763727676,-0.818361396221752,-0.315226131233601,0.128350832905141,,,,,,,,,
78,phase_shift,ITS,large_scale_comparison,Wald,-0.597837000755621,-0.767114618746287,-1.17196407511393,-0.362265162378649,0.20655584508553,,,,,,,,,
78,phase_shift,GAM,large_scale_comparison,Wald,-0.597837000755621,-0.405143481771199,-0.477540583415642,-0.332746380126756,0.0369372967573689,,,,,,,,,
78,phase_shift,Aligned NB,large_scale_comparison,Wald,-0.597837000755621,-0.826824404939657,-1.22262280375155,-0.431026006127768,0.201937958577494,,,,,,,,,
79,phase_shift,ITS,large_scale_comparison,Wald,-0.597837000755621,-0.331857141537372,-0.541367545319602,-0.122346737755142,0.106893063154199,,,,,,,,,
79,phase_shift,GAM,large_scale_comparison,Wald,-0.597837000755621,-0.239162326269025,-0.337468240103956,-0.140856412434093,0.05015607848721,,,,,,,,,
79,phase_shift,Aligned NB,large_scale_comparison,Wald,-0.597837000755621,-0.422535529106694,-0.620469224058601,-0.224601834154787,0.100986579057096,,,,,,,,,
80,phase_shift,ITS,large_scale_comparison,Wald,-0.597837000755621,-0.248954903736489,-0.590929664314642,0.0930198568416646,0.174476918662323,,,,,,,,,
80,phase_shift,GAM,large_scale_comparison,Wald,-0.597837000755621,-0.273852858007452,-0.391777295112993,-0.155928420901911,0.06016552913548,,,,,,,,,
80,phase_shift,Aligned NB,large_scale_comparison,Wald,-0.597837000755621,-0.267245764706911,-0.604624778898967,0.0701332494851445,0.172132150097988,,,,,,,,,
81,phase_shift,ITS,large_scale_comparison,Wald,-0.597837000755621,-0.842984819367737,-1.2059989657169,-0.479970673018575,0.185211299157736,,,,,,,,,
81,phase_shift,GAM,large_scale_comparison,Wald,-0.597837000755621,-0.693153614284058,-0.807658699884432,-0.578648528683684,0.0584209620410071,,,,,,,,,
81,phase_shift,Aligned NB,large_scale_comparison,Wald,-0.597837000755621,-0.891093260453577,-1.24806476663182,-0.534121754275338,0.182128319478694,,,,,,,,,
82,phase_shift,ITS,large_scale_comparison,Wald,-0.597837000755621,-0.959464186311063,-1.22604789251447,-0.692880480107655,0.136012095001739,,,,,,,,,
82,phase_shift,GAM,large_scale_comparison,Wald,-0.597837000755621,-1.18912142066228,-1.31235451813344,-1.06588832319113,0.0628740293220187,,,,,,,,,
82,phase_shift,Aligned NB,large_scale_comparison,Wald,-0.597837000755621,-0.997128854855404,-1.25957312306643,-0.73468458664438,0.133900136842359,,,,,,,,,
83,phase_shift,ITS,large_scale_comparison,Wald,-0.597837000755621,-0.73115492859138,-0.994275281980167,-0.468034575202593,0.134245078259585,,,,,,,,,
83,phase_shift,GAM,large_scale_comparison,Wald,-0.597837000755621,-0.378095425062879,-0.488891436616662,-0.267299413509096,0.0565285773233586,,,,,,,,,
83,phase_shift,Aligned NB,large_scale_comparison,Wald,-0.597837000755621,-0.817209491114157,-1.06873173517062,-0.565687247057695,0.128327675539011,,,,,,,,,
84,phase_shift,ITS,large_scale_comparison,Wald,-0.597837000755621,-0.564721118086243,-0.815729773630249,-0.313712462542238,0.128065640583676,,,,,,,,,
84,phase_shift,GAM,large_scale_comparison,Wald,-0.597837000755621,-0.68203303504646,-0.791297493595592,-0.572768576497328,0.0557471727291492,,,,,,,,,
84,phase_shift,Aligned NB,large_scale_comparison,Wald,-0.597837000755621,-0.581014863482595,-0.829031238345879,-0.332998488619312,0.126538966766981,,,,,,,,,
85,phase_shift,ITS,large_scale_comparison,Wald,-0.597837000755621,-0.43935260169137,-0.723024281199236,-0.155680922183504,0.144730448728503,,,,,,,,,
85,phase_shift,GAM,large_scale_comparison,Wald,-0.597837000755621,-0.428019771603856,-0.499344352642994,-0.356695190564719,0.0363900923669067,,,,,,,,,
85,phase_shift,Aligned NB,large_scale_comparison,Wald,-0.597837000755621,-0.463159134682018,-0.743681933020007,-0.182636336344029,0.143123876703056,,,,,,,,,
86,phase_shift,ITS,large_scale_comparison,Wald,-0.597837000755621,-0.214618065733074,-0.494558425253803,0.0653222937876552,0.142826714041188,,,,,,,,,
86,phase_shift,GAM,large_scale_comparison,Wald,-0.597837000755621,-0.690873410165398,-0.799759217299897,-0.5819876030309,0.055553983231887,,,,,,,,,
86,phase_shift,Aligned NB,large_scale_comparison,Wald,-0.597837000755621,-0.219341188499113,-0.489351277377995,0.0506689003797692,0.137760249428001,,,,,,,,,
87,phase_shift,ITS,large_scale_comparison,Wald,-0.597837000755621,-0.916681109110342,-1.16303180352064,-0.670330414700046,0.125689129801171,,,,,,,,,
87,phase_shift,GAM,large_scale_comparison,Wald,-0.597837000755621,-0.707377573074643,-0.802485144623676,-0.612270001525611,0.0485242711984858,,,,,,,,,
87,phase_shift,Aligned NB,large_scale_comparison,Wald,-0.597837000755621,-0.956070361070071,-1.19910549459675,-0.713035227543387,0.123997517105451,,,,,,,,,
88,phase_shift,ITS,large_scale_comparison,Wald,-0.597837000755621,-0.675212833715963,-0.981941829516503,-0.368483837915424,0.15649438561252,,,,,,,,,
88,phase_shift,GAM,large_scale_comparison,Wald,-0.597837000755621,-0.605636011448759,-0.722108599737901,-0.489163423159618,0.0594247899434395,,,,,,,,,
88,phase_shift,Aligned NB,large_scale_comparison,Wald,-0.597837000755621,-0.680541714292753,-0.985166757611749,-0.375916670973757,0.155420940468876,,,,,,,,,
89,phase_shift,ITS,large_scale_comparison,Wald,-0.597837000755621,-0.49451081410812,-0.800397455064996,-0.188624173151244,0.1560646127331,,,,,,,,,
89,phase_shift,GAM,large_scale_comparison,Wald,-0.597837000755621,-0.440078576964787,-0.542484516264188,-0.337672637665387,0.05224792821398,,,,,,,,,
89,phase_shift,Aligned NB,large_scale_comparison,Wald,-0.597837000755621,-0.524627336910816,-0.816179158086983,-0.233075515734649,0.148750929171514,,,,,,,,,
90,phase_shift,ITS,large_scale_comparison,Wald,-0.597837000755621,-0.33981291797158,-0.606171365476089,-0.0734544704670702,0.135897167094138,,,,,,,,,
90,phase_shift,GAM,large_scale_comparison,Wald,-0.597837000755621,-0.476484480208726,-0.553986496743652,-0.3989824636738,0.0395418451708806,,,,,,,,,
90,phase_shift,Aligned NB,large_scale_comparison,Wald,-0.597837000755621,-0.349378580963054,-0.614217545399868,-0.0845396165262413,0.135121920631027,,,,,,,,,
91,phase_shift,ITS,large_scale_comparison,Wald,-0.597837000755621,-0.610568504845788,-1.01579724592114,-0.205339763770438,0.206749357691506,,,,,,,,,
91,phase_shift,GAM,large_scale_comparison,Wald,-0.597837000755621,-0.375861473748679,-0.489499456842807,-0.262223490654551,0.0579785628031265,,,,,,,,,
91,phase_shift,Aligned NB,large_scale_comparison,Wald,-0.597837000755621,-0.623661671163856,-1.02761178241591,-0.219711559911799,0.206096995536764,,,,,,,,,
92,phase_shift,ITS,large_scale_comparison,Wald,-0.597837000755621,-0.560352531469266,-0.770293849140464,-0.350411213798068,0.107112917179183,,,,,,,,,
92,phase_shift,GAM,large_scale_comparison,Wald,-0.597837000755621,-0.430086478180051,-0.52153842568454,-0.338634530675561,0.0466591568900457,,,,,,,,,
92,phase_shift,Aligned NB,large_scale_comparison,Wald,-0.597837000755621,-0.585690443014984,-0.79282490011748,-0.378555985912488,0.105680845460457,,,,,,,,,
93,phase_shift,ITS,large_scale_comparison,Wald,-0.597837000755621,-0.328037637191291,-0.541104423361235,-0.114970851021348,0.108707543964257,,,,,,,,,
93,phase_shift,GAM,large_scale_comparison,Wald,-0.597837000755621,-0.696862232713328,-0.803740096127258,-0.589984369299399,0.0545295221499642,,,,,,,,,
93,phase_shift,Aligned NB,large_scale_comparison,Wald,-0.597837000755621,-0.357162509713351,-0.565013828335448,-0.149311191091255,0.106046591133723,,,,,,,,,
94,phase_shift,ITS,large_scale_comparison,Wald,-0.597837000755621,-0.448864720123079,-0.794486198505058,-0.103243241741099,0.176337488970398,,,,,,,,,
94,phase_shift,GAM,large_scale_comparison,Wald,-0.597837000755621,-0.723551666085539,-0.837057133642779,-0.6100461985283,0.0579109528353264,,,,,,,,,
94,phase_shift,Aligned NB,large_scale_comparison,Wald,-0.597837000755621,-0.458553286367673,-0.798474402563461,-0.118632170171884,0.173429140916218,,,,,,,,,
95,phase_shift,ITS,large_scale_comparison,Wald,-0.597837000755621,-0.54568037221958,-0.828029525959714,-0.263331218479445,0.144055690683742,,,,,,,,,
95,phase_shift,GAM,large_scale_comparison,Wald,-0.597837000755621,-0.515541841137575,-0.591961803350437,-0.439121878924713,0.0389897766392155,,,,,,,,,
95,phase_shift,Aligned NB,large_scale_comparison,Wald,-0.597837000755621,-0.553786788453387,-0.833411936368509,-0.274161640538264,0.14266589179343,,,,,,,,,
96,phase_shift,ITS,large_scale_comparison,Wald,-0.597837000755621,-0.600650486425543,-0.891572727518725,-0.309728245332361,0.14842971484346,,,,,,,,,
96,phase_shift,GAM,large_scale_comparison,Wald,-0.597837000755621,-0.431085767070941,-0.535619442482297,-0.326552091659586,0.0533335078629362,,,,,,,,,
96,phase_shift,Aligned NB,large_scale_comparison,Wald,-0.597837000755621,-0.630012688388794,-0.918050984397674,-0.341974392379914,0.146958314290245,,,,,,,,,
97,phase_shift,ITS,large_scale_comparison,Wald,-0.597837000755621,-0.36977576433223,-0.662494343696334,-0.0770571849681262,0.149346213961278,,,,,,,,,
97,phase_shift,GAM,large_scale_comparison,Wald,-0.597837000755621,-0.489762661509413,-0.561235340660864,-0.418289982357962,0.0364656526282914,,,,,,,,,
97,phase_shift,Aligned NB,large_scale_comparison,Wald,-0.597837000755621,-0.42014362920785,-0.70399895673898,-0.13628830167672,0.144824146699556,,,,,,,,,
98,phase_shift,ITS,large_scale_comparison,Wald,-0.597837000755621,-0.654606045752529,-0.950644800838337,-0.35856729066672,0.151040181166229,,,,,,,,,
98,phase_shift,GAM,large_scale_comparison,Wald,-0.597837000755621,-0.345413461099211,-0.457619764643978,-0.233207157554443,0.0572481140534527,,,,,,,,,
98,phase_shift,Aligned NB,large_scale_comparison,Wald,-0.597837000755621,-0.68198567675912,-0.974353074129001,-0.389618279389239,0.149167039474429,,,,,,,,,
99,phase_shift,ITS,large_scale_comparison,Wald,-0.597837000755621,-0.904435678199916,-1.26601937595387,-0.542851980445966,0.184481478445893,,,,,,,,,
99,phase_shift,GAM,large_scale_comparison,Wald,-0.597837000755621,-0.740145729116309,-0.847588365544586,-0.632703092688032,0.0548176716470799,,,,,,,,,
99,phase_shift,Aligned NB,large_scale_comparison,Wald,-0.597837000755621,-0.92397556665906,-1.27938874523222,-0.568562388085901,0.181333254374061,,,,,,,,,
100,phase_shift,ITS,large_scale_comparison,Wald,-0.597837000755621,-0.779037646567004,-1.02276323493243,-0.535312058201582,0.124349789982358,,,,,,,,,
100,phase_shift,GAM,large_scale_comparison,Wald,-0.597837000755621,-0.219163180784854,-0.310796512857814,-0.127529848711895,0.0467517000372243,,,,,,,,,
100,phase_shift,Aligned NB,large_scale_comparison,Wald,-0.597837000755621,-0.807141889848275,-1.04865014507244,-0.565633634624115,0.123218497563347,,,,,,,,,
101,phase_shift,ITS,large_scale_comparison,Wald,-0.597837000755621,-0.961582021442284,-1.36217496634361,-0.560989076540962,0.204384155561899,,,,,,,,,
101,phase_shift,GAM,large_scale_comparison,Wald,-0.597837000755621,-0.463956967187674,-0.535965171956567,-0.391948762418782,0.036738879984129,,,,,,,,,
101,phase_shift,Aligned NB,large_scale_comparison,Wald,-0.597837000755621,-0.99625824668176,-1.38575393999805,-0.606762553365473,0.19872229250831,,,,,,,,,
102,phase_shift,ITS,large_scale_comparison,Wald,-0.597837000755621,-0.323281036165723,-0.566318258874759,-0.0802438134566863,0.123998583014814,,,,,,,,,
102,phase_shift,GAM,large_scale_comparison,Wald,-0.597837000755621,-0.74682751811579,-0.852666625614888,-0.640988410616693,0.0539995446423965,,,,,,,,,
102,phase_shift,Aligned NB,large_scale_comparison,Wald,-0.597837000755621,-0.329018438151446,-0.565707353111535,-0.092329523191358,0.120759650489841,,,,,,,,,
103,phase_shift,ITS,large_scale_comparison,Wald,-0.597837000755621,-0.487913586712199,-0.791825600399687,-0.184001573024711,0.155057149840555,,,,,,,,,
103,phase_shift,GAM,large_scale_comparison,Wald,-0.597837000755621,-0.524373292012279,-0.599544630869487,-0.449201953155072,0.0383527239067385,,,,,,,,,
103,phase_shift,Aligned NB,large_scale_comparison,Wald,-0.597837000755621,-0.494747548410112,-0.796951365919548,-0.192543730900676,0.154185621178284,,,,,,,,,
104,phase_shift,ITS,large_scale_comparison,Wald,-0.597837000755621,-0.380394902893303,-0.598481272906875,-0.162308532879731,0.111268556129373,,,,,,,,,
104,phase_shift,GAM,large_scale_comparison,Wald,-0.597837000755621,-0.394242184803964,-0.491515186750549,-0.296969182857379,0.0496290826258087,,,,,,,,,
104,phase_shift,Aligned NB,large_scale_comparison,Wald,-0.597837000755621,-0.463972976866371,-0.672772837430596,-0.255173116302146,0.106530541104196,,,,,,,,,
105,phase_shift,ITS,large_scale_comparison,Wald,-0.597837000755621,-0.653781211035198,-1.02287571669588,-0.284686705374521,0.188313523296264,,,,,,,,,
105,phase_shift,GAM,large_scale_comparison,Wald,-0.597837000755621,-0.886413742592358,-1.00079967230636,-0.772027812878359,0.058360168221428,,,,,,,,,
105,phase_shift,Aligned NB,large_scale_comparison,Wald,-0.597837000755621,-0.696847849929779,-1.06058599597173,-0.333109703887827,0.185580686756098,,,,,,,,,
106,phase_shift,ITS,large_scale_comparison,Wald,-0.597837000755621,-0.663633629171174,-0.95847413639342,-0.368793121948928,0.150428830215432,,,,,,,,,
106,phase_shift,GAM,large_scale_comparison,Wald,-0.597837000755621,-0.471541068905199,-0.570158421184578,-0.372923716625821,0.0503149756527439,,,,,,,,,
106,phase_shift,Aligned NB,large_scale_comparison,Wald,-0.597837000755621,-0.706142410756919,-0.996226030142265,-0.416058791371573,0.148001846625176,,,,,,,,,
107,phase_shift,ITS,large_scale_comparison,Wald,-0.597837000755621,-0.43965934466293,-0.647172211134672,-0.232146478191188,0.105873911465174,,,,,,,,,
107,phase_shift,GAM,large_scale_comparison,Wald,-0.597837000755621,-0.436144099797971,-0.503839689100312,-0.36844851049563,0.0345385659705822,,,,,,,,,
107,phase_shift,Aligned NB,large_scale_comparison,Wald,-0.597837000755621,-0.490997835064344,-0.692309086151617,-0.289686583977072,0.102709821983302,,,,,,,,,
108,phase_shift,ITS,large_scale_comparison,Wald,-0.597837000755621,-0.458779249383538,-0.712726208503716,-0.20483229026336,0.129564775061315,,,,,,,,,
108,phase_shift,GAM,large_scale_comparison,Wald,-0.597837000755621,-0.324150125027624,-0.435676464477441,-0.212623785577807,0.0569011935968455,,,,,,,,,
108,phase_shift,Aligned NB,large_scale_comparison,Wald,-0.597837000755621,-0.537336804914041,-0.772822344642145,-0.301851265185936,0.120145683534747,,,,,,,,,
109,phase_shift,ITS,large_scale_comparison,Wald,-0.597837000755621,-0.522462034558052,-0.877665860600344,-0.16725820851576,0.181226441858312,,,,,,,,,
109,phase_shift,GAM,large_scale_comparison,Wald,-0.597837000755621,-0.511017807385782,-0.609469939625505,-0.412565675146059,0.0502306797141444,,,,,,,,,
109,phase_shift,Aligned NB,large_scale_comparison,Wald,-0.597837000755621,-0.575515313714308,-0.919590442997441,-0.231440184431175,0.175548535348537,,,,,,,,,
110,phase_shift,ITS,large_scale_comparison,Wald,-0.597837000755621,-0.516937167762298,-0.893273673785193,-0.140600661739403,0.192008421440252,,,,,,,,,
110,phase_shift,GAM,large_scale_comparison,Wald,-0.597837000755621,-0.202250496465131,-0.311311152100721,-0.0931898408295418,0.0556431916508109,,,,,,,,,
110,phase_shift,Aligned NB,large_scale_comparison,Wald,-0.597837000755621,-0.528588924766375,-0.902313878317824,-0.154863971214926,0.190675996709923,,,,,,,,,
111,phase_shift,ITS,large_scale_comparison,Wald,-0.597837000755621,-0.299661545986297,-0.586987917771794,-0.0123351742008006,0.146595087645662,,,,,,,,,
111,phase_shift,GAM,large_scale_comparison,Wald,-0.597837000755621,-0.568365419522045,-0.677955877604145,-0.458774961439946,0.0559134990214794,,,,,,,,,
111,phase_shift,Aligned NB,large_scale_comparison,Wald,-0.597837000755621,-0.294090565341034,-0.570091652766882,-0.0180894779151852,0.140816881339719,,,,,,,,,
112,phase_shift,ITS,large_scale_comparison,Wald,-0.597837000755621,-0.326199201675783,-0.671229890219673,0.0188314868681061,0.176036065583617,,,,,,,,,
112,phase_shift,GAM,large_scale_comparison,Wald,-0.597837000755621,-0.165794566385648,-0.277378840163497,-0.0542102926077984,0.0569307519274742,,,,,,,,,
112,phase_shift,Aligned NB,large_scale_comparison,Wald,-0.597837000755621,-0.336020636140318,-0.676494511615403,0.00445323933476749,0.173711160956676,,,,,,,,,
113,phase_shift,ITS,large_scale_comparison,Wald,-0.597837000755621,-0.478566741093063,-0.822405184987203,-0.134728297198922,0.175427777497011,,,,,,,,,
113,phase_shift,GAM,large_scale_comparison,Wald,-0.597837000755621,0.0426359446227983,-0.0852703764556926,0.170542265701289,0.0652583270808627,,,,,,,,,
113,phase_shift,Aligned NB,large_scale_comparison,Wald,-0.597837000755621,-0.519462170214138,-0.854297957207152,-0.184626383221124,0.170834585200517,,,,,,,,,
114,phase_shift,ITS,large_scale_comparison,Wald,-0.597837000755621,-0.462185804620743,-0.782967109724009,-0.141404499517476,0.163663931175136,,,,,,,,,
114,phase_shift,GAM,large_scale_comparison,Wald,-0.597837000755621,-0.559860674712006,-0.635946593337433,-0.483774756086579,0.0388193462374628,,,,,,,,,
114,phase_shift,Aligned NB,large_scale_comparison,Wald,-0.597837000755621,-0.487505659622958,-0.801962083699604,-0.173049235546311,0.160436951059513,,,,,,,,,
115,phase_shift,ITS,large_scale_comparison,Wald,-0.597837000755621,-0.642566797010838,-0.966120865947367,-0.31901272807431,0.16507860660027,,,,,,,,,
115,phase_shift,GAM,large_scale_comparison,Wald,-0.597837000755621,-0.478549303359008,-0.58957911015235,-0.367519496565667,0.0566478606088477,,,,,,,,,
115,phase_shift,Aligned NB,large_scale_comparison,Wald,-0.597837000755621,-0.729766661096745,-1.04198185018303,-0.417551472010463,0.159293463819532,,,,,,,,,
116,phase_shift,ITS,large_scale_comparison,Wald,-0.597837000755621,-0.45591607452036,-0.663230229191879,-0.248601919848842,0.105772527893632,,,,,,,,,
116,phase_shift,GAM,large_scale_comparison,Wald,-0.597837000755621,-0.755628087076031,-0.862388776063178,-0.648867398088884,0.0544697392791566,,,,,,,,,
116,phase_shift,Aligned NB,large_scale_comparison,Wald,-0.597837000755621,-0.472840236100341,-0.678036501563315,-0.267643970637368,0.104691972174987,,,,,,,,,
117,phase_shift,ITS,large_scale_comparison,Wald,-0.597837000755621,-0.696697741597341,-0.94322585114289,-0.450169632051793,0.125779647727321,,,,,,,,,
117,phase_shift,GAM,large_scale_comparison,Wald,-0.597837000755621,-0.340684683547604,-0.437010048127746,-0.244359318967462,0.0491455941735418,,,,,,,,,
117,phase_shift,Aligned NB,large_scale_comparison,Wald,-0.597837000755621,-0.720054787114367,-0.964773274109487,-0.475336300119248,0.124856370915877,,,,,,,,,
118,phase_shift,ITS,large_scale_comparison,Wald,-0.597837000755621,-0.266130168240889,-0.527500966089795,-0.00475937039198343,0.133352447882095,,,,,,,,,
118,phase_shift,GAM,large_scale_comparison,Wald,-0.597837000755621,-0.356583667274936,-0.451205653380622,-0.261961681169251,0.048276523523309,,,,,,,,,
118,phase_shift,Aligned NB,large_scale_comparison,Wald,-0.597837000755621,-0.263977008834535,-0.522542529585083,-0.00541148808398723,0.131921184056402,,,,,,,,,
119,phase_shift,ITS,large_scale_comparison,Wald,-0.597837000755621,-0.778211735190698,-1.08904947311211,-0.467373997269287,0.158590682612965,,,,,,,,,
119,phase_shift,GAM,large_scale_comparison,Wald,-0.597837000755621,-0.401218687103294,-0.498527159275259,-0.30391021493133,0.0496471796795738,,,,,,,,,
119,phase_shift,Aligned NB,large_scale_comparison,Wald,-0.597837000755621,-0.849899284051189,-1.15273957721582,-0.547058990886559,0.154510353655423,,,,,,,,,
120,phase_shift,ITS,large_scale_comparison,Wald,-0.597837000755621,-0.581870693886999,-0.829108765609279,-0.334632622164719,0.126141873327694,,,,,,,,,
120,phase_shift,GAM,large_scale_comparison,Wald,-0.597837000755621,-0.763869840353624,-0.873430119021206,-0.654309561686042,0.0558981013610111,,,,,,,,,
120,phase_shift,Aligned NB,large_scale_comparison,Wald,-0.597837000755621,-0.628698512002172,-0.869273447441193,-0.38812357656315,0.122742313999501,,,,,,,,,
121,phase_shift,ITS,large_scale_comparison,Wald,-0.597837000755621,-0.322732816571919,-0.703800867825825,0.0583352346819877,0.194422475129544,,,,,,,,,
121,phase_shift,GAM,large_scale_comparison,Wald,-0.597837000755621,-0.521957183302002,-0.606252528456441,-0.437661838147562,0.0430078291604284,,,,,,,,,
121,phase_shift,Aligned NB,large_scale_comparison,Wald,-0.597837000755621,-0.343085477663446,-0.712513908496942,0.0263429531700505,0.188483893282396,,,,,,,,,
122,phase_shift,ITS,large_scale_comparison,Wald,-0.597837000755621,-0.499057502428891,-0.724138367727869,-0.273976637129914,0.114837176172948,,,,,,,,,
122,phase_shift,GAM,large_scale_comparison,Wald,-0.597837000755621,-0.399040189195331,-0.495466530576059,-0.302613847814602,0.0491971129493514,,,,,,,,,
122,phase_shift,Aligned NB,large_scale_comparison,Wald,-0.597837000755621,-0.501307373120515,-0.72541348797878,-0.27720125826225,0.114339854519523,,,,,,,,,
123,phase_shift,ITS,large_scale_comparison,Wald,-0.597837000755621,-0.589864264285884,-0.765938463615369,-0.413790064956399,0.0898337751681047,,,,,,,,,
123,phase_shift,GAM,large_scale_comparison,Wald,-0.597837000755621,-0.79940391906769,-0.893683103665921,-0.705124734469459,0.0481016247950159,,,,,,,,,
123,phase_shift,Aligned NB,large_scale_comparison,Wald,-0.597837000755621,-0.602828954278389,-0.777453206707667,-0.428204701849111,0.0890940063414684,,,,,,,,,
124,phase_shift,ITS,large_scale_comparison,Wald,-0.597837000755621,-0.976496421121729,-1.39403466025629,-0.558958181987171,0.213029713844163,,,,,,,,,
124,phase_shift,GAM,large_scale_comparison,Wald,-0.597837000755621,-0.447523671711322,-0.550184922681284,-0.34486242074136,0.0523781892703888,,,,,,,,,
124,phase_shift,Aligned NB,large_scale_comparison,Wald,-0.597837000755621,-1.10898073285749,-1.50517311237681,-0.712788353338168,0.202138969142511,,,,,,,,,
125,phase_shift,ITS,large_scale_comparison,Wald,-0.597837000755621,-0.611250315819369,-0.91463853163719,-0.307862100001548,0.154789906029501,,,,,,,,,
125,phase_shift,GAM,large_scale_comparison,Wald,-0.597837000755621,-0.524991881841764,-0.600836000280971,-0.449147763402558,0.0386959787955137,,,,,,,,,
125,phase_shift,Aligned NB,large_scale_comparison,Wald,-0.597837000755621,-0.648758891687577,-0.942628360370821,-0.354889423004333,0.14993340238941,,,,,,,,,
126,phase_shift,ITS,large_scale_comparison,Wald,-0.597837000755621,-0.428847266258685,-0.649384205072822,-0.208310327444548,0.112518846333744,,,,,,,,,
126,phase_shift,GAM,large_scale_comparison,Wald,-0.597837000755621,-0.558066066659955,-0.658989104735996,-0.457143028583915,0.0514913459571636,,,,,,,,,
126,phase_shift,Aligned NB,large_scale_comparison,Wald,-0.597837000755621,-0.446963203813671,-0.665251226328758,-0.228675181298584,0.111371440058718,,,,,,,,,
127,phase_shift,ITS,large_scale_comparison,Wald,-0.597837000755621,-0.761349580430066,-1.08837186454529,-0.434327296314839,0.166848104140422,,,,,,,,,
127,phase_shift,GAM,large_scale_comparison,Wald,-0.597837000755621,-0.52731802192073,-0.629534653495672,-0.425101390345787,0.0521513426402766,,,,,,,,,
127,phase_shift,Aligned NB,large_scale_comparison,Wald,-0.597837000755621,-0.799274583678953,-1.11670434507791,-0.481844822279991,0.16195395989743,,,,,,,,,
128,phase_shift,ITS,large_scale_comparison,Wald,-0.597837000755621,-0.292440678861426,-0.626640004189325,0.0417586464664737,0.170509859861173,,,,,,,,,
128,phase_shift,GAM,large_scale_comparison,Wald,-0.597837000755621,-0.409200432854602,-0.516245882953865,-0.302154982755339,0.0546150255608483,,,,,,,,,
128,phase_shift,Aligned NB,large_scale_comparison,Wald,-0.597837000755621,-0.312524882919256,-0.642480569756081,0.0174308039175694,0.168344738182054,,,,,,,,,
129,phase_shift,ITS,large_scale_comparison,Wald,-0.597837000755621,-0.883220366275448,-1.23397753288416,-0.532463199666739,0.178957738065668,,,,,,,,,
129,phase_shift,GAM,large_scale_comparison,Wald,-0.597837000755621,-0.684736174681817,-0.80003631987411,-0.569436029489524,0.0588266046899454,,,,,,,,,
129,phase_shift,Aligned NB,large_scale_comparison,Wald,-0.597837000755621,-0.999968417352086,-1.33483813397065,-0.665098700733524,0.17085189623396,,,,,,,,,
130,phase_shift,ITS,large_scale_comparison,Wald,-0.597837000755621,-0.621307542223442,-0.878437268596337,-0.364177815850547,0.131188635904538,,,,,,,,,
130,phase_shift,GAM,large_scale_comparison,Wald,-0.597837000755621,-0.367618265244583,-0.467166404900388,-0.268070125588778,0.0507898671713291,,,,,,,,,
130,phase_shift,Aligned NB,large_scale_comparison,Wald,-0.597837000755621,-0.669976890874941,-0.918656031044844,-0.421297750705038,0.126877112331583,,,,,,,,,
131,phase_shift,ITS,large_scale_comparison,Wald,-0.597837000755621,-0.447139785821019,-0.685542547776645,-0.208737023865393,0.121634062222258,,,,,,,,,
131,phase_shift,GAM,large_scale_comparison,Wald,-0.597837000755621,-0.554878391318021,-0.628839538228756,-0.480917244407287,0.037735279036089,,,,,,,,,
131,phase_shift,Aligned NB,large_scale_comparison,Wald,-0.597837000755621,-0.444899513864442,-0.682205441903536,-0.207593585825348,0.12107445308117,,,,,,,,,
132,phase_shift,ITS,large_scale_comparison,Wald,-0.597837000755621,-0.891035098022975,-1.22525627097237,-0.556813925073583,0.170521006606833,,,,,,,,,
132,phase_shift,GAM,large_scale_comparison,Wald,-0.597837000755621,-0.651846258996499,-0.758958229168595,-0.544734288824402,0.0546489643735186,,,,,,,,,
132,phase_shift,Aligned NB,large_scale_comparison,Wald,-0.597837000755621,-0.950724513948271,-1.27663597126196,-0.624813056634586,0.166281355772288,,,,,,,,,
133,phase_shift,ITS,large_scale_comparison,Wald,-0.597837000755621,-0.497294329533285,-0.734507718733513,-0.260080940333056,0.121027239387872,,,,,,,,,
133,phase_shift,GAM,large_scale_comparison,Wald,-0.597837000755621,-0.295931284550906,-0.374920395950821,-0.216942173150991,0.040300567040773,,,,,,,,,
133,phase_shift,Aligned NB,large_scale_comparison,Wald,-0.597837000755621,-0.549833858803154,-0.780361745296499,-0.31930597230981,0.117616268619053,,,,,,,,,
134,phase_shift,ITS,large_scale_comparison,Wald,-0.597837000755621,-0.0919514442870451,-0.510520811903874,0.326617923329784,0.213555799804505,,,,,,,,,
134,phase_shift,GAM,large_scale_comparison,Wald,-0.597837000755621,-0.361622213677156,-0.480590809468942,-0.242653617885369,0.0606982631590747,,,,,,,,,
134,phase_shift,Aligned NB,large_scale_comparison,Wald,-0.597837000755621,-0.0802056205476071,-0.487293124887331,0.326881883792117,0.207697706295778,,,,,,,,,
135,phase_shift,ITS,large_scale_comparison,Wald,-0.597837000755621,-0.754493264889013,-1.11702877271459,-0.391957757063432,0.184967095829378,,,,,,,,,
135,phase_shift,GAM,large_scale_comparison,Wald,-0.597837000755621,-0.915943156047988,-1.04039165099709,-0.791494661098885,0.0634941300760729,,,,,,,,,
135,phase_shift,Aligned NB,large_scale_comparison,Wald,-0.597837000755621,-0.776930604716168,-1.13315628513451,-0.420704924297828,0.181747796131806,,,,,,,,,
136,phase_shift,ITS,large_scale_comparison,Wald,-0.597837000755621,-0.509406917627494,-0.750620255556497,-0.268193579698492,0.123068029555614,,,,,,,,,
136,phase_shift,GAM,large_scale_comparison,Wald,-0.597837000755621,-0.338701301502788,-0.444797763193472,-0.232604839812104,0.0541308478013693,,,,,,,,,
136,phase_shift,Aligned NB,large_scale_comparison,Wald,-0.597837000755621,-0.508022814645365,-0.747681950788516,-0.268363678502214,0.122275069460791,,,,,,,,,
137,phase_shift,ITS,large_scale_comparison,Wald,-0.597837000755621,-0.480490221991191,-0.733665208664782,-0.227315235317601,0.129170911568158,,,,,,,,,
137,phase_shift,GAM,large_scale_comparison,Wald,-0.597837000755621,-0.381726670881882,-0.480855609720928,-0.282597732042837,0.0505759892035946,,,,,,,,,
137,phase_shift,Aligned NB,large_scale_comparison,Wald,-0.597837000755621,-0.487290729709585,-0.739156593376895,-0.235424866042274,0.128502991666995,,,,,,,,,
138,phase_shift,ITS,large_scale_comparison,Wald,-0.597837000755621,-0.539444490337425,-0.857923046308179,-0.220965934366671,0.162489059168752,,,,,,,,,
138,phase_shift,GAM,large_scale_comparison,Wald,-0.597837000755621,-0.829896053199799,-0.952196564819588,-0.70759554158001,0.0623982202141779,,,,,,,,,
138,phase_shift,Aligned NB,large_scale_comparison,Wald,-0.597837000755621,-0.578922331898537,-0.890384912207653,-0.26745975158942,0.158909479749549,,,,,,,,,
139,phase_shift,ITS,large_scale_comparison,Wald,-0.597837000755621,-0.272659284595444,-0.728377525518246,0.183058956327357,0.232509306593266,,,,,,,,,
139,phase_shift,GAM,large_scale_comparison,Wald,-0.597837000755621,-0.0568199671249669,-0.178925939327062,0.065286005077128,0.0622989654092321,,,,,,,,,
139,phase_shift,Aligned NB,large_scale_comparison,Wald,-0.597837000755621,-0.293677982588601,-0.743203216256456,0.155847251079254,0.229349609014212,,,,,,,,,
140,phase_shift,ITS,large_scale_comparison,Wald,-0.597837000755621,-0.439000750311431,-0.796926999151111,-0.0810745014717517,0.182615433081469,,,,,,,,,
140,phase_shift,GAM,large_scale_comparison,Wald,-0.597837000755621,-0.425494656162335,-0.51565069264502,-0.33533861967965,0.0459979777972881,,,,,,,,,
140,phase_shift,Aligned NB,large_scale_comparison,Wald,-0.597837000755621,-0.490354530555948,-0.843233626108747,-0.13747543500315,0.180040354873877,,,,,,,,,
141,phase_shift,ITS,large_scale_comparison,Wald,-0.597837000755621,-0.284360442756111,-0.745028397312129,0.176307511799907,0.235034670691846,,,,,,,,,
141,phase_shift,GAM,large_scale_comparison,Wald,-0.597837000755621,-0.613393452134266,-0.719608433159287,-0.507178471109245,0.0541913168495006,,,,,,,,,
141,phase_shift,Aligned NB,large_scale_comparison,Wald,-0.597837000755621,-0.347864157595131,-0.785109166783698,0.089380851593437,0.223084188361514,,,,,,,,,
142,phase_shift,ITS,large_scale_comparison,Wald,-0.597837000755621,-0.19958376150083,-0.511289321376548,0.112121798374888,0.159033448916183,,,,,,,,,
142,phase_shift,GAM,large_scale_comparison,Wald,-0.597837000755621,-0.538582122494824,-0.6187069119581,-0.458457333031548,0.0408799946241204,,,,,,,,,
142,phase_shift,Aligned NB,large_scale_comparison,Wald,-0.597837000755621,-0.195395850795123,-0.497540399907146,0.106748698316901,0.154155382200012,,,,,,,,,
143,phase_shift,ITS,large_scale_comparison,Wald,-0.597837000755621,-0.612140550531935,-0.863779038931185,-0.360502062132685,0.128386983877168,,,,,,,,,
143,phase_shift,GAM,large_scale_comparison,Wald,-0.597837000755621,-0.382315036599472,-0.48632409014467,-0.278305983054275,0.0530658436455089,,,,,,,,,
143,phase_shift,Aligned NB,large_scale_comparison,Wald,-0.597837000755621,-0.640327352401541,-0.885559412634921,-0.395095292168161,0.125118398078255,,,,,,,,,
144,phase_shift,ITS,large_scale_comparison,Wald,-0.597837000755621,-0.757338220158446,-0.993824996611131,-0.52085144370576,0.120656518598309,,,,,,,,,
144,phase_shift,GAM,large_scale_comparison,Wald,-0.597837000755621,-0.384743866553392,-0.486158011546371,-0.283329721560413,0.0517419107107036,,,,,,,,,
144,phase_shift,Aligned NB,large_scale_comparison,Wald,-0.597837000755621,-0.76945690098317,-1.00434027718818,-0.534573524778154,0.119838457247457,,,,,,,,,
145,phase_shift,ITS,large_scale_comparison,Wald,-0.597837000755621,-0.699703811178431,-0.900858528983427,-0.498549093373435,0.102629958063773,,,,,,,,,
145,phase_shift,GAM,large_scale_comparison,Wald,-0.597837000755621,-0.485008885966176,-0.591292971378544,-0.378724800553808,0.0542265741899836,,,,,,,,,
145,phase_shift,Aligned NB,large_scale_comparison,Wald,-0.597837000755621,-0.717309330248324,-0.916169803848904,-0.518448856647744,0.101459425306418,,,,,,,,,
146,phase_shift,ITS,large_scale_comparison,Wald,-0.597837000755621,-0.407726664200108,-0.769874995825325,-0.0455783325748917,0.184769556951641,,,,,,,,,
146,phase_shift,GAM,large_scale_comparison,Wald,-0.597837000755621,-0.730994083208732,-0.808391051677607,-0.653597114739858,0.0394882492188134,,,,,,,,,
146,phase_shift,Aligned NB,large_scale_comparison,Wald,-0.597837000755621,-0.442716154015438,-0.796660050433044,-0.088772257597832,0.180583620621228,,,,,,,,,
147,phase_shift,ITS,large_scale_comparison,Wald,-0.597837000755621,-0.373025982402602,-0.608157601611518,-0.137894363193685,0.119965111841284,,,,,,,,,
147,phase_shift,GAM,large_scale_comparison,Wald,-0.597837000755621,-0.274058266473812,-0.381050165545708,-0.167066367401916,0.0545877036081102,,,,,,,,,
147,phase_shift,Aligned NB,large_scale_comparison,Wald,-0.597837000755621,-0.394719738733246,-0.624527694071628,-0.164911783394863,0.117248956805297,,,,,,,,,
148,phase_shift,ITS,large_scale_comparison,Wald,-0.597837000755621,-0.686967862361336,-0.936006436155494,-0.437929288567179,0.127060496833754,,,,,,,,,
148,phase_shift,GAM,large_scale_comparison,Wald,-0.597837000755621,-0.556357232357434,-0.654738356140021,-0.457976108574846,0.0501944509094834,,,,,,,,,
148,phase_shift,Aligned NB,large_scale_comparison,Wald,-0.597837000755621,-0.697733725344452,-0.94585031598222,-0.449617134706683,0.126590097264168,,,,,,,,,
149,phase_shift,ITS,large_scale_comparison,Wald,-0.597837000755621,-0.54438771697928,-0.892131689389514,-0.196643744569045,0.177420394086854,,,,,,,,,
149,phase_shift,GAM,large_scale_comparison,Wald,-0.597837000755621,-0.419680285250174,-0.525606074113098,-0.31375449638725,0.0540437698280223,,,,,,,,,
149,phase_shift,Aligned NB,large_scale_comparison,Wald,-0.597837000755621,-0.558453309621916,-0.900844573833431,-0.2160620454104,0.17468942051608,,,,,,,,,
150,phase_shift,ITS,large_scale_comparison,Wald,-0.597837000755621,-0.61257866375066,-0.927257140978568,-0.297900186522753,0.160550243483626,,,,,,,,,
150,phase_shift,GAM,large_scale_comparison,Wald,-0.597837000755621,-0.513415605423941,-0.585473410620462,-0.441357800227419,0.0367641863247556,,,,,,,,,
150,phase_shift,Aligned NB,large_scale_comparison,Wald,-0.597837000755621,-0.650305182649692,-0.960981707089619,-0.339628658209765,0.158508430836697,,,,,,,,,
151,phase_shift,ITS,large_scale_comparison,Wald,-0.597837000755621,-0.648265850380914,-0.911917265534175,-0.384614435227654,0.134516028139419,,,,,,,,,
151,phase_shift,GAM,large_scale_comparison,Wald,-0.597837000755621,-0.504355460012195,-0.578242838859393,-0.430468081164998,0.0376976422689785,,,,,,,,,
151,phase_shift,Aligned NB,large_scale_comparison,Wald,-0.597837000755621,-0.695506686180197,-0.953132192010704,-0.437881180349691,0.131441584607401,,,,,,,,,
152,phase_shift,ITS,large_scale_comparison,Wald,-0.597837000755621,-0.399431614415673,-0.662157014875458,-0.136706213955887,0.134043571663156,,,,,,,,,
152,phase_shift,GAM,large_scale_comparison,Wald,-0.597837000755621,-0.716904061846552,-0.824331633328965,-0.609476490364139,0.0548099854502107,,,,,,,,,
152,phase_shift,Aligned NB,large_scale_comparison,Wald,-0.597837000755621,-0.423581731626211,-0.679304093338013,-0.167859369914409,0.130470592710103,,,,,,,,,
153,phase_shift,ITS,large_scale_comparison,Wald,-0.597837000755621,-0.484361825211448,-0.858074321676597,-0.110649328746299,0.190669641053647,,,,,,,,,
153,phase_shift,GAM,large_scale_comparison,Wald,-0.597837000755621,-0.190474005223372,-0.307530908175186,-0.0734171022715581,0.0597229096692929,,,,,,,,,
153,phase_shift,Aligned NB,large_scale_comparison,Wald,-0.597837000755621,-0.56409261066931,-0.918270570202272,-0.209914651136349,0.180703040578042,,,,,,,,,
154,phase_shift,ITS,large_scale_comparison,Wald,-0.597837000755621,-0.419159065670995,-0.7462692641479,-0.0920488671940909,0.166892958406584,,,,,,,,,
154,phase_shift,GAM,large_scale_comparison,Wald,-0.597837000755621,-0.434260254524467,-0.53880277013043,-0.329717738918503,0.0533380181663078,,,,,,,,,
154,phase_shift,Aligned NB,large_scale_comparison,Wald,-0.597837000755621,-0.438526840597638,-0.761690736340007,-0.115362944855268,0.164879538644066,,,,,,,,,
155,phase_shift,ITS,large_scale_comparison,Wald,-0.597837000755621,-0.499949700061803,-0.757624926794921,-0.242274473328685,0.131466952414856,,,,,,,,,
155,phase_shift,GAM,large_scale_comparison,Wald,-0.597837000755621,-0.662493409713291,-0.780429581821333,-0.544557237605249,0.060171516381654,,,,,,,,,
155,phase_shift,Aligned NB,large_scale_comparison,Wald,-0.597837000755621,-0.540840623610447,-0.790017662278433,-0.291663584942461,0.127131142177544,,,,,,,,,
156,phase_shift,ITS,large_scale_comparison,Wald,-0.597837000755621,-0.697377473180931,-0.927176261768083,-0.467578684593779,0.117244279891404,,,,,,,,,
156,phase_shift,GAM,large_scale_comparison,Wald,-0.597837000755621,-0.174625642567756,-0.274663351086445,-0.0745879340490668,0.0510396472034129,,,,,,,,,
156,phase_shift,Aligned NB,large_scale_comparison,Wald,-0.597837000755621,-0.777026696979242,-0.999556719746898,-0.554496674211586,0.113535725901865,,,,,,,,,
157,phase_shift,ITS,large_scale_comparison,Wald,-0.597837000755621,-0.552858030563983,-0.766684973568399,-0.339031087559567,0.109095379083886,,,,,,,,,
157,phase_shift,GAM,large_scale_comparison,Wald,-0.597837000755621,-0.340075271589842,-0.436981737652209,-0.243168805527475,0.0494420745216156,,,,,,,,,
157,phase_shift,Aligned NB,large_scale_comparison,Wald,-0.597837000755621,-0.578457785393857,-0.790022723389634,-0.366892847398079,0.107941294895805,,,,,,,,,
158,phase_shift,ITS,large_scale_comparison,Wald,-0.597837000755621,-0.235558701555598,-0.641942966007212,0.170825562896016,0.207338910434497,,,,,,,,,
158,phase_shift,GAM,large_scale_comparison,Wald,-0.597837000755621,-0.597364010013037,-0.677440354677488,-0.517287665348587,0.0408552778900257,,,,,,,,,
158,phase_shift,Aligned NB,large_scale_comparison,Wald,-0.597837000755621,-0.255701279325667,-0.656973910488881,0.145571351837547,0.204730934266946,,,,,,,,,
159,phase_shift,ITS,large_scale_comparison,Wald,-0.597837000755621,-0.345895369469882,-0.659183309787568,-0.0326074291521961,0.15984078587637,,,,,,,,,
159,phase_shift,GAM,large_scale_comparison,Wald,-0.597837000755621,-0.496387393748115,-0.607941414141975,-0.384833373354255,0.0569153165274796,,,,,,,,,
159,phase_shift,Aligned NB,large_scale_comparison,Wald,-0.597837000755621,-0.366699300760832,-0.677254563754156,-0.0561440377675069,0.158446562751696,,,,,,,,,
160,phase_shift,ITS,large_scale_comparison,Wald,-0.597837000755621,-0.53257065322563,-0.824209621456284,-0.240931684994976,0.148795391954415,,,,,,,,,
160,phase_shift,GAM,large_scale_comparison,Wald,-0.597837000755621,-0.269007568841908,-0.379934779983061,-0.158080357700755,0.0565955158883434,,,,,,,,,
160,phase_shift,Aligned NB,large_scale_comparison,Wald,-0.597837000755621,-0.565047161478184,-0.847297697654007,-0.282796625302361,0.14400537559991,,,,,,,,,
161,phase_shift,ITS,large_scale_comparison,Wald,-0.597837000755621,-0.477182110985405,-0.785334991884278,-0.169029230086532,0.157220857601466,,,,,,,,,
161,phase_shift,GAM,large_scale_comparison,Wald,-0.597837000755621,-0.565653438607721,-0.640934854967735,-0.490372022247707,0.0384088858979664,,,,,,,,,
161,phase_shift,Aligned NB,large_scale_comparison,Wald,-0.597837000755621,-0.538696300808121,-0.830837612450578,-0.246554989165663,0.149051689613499,,,,,,,,,
162,phase_shift,ITS,large_scale_comparison,Wald,-0.597837000755621,-0.416841458142201,-0.738105892056518,-0.0955770242278838,0.163910425466488,,,,,,,,,
162,phase_shift,GAM,large_scale_comparison,Wald,-0.597837000755621,-0.341199341818633,-0.411437468681315,-0.27096121495595,0.0358357790115728,,,,,,,,,
162,phase_shift,Aligned NB,large_scale_comparison,Wald,-0.597837000755621,-0.421386332003125,-0.741241356895915,-0.101531307110335,0.163191339231015,,,,,,,,,
163,phase_shift,ITS,large_scale_comparison,Wald,-0.597837000755621,-0.292650330330104,-0.599977666184989,0.0146770055247802,0.156799661150451,,,,,,,,,
163,phase_shift,GAM,large_scale_comparison,Wald,-0.597837000755621,-0.748551051607573,-0.862873879661747,-0.634228223553398,0.0583279734970277,,,,,,,,,
163,phase_shift,Aligned NB,large_scale_comparison,Wald,-0.597837000755621,-0.30827982369086,-0.609224277500116,-0.00733536988160388,0.153543088678192,,,,,,,,,
164,phase_shift,ITS,large_scale_comparison,Wald,-0.597837000755621,-0.295815358132319,-0.576076208224847,-0.0155545080397913,0.142990229639045,,,,,,,,,
164,phase_shift,GAM,large_scale_comparison,Wald,-0.597837000755621,-0.398065591537569,-0.505128727112646,-0.291002455962493,0.0546240487627941,,,,,,,,,
164,phase_shift,Aligned NB,large_scale_comparison,Wald,-0.597837000755621,-0.331731687337426,-0.601052026691712,-0.0624113479831407,0.137408336405248,,,,,,,,,
165,phase_shift,ITS,large_scale_comparison,Wald,-0.597837000755621,-0.774030577280647,-1.25086709036745,-0.297194064193844,0.243283935248369,,,,,,,,,
165,phase_shift,GAM,large_scale_comparison,Wald,-0.597837000755621,-0.108530488342559,-0.22016271764052,0.00310174095540215,0.0569552190295721,,,,,,,,,
165,phase_shift,Aligned NB,large_scale_comparison,Wald,-0.597837000755621,-0.809748966152483,-1.26558391737297,-0.353914014931995,0.232568852663514,,,,,,,,,
166,phase_shift,ITS,large_scale_comparison,Wald,-0.597837000755621,-0.393191121331154,-0.776642762821071,-0.00973947984123735,0.195638592596896,,,,,,,,,
166,phase_shift,GAM,large_scale_comparison,Wald,-0.597837000755621,-0.350681222783582,-0.465751860167392,-0.235610585399771,0.0587095088692912,,,,,,,,,
166,phase_shift,Aligned NB,large_scale_comparison,Wald,-0.597837000755621,-0.410200584808418,-0.787654570196292,-0.0327465994205432,0.192578563973405,,,,,,,,,
167,phase_shift,ITS,large_scale_comparison,Wald,-0.597837000755621,-0.457701361270212,-0.84561536175474,-0.0697873607856846,0.197915306369657,,,,,,,,,
167,phase_shift,GAM,large_scale_comparison,Wald,-0.597837000755621,-0.303398339827098,-0.415164115132893,-0.191632564521304,0.0570233547478542,,,,,,,,,
167,phase_shift,Aligned NB,large_scale_comparison,Wald,-0.597837000755621,-0.456092458762897,-0.837198157958283,-0.0749867595675104,0.194441683262952,,,,,,,,,
168,phase_shift,ITS,large_scale_comparison,Wald,-0.597837000755621,-0.582098144033775,-0.86817865164956,-0.29601763641799,0.145959442661115,,,,,,,,,
168,phase_shift,GAM,large_scale_comparison,Wald,-0.597837000755621,-0.569724800782969,-0.680193632773013,-0.459255968792924,0.0563616489745125,,,,,,,,,
168,phase_shift,Aligned NB,large_scale_comparison,Wald,-0.597837000755621,-0.663209109134644,-0.938640992676357,-0.38777722559293,0.140526471194752,,,,,,,,,
169,phase_shift,ITS,large_scale_comparison,Wald,-0.597837000755621,-0.600990810510359,-0.841265752589547,-0.360715868431171,0.122589256162851,,,,,,,,,
169,phase_shift,GAM,large_scale_comparison,Wald,-0.597837000755621,-0.67512982362791,-0.75693309281833,-0.59332655443749,0.0417363618318469,,,,,,,,,
169,phase_shift,Aligned NB,large_scale_comparison,Wald,-0.597837000755621,-0.610599092891149,-0.849896362853322,-0.371301822928977,0.122090443858251,,,,,,,,,
170,phase_shift,ITS,large_scale_comparison,Wald,-0.597837000755621,-0.998718479121191,-1.36822175880353,-0.629215199438848,0.188522081470583,,,,,,,,,
170,phase_shift,GAM,large_scale_comparison,Wald,-0.597837000755621,-0.646551274765853,-0.759897612720128,-0.533204936811577,0.0578297642623853,,,,,,,,,
170,phase_shift,Aligned NB,large_scale_comparison,Wald,-0.597837000755621,-1.03268746691672,-1.39781616220511,-0.66755877162833,0.186290150657342,,,,,,,,,
171,phase_shift,ITS,large_scale_comparison,Wald,-0.597837000755621,-0.541236035518796,-1.0186928904783,-0.0637791805592944,0.243600436203827,,,,,,,,,
171,phase_shift,GAM,large_scale_comparison,Wald,-0.597837000755621,-0.598558862175267,-0.679083640580773,-0.518034083769762,0.0410840706150539,,,,,,,,,
171,phase_shift,Aligned NB,large_scale_comparison,Wald,-0.597837000755621,-0.575183955313266,-1.04539939917264,-0.104968511453892,0.239905838703762,,,,,,,,,
172,phase_shift,ITS,large_scale_comparison,Wald,-0.597837000755621,-0.430144576727407,-0.601767213479943,-0.258521939974872,0.0875625697717016,,,,,,,,,
172,phase_shift,GAM,large_scale_comparison,Wald,-0.597837000755621,-0.410813908368402,-0.478677732655772,-0.342950084081033,0.0346244001466173,,,,,,,,,
172,phase_shift,Aligned NB,large_scale_comparison,Wald,-0.597837000755621,-0.469481805773962,-0.637714760237345,-0.301248851310579,0.0858331400323383,,,,,,,,,
173,phase_shift,ITS,large_scale_comparison,Wald,-0.597837000755621,-0.306425156213253,-0.545148953794757,-0.0677013586317485,0.121797855908931,,,,,,,,,
173,phase_shift,GAM,large_scale_comparison,Wald,-0.597837000755621,-0.415679818558892,-0.483430498595443,-0.347929138522341,0.0345666734880364,,,,,,,,,
173,phase_shift,Aligned NB,large_scale_comparison,Wald,-0.597837000755621,-0.325615718478618,-0.557436698331758,-0.0937947386254767,0.118276010129154,,,,,,,,,
174,phase_shift,ITS,large_scale_comparison,Wald,-0.597837000755621,-0.681874339304356,-1.09072501076124,-0.273023667847475,0.208597281355552,,,,,,,,,
174,phase_shift,GAM,large_scale_comparison,Wald,-0.597837000755621,-0.468958378011897,-0.545397481692481,-0.392519274331314,0.0389995426941752,,,,,,,,,
174,phase_shift,Aligned NB,large_scale_comparison,Wald,-0.597837000755621,-0.737126093733723,-1.1348495992775,-0.339402588189951,0.20292015588968,,,,,,,,,
175,phase_shift,ITS,large_scale_comparison,Wald,-0.597837000755621,-0.336427243310122,-0.59252390861516,-0.0803305780050835,0.130661563931142,,,,,,,,,
175,phase_shift,GAM,large_scale_comparison,Wald,-0.597837000755621,-0.265068080382021,-0.361470555010871,-0.16866560575317,0.0491849360351279,,,,,,,,,
175,phase_shift,Aligned NB,large_scale_comparison,Wald,-0.597837000755621,-0.364432964411391,-0.614021270313395,-0.114844658509387,0.127340972398982,,,,,,,,,
176,phase_shift,ITS,large_scale_comparison,Wald,-0.597837000755621,-0.599846585584638,-0.926893495897631,-0.272799675271646,0.166860668527037,,,,,,,,,
176,phase_shift,GAM,large_scale_comparison,Wald,-0.597837000755621,-0.957987142505575,-1.07340970307437,-0.842564581936777,0.0588890615146926,,,,,,,,,
176,phase_shift,Aligned NB,large_scale_comparison,Wald,-0.597837000755621,-0.607529688469078,-0.932142539842887,-0.282916837095269,0.165618801721331,,,,,,,,,
177,phase_shift,ITS,large_scale_comparison,Wald,-0.597837000755621,-0.275408068274527,-0.572237347519857,0.0214212109708039,0.151443509819046,,,,,,,,,
177,phase_shift,GAM,large_scale_comparison,Wald,-0.597837000755621,-0.419960732393867,-0.491868547279072,-0.348052917508662,0.0366876606557169,,,,,,,,,
177,phase_shift,Aligned NB,large_scale_comparison,Wald,-0.597837000755621,-0.293974230357819,-0.586162696335881,-0.00178576437975653,0.149075747947991,,,,,,,,,
178,phase_shift,ITS,large_scale_comparison,Wald,-0.597837000755621,-0.571013766250462,-0.889284184668234,-0.25274334783269,0.16238286653968,,,,,,,,,
178,phase_shift,GAM,large_scale_comparison,Wald,-0.597837000755621,-0.331787791752081,-0.448030391763472,-0.21554519174069,0.0593074489854036,,,,,,,,,
178,phase_shift,Aligned NB,large_scale_comparison,Wald,-0.597837000755621,-0.596351534689076,-0.908189811939475,-0.284513257438677,0.159101161862448,,,,,,,,,
179,phase_shift,ITS,large_scale_comparison,Wald,-0.597837000755621,-0.6215901644239,-0.87810872310088,-0.36507160574692,0.130876815651521,,,,,,,,,
179,phase_shift,GAM,large_scale_comparison,Wald,-0.597837000755621,-0.667345773714549,-0.770495314137312,-0.564196233291786,0.052627316542226,,,,,,,,,
179,phase_shift,Aligned NB,large_scale_comparison,Wald,-0.597837000755621,-0.661108137903782,-0.912159081200098,-0.410057194607465,0.128087215967509,,,,,,,,,
180,phase_shift,ITS,large_scale_comparison,Wald,-0.597837000755621,-0.618020068101913,-1.06445826862944,-0.171581867574389,0.22777459210588,,,,,,,,,
180,phase_shift,GAM,large_scale_comparison,Wald,-0.597837000755621,-0.718142172557291,-0.832030944009751,-0.604253401104831,0.0581065160471733,,,,,,,,,
180,phase_shift,Aligned NB,large_scale_comparison,Wald,-0.597837000755621,-0.608197597915928,-1.05453051260612,-0.161864683225742,0.227720874841932,,,,,,,,,
181,phase_shift,ITS,large_scale_comparison,Wald,-0.597837000755621,-0.286879844059412,-0.608538986203393,0.0347792980845696,0.164111807216317,,,,,,,,,
181,phase_shift,GAM,large_scale_comparison,Wald,-0.597837000755621,-0.304085145793812,-0.398939966010784,-0.209230325576841,0.0483953164372303,,,,,,,,,
181,phase_shift,Aligned NB,large_scale_comparison,Wald,-0.597837000755621,-0.307164488972872,-0.624378143340377,0.0100491653946324,0.161843701207911,,,,,,,,,
182,phase_shift,ITS,large_scale_comparison,Wald,-0.597837000755621,-0.529389961148191,-0.837247029704537,-0.221532892591845,0.157069932936911,,,,,,,,,
182,phase_shift,GAM,large_scale_comparison,Wald,-0.597837000755621,-0.936816533127833,-1.05114099859282,-0.822492067662842,0.0583288089107098,,,,,,,,,
182,phase_shift,Aligned NB,large_scale_comparison,Wald,-0.597837000755621,-0.555959382936655,-0.859162144077482,-0.252756621795827,0.15469528629634,,,,,,,,,
183,phase_shift,ITS,large_scale_comparison,Wald,-0.597837000755621,-0.5365140084319,-0.747717633984418,-0.325310382879382,0.107756951812509,,,,,,,,,
183,phase_shift,GAM,large_scale_comparison,Wald,-0.597837000755621,-0.281992997058873,-0.375925651815737,-0.188060342302009,0.0479248238555429,,,,,,,,,
183,phase_shift,Aligned NB,large_scale_comparison,Wald,-0.597837000755621,-0.566666272407185,-0.774967836897697,-0.358364707916672,0.106276308413527,,,,,,,,,
184,phase_shift,ITS,large_scale_comparison,Wald,-0.597837000755621,-0.548896075854884,-0.903995666117457,-0.193796485592312,0.181173260338047,,,,,,,,,
184,phase_shift,GAM,large_scale_comparison,Wald,-0.597837000755621,-0.444567183396406,-0.524569970705313,-0.364564396087499,0.0408177486269935,,,,,,,,,
184,phase_shift,Aligned NB,large_scale_comparison,Wald,-0.597837000755621,-0.600115161105203,-0.948888561473944,-0.251341760736462,0.177945612433031,,,,,,,,,
185,phase_shift,ITS,large_scale_comparison,Wald,-0.597837000755621,-0.588893006406282,-0.975602376639819,-0.202183636172745,0.197300699098743,,,,,,,,,
185,phase_shift,GAM,large_scale_comparison,Wald,-0.597837000755621,-0.681828106824183,-0.799652082119109,-0.564004131529256,0.0601142731096565,,,,,,,,,
185,phase_shift,Aligned NB,large_scale_comparison,Wald,-0.597837000755621,-0.598596902240982,-0.979453243945937,-0.217740560536027,0.194314460053548,,,,,,,,,
186,phase_shift,ITS,large_scale_comparison,Wald,-0.597837000755621,-0.219628669238665,-0.563621375404783,0.124364036927454,0.175506482737816,,,,,,,,,
186,phase_shift,GAM,large_scale_comparison,Wald,-0.597837000755621,-0.61627524415591,-0.718851037976001,-0.51369945033582,0.0523345886837197,,,,,,,,,
186,phase_shift,Aligned NB,large_scale_comparison,Wald,-0.597837000755621,-0.233957640117784,-0.575891465840193,0.107976185604626,0.174456033531842,,,,,,,,,
187,phase_shift,ITS,large_scale_comparison,Wald,-0.597837000755621,-0.287503618537323,-0.664080566381761,0.0890733293071139,0.192131095838999,,,,,,,,,
187,phase_shift,GAM,large_scale_comparison,Wald,-0.597837000755621,-0.291613875354492,-0.408136757552813,-0.175090993156171,0.059450450101184,,,,,,,,,
187,phase_shift,Aligned NB,large_scale_comparison,Wald,-0.597837000755621,-0.305693798297338,-0.679393622027076,0.0680060254324006,0.190663175372315,,,,,,,,,
188,phase_shift,ITS,large_scale_comparison,Wald,-0.597837000755621,-0.943628685009316,-1.23808254354292,-0.649174826475715,0.150231560476327,,,,,,,,,
188,phase_shift,GAM,large_scale_comparison,Wald,-0.597837000755621,-0.449082928678065,-0.554224777338002,-0.343941080018128,0.0536438003367024,,,,,,,,,
188,phase_shift,Aligned NB,large_scale_comparison,Wald,-0.597837000755621,-0.956868517043413,-1.24939263830253,-0.664344395784292,0.149247000642409,,,,,,,,,
189,phase_shift,ITS,large_scale_comparison,Wald,-0.597837000755621,-0.288792532029338,-0.56741865500289,-0.0101664090557861,0.142156185190588,,,,,,,,,
189,phase_shift,GAM,large_scale_comparison,Wald,-0.597837000755621,-0.506093607620779,-0.606271022837827,-0.405916192403731,0.0511109261311469,,,,,,,,,
189,phase_shift,Aligned NB,large_scale_comparison,Wald,-0.597837000755621,-0.329122237476833,-0.601076721041698,-0.0571677539119686,0.138752287533094,,,,,,,,,
190,phase_shift,ITS,large_scale_comparison,Wald,-0.597837000755621,-0.617166864771241,-0.896909029518326,-0.337424700024156,0.142725594258717,,,,,,,,,
190,phase_shift,GAM,large_scale_comparison,Wald,-0.597837000755621,-0.475064359243286,-0.571219942700322,-0.37890877578625,0.049058971151549,,,,,,,,,
190,phase_shift,Aligned NB,large_scale_comparison,Wald,-0.597837000755621,-0.639207179634806,-0.914174919213213,-0.364239440056399,0.140289663050208,,,,,,,,,
191,phase_shift,ITS,large_scale_comparison,Wald,-0.597837000755621,-0.406158837910153,-0.653706137970535,-0.158611537849772,0.12629964288795,,,,,,,,,
191,phase_shift,GAM,large_scale_comparison,Wald,-0.597837000755621,-0.497502412738695,-0.595724287443708,-0.399280538033681,0.0501132013801089,,,,,,,,,
191,phase_shift,Aligned NB,large_scale_comparison,Wald,-0.597837000755621,-0.482457037429139,-0.716884185804192,-0.248029889054086,0.119605687946456,,,,,,,,,
192,phase_shift,ITS,large_scale_comparison,Wald,-0.597837000755621,-1.03524851218116,-1.43138819074752,-0.639108833614806,0.202112080901203,,,,,,,,,
192,phase_shift,GAM,large_scale_comparison,Wald,-0.597837000755621,-0.560915465956886,-0.677971453493543,-0.443859478420229,0.0597224426207434,,,,,,,,,
192,phase_shift,Aligned NB,large_scale_comparison,Wald,-0.597837000755621,-1.10383149064625,-1.48681450266624,-0.720848478626259,0.195399495928566,,,,,,,,,
193,phase_shift,ITS,large_scale_comparison,Wald,-0.597837000755621,-0.135809807392161,-0.557540097192604,0.285920482408281,0.215168515204307,,,,,,,,,
193,phase_shift,GAM,large_scale_comparison,Wald,-0.597837000755621,-0.87313211071799,-0.991125398778292,-0.755138822657687,0.0602006571736239,,,,,,,,,
193,phase_shift,Aligned NB,large_scale_comparison,Wald,-0.597837000755621,-0.149456164038148,-0.560958923092023,0.262046595015728,0.209950387272385,,,,,,,,,
194,phase_shift,ITS,large_scale_comparison,Wald,-0.597837000755621,-0.887026800162954,-1.20110052256879,-0.572953077757118,0.160241695105018,,,,,,,,,
194,phase_shift,GAM,large_scale_comparison,Wald,-0.597837000755621,-0.567403568058454,-0.660641928910591,-0.474165207206318,0.0475705922714982,,,,,,,,,
194,phase_shift,Aligned NB,large_scale_comparison,Wald,-0.597837000755621,-0.907795311869666,-1.21876053603882,-0.596830087700513,0.158655726616915,,,,,,,,,
195,phase_shift,ITS,large_scale_comparison,Wald,-0.597837000755621,-0.355831603096703,-0.741263306134042,0.0296000999406356,0.196648828080275,,,,,,,,,
195,phase_shift,GAM,large_scale_comparison,Wald,-0.597837000755621,-0.618286021597219,-0.731707966532523,-0.504864076661914,0.0578683392527064,,,,,,,,,
195,phase_shift,Aligned NB,large_scale_comparison,Wald,-0.597837000755621,-0.358681457523294,-0.743426366186767,0.0260634511401778,0.196298422787486,,,,,,,,,
196,phase_shift,ITS,large_scale_comparison,Wald,-0.597837000755621,-0.521119160883291,-0.768427415105994,-0.273810906660588,0.126177680725869,,,,,,,,,
196,phase_shift,GAM,large_scale_comparison,Wald,-0.597837000755621,-0.46077383161828,-0.525240923405383,-0.396306739831176,0.0328913733607671,,,,,,,,,
196,phase_shift,Aligned NB,large_scale_comparison,Wald,-0.597837000755621,-0.53047737797144,-0.776092767353568,-0.284861988589312,0.125313974174555,,,,,,,,,
197,phase_shift,ITS,large_scale_comparison,Wald,-0.597837000755621,-0.341300219945262,-0.720321953205938,0.0377215133154142,0.19337843533708,,,,,,,,,
197,phase_shift,GAM,large_scale_comparison,Wald,-0.597837000755621,-0.516677001861515,-0.631746566389007,-0.401607437334022,0.0587089614936187,,,,,,,,,
197,phase_shift,Aligned NB,large_scale_comparison,Wald,-0.597837000755621,-0.359181624293138,-0.725438296764131,0.00707504817785448,0.186865649219894,,,,,,,,,
198,phase_shift,ITS,large_scale_comparison,Wald,-0.597837000755621,-0.607706421271857,-0.872852422062513,-0.3425604204812,0.135278571831968,,,,,,,,,
198,phase_shift,GAM,large_scale_comparison,Wald,-0.597837000755621,-0.251369034636539,-0.337854042692123,-0.164884026580956,0.0441250041099916,,,,,,,,,
198,phase_shift,Aligned NB,large_scale_comparison,Wald,-0.597837000755621,-0.637588210337002,-0.898559332548344,-0.37661708812566,0.133148531740481,,,,,,,,,
199,phase_shift,ITS,large_scale_comparison,Wald,-0.597837000755621,-0.693544674239855,-1.0423731771067,-0.344716171373009,0.177973725952473,,,,,,,,,
199,phase_shift,GAM,large_scale_comparison,Wald,-0.597837000755621,-0.322448068342907,-0.415209630103572,-0.229686506582242,0.0473273274289106,,,,,,,,,
199,phase_shift,Aligned NB,large_scale_comparison,Wald,-0.597837000755621,-0.745688306536923,-1.08515702352684,-0.406219589547011,0.173198324994853,,,,,,,,,
200,phase_shift,ITS,large_scale_comparison,Wald,-0.597837000755621,-0.566476254617384,-0.89773781920612,-0.235214690028648,0.169011002341192,,,,,,,,,
200,phase_shift,GAM,large_scale_comparison,Wald,-0.597837000755621,-0.582671018163909,-0.679306267897421,-0.486035768430398,0.0493036988436284,,,,,,,,,
200,phase_shift,Aligned NB,large_scale_comparison,Wald,-0.597837000755621,-0.567184764043589,-0.897360917047026,-0.237008611040153,0.168457220920121,,,,,,,,,
201,phase_shift,ITS,large_scale_comparison,Wald,-0.597837000755621,-0.458249651212064,-0.663082426058307,-0.25341687636582,0.104506517778695,,,,,,,,,
201,phase_shift,GAM,large_scale_comparison,Wald,-0.597837000755621,-0.405789155493535,-0.497089597902884,-0.314488713084186,0.0465818583721169,,,,,,,,,
201,phase_shift,Aligned NB,large_scale_comparison,Wald,-0.597837000755621,-0.491780996978812,-0.692579698676732,-0.290982295280891,0.102448317192816,,,,,,,,,
202,phase_shift,ITS,large_scale_comparison,Wald,-0.597837000755621,-1.15676254101757,-1.50208213409713,-0.811442947938014,0.176183465856917,,,,,,,,,
202,phase_shift,GAM,large_scale_comparison,Wald,-0.597837000755621,-0.639483535277552,-0.756131641891853,-0.522835428663251,0.0595143401093372,,,,,,,,,
202,phase_shift,Aligned NB,large_scale_comparison,Wald,-0.597837000755621,-1.17329094409199,-1.51684219994198,-0.829739688241989,0.175281252984693,,,,,,,,,
203,phase_shift,ITS,large_scale_comparison,Wald,-0.597837000755621,-0.949202626022348,-1.20458958133765,-0.693815670707048,0.130299466997602,,,,,,,,,
203,phase_shift,GAM,large_scale_comparison,Wald,-0.597837000755621,-0.404034135648236,-0.470429830591861,-0.337638440704611,0.0338753545630738,,,,,,,,,
203,phase_shift,Aligned NB,large_scale_comparison,Wald,-0.597837000755621,-0.967961709692918,-1.22235593728029,-0.713567482105545,0.129792973258864,,,,,,,,,
204,phase_shift,ITS,large_scale_comparison,Wald,-0.597837000755621,-0.591942074891909,-0.836301119404518,-0.3475830303793,0.124672981894188,,,,,,,,,
204,phase_shift,GAM,large_scale_comparison,Wald,-0.597837000755621,-0.469613959740876,-0.564282112301444,-0.374945807180308,0.0483000778370247,,,,,,,,,
204,phase_shift,Aligned NB,large_scale_comparison,Wald,-0.597837000755621,-0.613542254947297,-0.855707440915755,-0.371377068978839,0.123553666310438,,,,,,,,,
205,phase_shift,ITS,large_scale_comparison,Wald,-0.597837000755621,-0.212415346025402,-0.53891231482346,0.114081622772655,0.166580086121458,,,,,,,,,
205,phase_shift,GAM,large_scale_comparison,Wald,-0.597837000755621,-0.511661927473727,-0.602339371155481,-0.420984483791973,0.0462640018784458,,,,,,,,,
205,phase_shift,Aligned NB,large_scale_comparison,Wald,-0.597837000755621,-0.19844699272409,-0.514912013560557,0.118018028112377,0.161461745324728,,,,,,,,,
206,phase_shift,ITS,large_scale_comparison,Wald,-0.597837000755621,-0.736442007598031,-0.983048792492598,-0.489835222703464,0.125819788211514,,,,,,,,,
206,phase_shift,GAM,large_scale_comparison,Wald,-0.597837000755621,-0.486545286016494,-0.560153953720012,-0.412936618312976,0.0375554427058764,,,,,,,,,
206,phase_shift,Aligned NB,large_scale_comparison,Wald,-0.597837000755621,-0.749398999136565,-0.99507072863796,-0.50372726963517,0.125342719133365,,,,,,,,,
207,phase_shift,ITS,large_scale_comparison,Wald,-0.597837000755621,-0.495645605819597,-0.797006352363482,-0.194284859275711,0.153755482930554,,,,,,,,,
207,phase_shift,GAM,large_scale_comparison,Wald,-0.597837000755621,-0.332736274328334,-0.427135248591674,-0.238337300064994,0.0481627419710918,,,,,,,,,
207,phase_shift,Aligned NB,large_scale_comparison,Wald,-0.597837000755621,-0.506186103913445,-0.804566367515868,-0.207805840311021,0.152234828368583,,,,,,,,,
208,phase_shift,ITS,large_scale_comparison,Wald,-0.597837000755621,-0.280865019272864,-0.607300512543422,0.0455704739976945,0.166548721056407,,,,,,,,,
208,phase_shift,GAM,large_scale_comparison,Wald,-0.597837000755621,-0.775942935819496,-0.885007675427989,-0.666878196211004,0.0556452753104552,,,,,,,,,
208,phase_shift,Aligned NB,large_scale_comparison,Wald,-0.597837000755621,-0.291229304455974,-0.614052326881498,0.0315937179695506,0.164705623686492,,,,,,,,,
209,phase_shift,ITS,large_scale_comparison,Wald,-0.597837000755621,-0.41261224307606,-0.615300643275743,-0.209923842876376,0.103412449081471,,,,,,,,,
209,phase_shift,GAM,large_scale_comparison,Wald,-0.597837000755621,-0.56034060736095,-0.657940228186525,-0.462740986535375,0.0497957249110078,,,,,,,,,
209,phase_shift,Aligned NB,large_scale_comparison,Wald,-0.597837000755621,-0.447180290423476,-0.645276940868766,-0.249083639978185,0.101069719614944,,,,,,,,,
210,phase_shift,ITS,large_scale_comparison,Wald,-0.597837000755621,-0.486338327121876,-0.841431381584093,-0.131245272659659,0.181169925746029,,,,,,,,,
210,phase_shift,GAM,large_scale_comparison,Wald,-0.597837000755621,-0.636987210165615,-0.711201153795097,-0.562773266536134,0.037864256953817,,,,,,,,,
210,phase_shift,Aligned NB,large_scale_comparison,Wald,-0.597837000755621,-0.514121684626514,-0.8628446031518,-0.165398766101228,0.177919856390452,,,,,,,,,
211,phase_shift,ITS,large_scale_comparison,Wald,-0.597837000755621,-0.542299220298931,-0.883461189810801,-0.201137250787061,0.174062229342791,,,,,,,,,
211,phase_shift,GAM,large_scale_comparison,Wald,-0.597837000755621,-0.466013085530899,-0.561002678131135,-0.371023492930663,0.0484640778572632,,,,,,,,,
211,phase_shift,Aligned NB,large_scale_comparison,Wald,-0.597837000755621,-0.628299336216697,-0.950884532984176,-0.305714139449218,0.16458428406504,,,,,,,,,
212,phase_shift,ITS,large_scale_comparison,Wald,-0.597837000755621,-1.03882350618759,-1.53961809327837,-0.538028919096804,0.255507442393257,,,,,,,,,
212,phase_shift,GAM,large_scale_comparison,Wald,-0.597837000755621,-0.315956657100845,-0.427251557465533,-0.204661756736157,0.0567831124309631,,,,,,,,,
212,phase_shift,Aligned NB,large_scale_comparison,Wald,-0.597837000755621,-1.09718713088399,-1.58465173882535,-0.609722522942638,0.248706432623141,,,,,,,,,
213,phase_shift,ITS,large_scale_comparison,Wald,-0.597837000755621,-0.615256679147727,-1.11352959534826,-0.116983762947195,0.254220875612516,,,,,,,,,
213,phase_shift,GAM,large_scale_comparison,Wald,-0.597837000755621,-0.351474235059868,-0.455664954490367,-0.247283515629368,0.0531585303216836,,,,,,,,,
213,phase_shift,Aligned NB,large_scale_comparison,Wald,-0.597837000755621,-0.623789189814042,-1.12229886084772,-0.125279518780361,0.254341668894735,,,,,,,,,
214,phase_shift,ITS,large_scale_comparison,Wald,-0.597837000755621,-0.330143156044954,-0.846384018728438,0.18609770663853,0.263388195246676,,,,,,,,,
214,phase_shift,GAM,large_scale_comparison,Wald,-0.597837000755621,-0.408049022085284,-0.498886957228172,-0.317211086942396,0.0463458852769838,,,,,,,,,
214,phase_shift,Aligned NB,large_scale_comparison,Wald,-0.597837000755621,-0.358388324479695,-0.864460792111053,0.147684143151663,0.258200238587427,,,,,,,,,
215,phase_shift,ITS,large_scale_comparison,Wald,-0.597837000755621,-0.652553785375441,-0.950241359479335,-0.354866211271546,0.15188141535913,,,,,,,,,
215,phase_shift,GAM,large_scale_comparison,Wald,-0.597837000755621,-0.578983575846801,-0.682117394696456,-0.475849756997146,0.0526192953314568,,,,,,,,,
215,phase_shift,Aligned NB,large_scale_comparison,Wald,-0.597837000755621,-0.655480172368582,-0.95321227469895,-0.357748070038215,0.151904133842024,,,,,,,,,
216,phase_shift,ITS,large_scale_comparison,Wald,-0.597837000755621,-0.277754110289733,-0.521297760166718,-0.0342104604127476,0.124256964222952,,,,,,,,,
216,phase_shift,GAM,large_scale_comparison,Wald,-0.597837000755621,-0.576849881077208,-0.668904896864062,-0.484794865290355,0.046966844789211,,,,,,,,,
216,phase_shift,Aligned NB,large_scale_comparison,Wald,-0.597837000755621,-0.279555723311017,-0.518747056201642,-0.0403643904203916,0.122036394331952,,,,,,,,,
217,phase_shift,ITS,large_scale_comparison,Wald,-0.597837000755621,-0.2737853689997,-0.607261500078931,0.0596907620795315,0.170140883203689,,,,,,,,,
217,phase_shift,GAM,large_scale_comparison,Wald,-0.597837000755621,-0.415773787268168,-0.497357599720162,-0.334189974816174,0.0416243941081603,,,,,,,,,
217,phase_shift,Aligned NB,large_scale_comparison,Wald,-0.597837000755621,-0.348169373603385,-0.6700024548085,-0.0263362923982695,0.164200551635263,,,,,,,,,
218,phase_shift,ITS,large_scale_comparison,Wald,-0.597837000755621,-0.789824744896846,-1.07370765280513,-0.505941836988562,0.144838218320553,,,,,,,,,
218,phase_shift,GAM,large_scale_comparison,Wald,-0.597837000755621,-0.289635693093502,-0.403610913711692,-0.175660472475312,0.0581506227643827,,,,,,,,,
218,phase_shift,Aligned NB,large_scale_comparison,Wald,-0.597837000755621,-0.800701544326339,-1.08295695112163,-0.518446137531051,0.144007860609841,,,,,,,,,
219,phase_shift,ITS,large_scale_comparison,Wald,-0.597837000755621,-0.590170794733283,-0.869231423405926,-0.311110166060641,0.142377871771756,,,,,,,,,
219,phase_shift,GAM,large_scale_comparison,Wald,-0.597837000755621,-0.586104483442073,-0.683508440705484,-0.488700526178662,0.0496958965629647,,,,,,,,,
219,phase_shift,Aligned NB,large_scale_comparison,Wald,-0.597837000755621,-0.615511080822993,-0.891086416965932,-0.339935744680055,0.140599661297418,,,,,,,,,
220,phase_shift,ITS,large_scale_comparison,Wald,-0.597837000755621,-0.573818127782056,-0.777905331551875,-0.369730924012236,0.104126124372357,,,,,,,,,
220,phase_shift,GAM,large_scale_comparison,Wald,-0.597837000755621,-0.410941012204291,-0.480167615867245,-0.341714408541336,0.0353196957464054,,,,,,,,,
220,phase_shift,Aligned NB,large_scale_comparison,Wald,-0.597837000755621,-0.656847512906432,-0.854041521075525,-0.45965350473734,0.100609187841374,,,,,,,,,
221,phase_shift,ITS,large_scale_comparison,Wald,-0.597837000755621,-0.503514606853698,-0.721096596219504,-0.285932617487893,0.111011219064187,,,,,,,,,
221,phase_shift,GAM,large_scale_comparison,Wald,-0.597837000755621,-0.210351541023285,-0.297794166383358,-0.122908915663212,0.0446135843673843,,,,,,,,,
221,phase_shift,Aligned NB,large_scale_comparison,Wald,-0.597837000755621,-0.504454477151755,-0.721715561876783,-0.287193392426727,0.110847492206647,,,,,,,,,
222,phase_shift,ITS,large_scale_comparison,Wald,-0.597837000755621,-0.413893319760234,-0.638099766372341,-0.189686873148127,0.114391044189851,,,,,,,,,
222,phase_shift,GAM,large_scale_comparison,Wald,-0.597837000755621,-0.669902891016679,-0.743151382606182,-0.596654399427175,0.0373716793823996,,,,,,,,,
222,phase_shift,Aligned NB,large_scale_comparison,Wald,-0.597837000755621,-0.447129881750106,-0.666650680264629,-0.227609083235583,0.112000407405369,,,,,,,,,
223,phase_shift,ITS,large_scale_comparison,Wald,-0.597837000755621,-0.821480184963018,-1.11648431617149,-0.52647605375455,0.150512311841055,,,,,,,,,
223,phase_shift,GAM,large_scale_comparison,Wald,-0.597837000755621,-0.323527255036144,-0.414182478448991,-0.232872031623297,0.0462526650065547,,,,,,,,,
223,phase_shift,Aligned NB,large_scale_comparison,Wald,-0.597837000755621,-0.921973390990382,-1.20831966446371,-0.63562711751705,0.146095037486394,,,,,,,,,
224,phase_shift,ITS,large_scale_comparison,Wald,-0.597837000755621,-0.487712396409991,-0.67719392689085,-0.298230865929132,0.0966742502453363,,,,,,,,,
224,phase_shift,GAM,large_scale_comparison,Wald,-0.597837000755621,-0.607982873244431,-0.706217674503977,-0.509748071984885,0.0501197965609927,,,,,,,,,
224,phase_shift,Aligned NB,large_scale_comparison,Wald,-0.597837000755621,-0.562080716690391,-0.743618417648447,-0.380543015732335,0.0926212759990081,,,,,,,,,
225,phase_shift,ITS,large_scale_comparison,Wald,-0.597837000755621,-0.543560588723238,-0.847508913968778,-0.239612263477697,0.155075676145684,,,,,,,,,
225,phase_shift,GAM,large_scale_comparison,Wald,-0.597837000755621,-0.73448020056003,-0.845221068708514,-0.623739332411545,0.0565004429329003,,,,,,,,,
225,phase_shift,Aligned NB,large_scale_comparison,Wald,-0.597837000755621,-0.550647254056573,-0.853685497463907,-0.247609010649239,0.154611348677211,,,,,,,,,
226,phase_shift,ITS,large_scale_comparison,Wald,-0.597837000755621,-0.690549106605645,-0.997632480814417,-0.383465732396873,0.156675190922843,,,,,,,,,
226,phase_shift,GAM,large_scale_comparison,Wald,-0.597837000755621,-0.579557485547896,-0.678993866790014,-0.480121104305778,0.0507328475725092,,,,,,,,,
226,phase_shift,Aligned NB,large_scale_comparison,Wald,-0.597837000755621,-0.749893080500549,-1.04863516333905,-0.451150997662045,0.152419430019645,,,,,,,,,
227,phase_shift,ITS,large_scale_comparison,Wald,-0.597837000755621,-0.576228229539663,-0.868339679243213,-0.284116779836113,0.149036453930383,,,,,,,,,
227,phase_shift,GAM,large_scale_comparison,Wald,-0.597837000755621,-0.725965549633976,-0.83354176819091,-0.618389331077042,0.0548858257943542,,,,,,,,,
227,phase_shift,Aligned NB,large_scale_comparison,Wald,-0.597837000755621,-0.612823953980424,-0.899127594425565,-0.326520313535284,0.146073285941398,,,,,,,,,
228,phase_shift,ITS,large_scale_comparison,Wald,-0.597837000755621,-0.286293443592857,-0.54331837513557,-0.0292685120501441,0.131135169154445,,,,,,,,,
228,phase_shift,GAM,large_scale_comparison,Wald,-0.597837000755621,-0.566576834308646,-0.640842291010609,-0.492311377606682,0.0378905391336548,,,,,,,,,
228,phase_shift,Aligned NB,large_scale_comparison,Wald,-0.597837000755621,-0.282742702516264,-0.539513160283647,-0.0259722447488817,0.131005335595603,,,,,,,,,
229,phase_shift,ITS,large_scale_comparison,Wald,-0.597837000755621,-0.716135582953949,-1.00113147065766,-0.431139695250233,0.145406065154957,,,,,,,,,
229,phase_shift,GAM,large_scale_comparison,Wald,-0.597837000755621,-0.671837360617871,-0.749397243325295,-0.594277477910447,0.0395713687282776,,,,,,,,,
229,phase_shift,Aligned NB,large_scale_comparison,Wald,-0.597837000755621,-0.75742266776399,-1.03671153481088,-0.478133800717103,0.142494319921881,,,,,,,,,
230,phase_shift,ITS,large_scale_comparison,Wald,-0.597837000755621,-0.65732424235962,-1.03110623468956,-0.283542250029674,0.190705098127523,,,,,,,,,
230,phase_shift,GAM,large_scale_comparison,Wald,-0.597837000755621,-0.404433533756849,-0.507594830138703,-0.301272237374995,0.0526333144805378,,,,,,,,,
230,phase_shift,Aligned NB,large_scale_comparison,Wald,-0.597837000755621,-0.681388266047675,-1.05080104895136,-0.311975483143991,0.188475909644737,,,,,,,,,
231,phase_shift,ITS,large_scale_comparison,Wald,-0.597837000755621,-0.518248166020103,-0.778710905109213,-0.257785426930994,0.132889152596484,,,,,,,,,
231,phase_shift,GAM,large_scale_comparison,Wald,-0.597837000755621,-0.412398354881405,-0.504116103465528,-0.320680606297282,0.0467947696857771,,,,,,,,,
231,phase_shift,Aligned NB,large_scale_comparison,Wald,-0.597837000755621,-0.596702822554059,-0.841948282006259,-0.351457363101859,0.125125234414388,,,,,,,,,
232,phase_shift,ITS,large_scale_comparison,Wald,-0.597837000755621,-0.410194823040502,-0.735542517151265,-0.0848471289297401,0.165993721485083,,,,,,,,,
232,phase_shift,GAM,large_scale_comparison,Wald,-0.597837000755621,-0.462141181650145,-0.540909328186103,-0.383373035114187,0.0401878298652849,,,,,,,,,
232,phase_shift,Aligned NB,large_scale_comparison,Wald,-0.597837000755621,-0.45918839970751,-0.774740791396918,-0.143636008018101,0.160996118208882,,,,,,,,,
233,phase_shift,ITS,large_scale_comparison,Wald,-0.597837000755621,-0.368483998000134,-0.665722774424239,-0.0712452215760292,0.151652436951074,,,,,,,,,
233,phase_shift,GAM,large_scale_comparison,Wald,-0.597837000755621,-0.378784854858001,-0.485567879894356,-0.272001829821646,0.0544811352226302,,,,,,,,,
233,phase_shift,Aligned NB,large_scale_comparison,Wald,-0.597837000755621,-0.441379633856094,-0.727628637846888,-0.1551306298653,0.146045410199385,,,,,,,,,
234,phase_shift,ITS,large_scale_comparison,Wald,-0.597837000755621,-0.499592492743625,-0.732855944650899,-0.266329040836351,0.119011965258813,,,,,,,,,
234,phase_shift,GAM,large_scale_comparison,Wald,-0.597837000755621,-0.330302687379872,-0.423531137268489,-0.237074237491255,0.0475655356574576,,,,,,,,,
234,phase_shift,Aligned NB,large_scale_comparison,Wald,-0.597837000755621,-0.537387770798946,-0.766157860378827,-0.308617681219064,0.116719433459123,,,,,,,,,
235,phase_shift,ITS,large_scale_comparison,Wald,-0.597837000755621,-0.52889173139213,-0.757243796586609,-0.300539666197652,0.116506155711469,,,,,,,,,
235,phase_shift,GAM,large_scale_comparison,Wald,-0.597837000755621,-0.449233101160544,-0.539446310980453,-0.359019891340636,0.0460271478673003,,,,,,,,,
235,phase_shift,Aligned NB,large_scale_comparison,Wald,-0.597837000755621,-0.573996311046393,-0.795313344418763,-0.352679277674023,0.112916853761413,,,,,,,,,
236,phase_shift,ITS,large_scale_comparison,Wald,-0.597837000755621,-0.528328230250676,-0.857062999324845,-0.199593461176507,0.167721820956209,,,,,,,,,
236,phase_shift,GAM,large_scale_comparison,Wald,-0.597837000755621,-0.418569472093203,-0.500724650806349,-0.336414293380057,0.0419159075067072,,,,,,,,,
236,phase_shift,Aligned NB,large_scale_comparison,Wald,-0.597837000755621,-0.557305541703815,-0.878560953427286,-0.236050129980345,0.163905822307893,,,,,,,,,
237,phase_shift,ITS,large_scale_comparison,Wald,-0.597837000755621,-0.621779287320197,-0.93997091783439,-0.303587656806004,0.16234266862969,,,,,,,,,
237,phase_shift,GAM,large_scale_comparison,Wald,-0.597837000755621,-0.366427408028183,-0.454833716821557,-0.278021099234809,0.045105259588456,,,,,,,,,
237,phase_shift,Aligned NB,large_scale_comparison,Wald,-0.597837000755621,-0.706147691285827,-1.01477533167059,-0.397520050901061,0.157463081828962,,,,,,,,,
238,phase_shift,ITS,large_scale_comparison,Wald,-0.597837000755621,-0.419570366673274,-0.661901855277405,-0.177238878069143,0.123638514593944,,,,,,,,,
238,phase_shift,GAM,large_scale_comparison,Wald,-0.597837000755621,-0.336567949334104,-0.409790193143481,-0.263345705524727,0.0373582876578454,,,,,,,,,
238,phase_shift,Aligned NB,large_scale_comparison,Wald,-0.597837000755621,-0.436415436544595,-0.673811227877443,-0.199019645211747,0.121120301700433,,,,,,,,,
239,phase_shift,ITS,large_scale_comparison,Wald,-0.597837000755621,-0.820113280383147,-1.12464288985892,-0.515583670907376,0.155372249732536,,,,,,,,,
239,phase_shift,GAM,large_scale_comparison,Wald,-0.597837000755621,-0.486435295946205,-0.583833972762591,-0.389036619129819,0.0496932024573396,,,,,,,,,
239,phase_shift,Aligned NB,large_scale_comparison,Wald,-0.597837000755621,-0.895945222197523,-1.19294362751354,-0.598946816881509,0.151529798630619,,,,,,,,,
240,phase_shift,ITS,large_scale_comparison,Wald,-0.597837000755621,-0.539716345132831,-0.835735998870514,-0.243696691395148,0.15103043558045,,,,,,,,,
240,phase_shift,GAM,large_scale_comparison,Wald,-0.597837000755621,-0.52881206612343,-0.609559112558783,-0.448065019688076,0.0411974726710986,,,,,,,,,
240,phase_shift,Aligned NB,large_scale_comparison,Wald,-0.597837000755621,-0.557945708962175,-0.852239531526519,-0.263651886397831,0.150149909471604,,,,,,,,,
241,phase_shift,ITS,large_scale_comparison,Wald,-0.597837000755621,-0.354188488697931,-0.66970346150863,-0.0386735158872315,0.160977026944234,,,,,,,,,
241,phase_shift,GAM,large_scale_comparison,Wald,-0.597837000755621,-0.794044008329131,-0.90965593237754,-0.678432084280722,0.0589856755349027,,,,,,,,,
241,phase_shift,Aligned NB,large_scale_comparison,Wald,-0.597837000755621,-0.355074709627317,-0.66978433830122,-0.0403650809534136,0.160566137078522,,,,,,,,,
242,phase_shift,ITS,large_scale_comparison,Wald,-0.597837000755621,-1.06454744166131,-1.4408603856911,-0.68823449763151,0.191996400015203,,,,,,,,,
242,phase_shift,GAM,large_scale_comparison,Wald,-0.597837000755621,-0.318045992873184,-0.385348537007048,-0.250743448739321,0.0343380327213587,,,,,,,,,
242,phase_shift,Aligned NB,large_scale_comparison,Wald,-0.597837000755621,-1.14820622528432,-1.51381514591613,-0.782597304652517,0.186535163587656,,,,,,,,,
243,phase_shift,ITS,large_scale_comparison,Wald,-0.597837000755621,-0.488568256534383,-0.886293246448247,-0.0908432666205187,0.202920913221359,,,,,,,,,
243,phase_shift,GAM,large_scale_comparison,Wald,-0.597837000755621,-0.431827555679865,-0.546685101814728,-0.316970009545002,0.0586007888443178,,,,,,,,,
243,phase_shift,Aligned NB,large_scale_comparison,Wald,-0.597837000755621,-0.518104551444787,-0.906707218640457,-0.129501884249117,0.198266666936566,,,,,,,,,
244,phase_shift,ITS,large_scale_comparison,Wald,-0.597837000755621,-0.385802067210759,-0.704066689518005,-0.0675374449035127,0.162379909340432,,,,,,,,,
244,phase_shift,GAM,large_scale_comparison,Wald,-0.597837000755621,-0.455000416121551,-0.52354610711533,-0.386454725127772,0.0349722913233566,,,,,,,,,
244,phase_shift,Aligned NB,large_scale_comparison,Wald,-0.597837000755621,-0.406246967846067,-0.717650720412946,-0.094843215279188,0.158879465595346,,,,,,,,,
245,phase_shift,ITS,large_scale_comparison,Wald,-0.597837000755621,-0.581700750249796,-0.797329862057459,-0.366071638442133,0.110014852963093,,,,,,,,,
245,phase_shift,GAM,large_scale_comparison,Wald,-0.597837000755621,-0.326968227966453,-0.421027805727865,-0.23290865020504,0.0479895804905166,,,,,,,,,
245,phase_shift,Aligned NB,large_scale_comparison,Wald,-0.597837000755621,-0.653215446668396,-0.861043252260526,-0.445387641076266,0.106034594689862,,,,,,,,,
246,phase_shift,ITS,large_scale_comparison,Wald,-0.597837000755621,-0.053654075245411,-0.426947922306975,0.319639771816154,0.190456044419166,,,,,,,,,
246,phase_shift,GAM,large_scale_comparison,Wald,-0.597837000755621,-0.926644502027568,-1.04225013938428,-0.811038864670854,0.0589824680391398,,,,,,,,,
246,phase_shift,Aligned NB,large_scale_comparison,Wald,-0.597837000755621,-0.0839844373664616,-0.452980855852314,0.285011981119391,0.188263478819312,,,,,,,,,
247,phase_shift,ITS,large_scale_comparison,Wald,-0.597837000755621,-0.426285747374357,-0.701706135731436,-0.150865359017277,0.140520606304632,,,,,,,,,
247,phase_shift,GAM,large_scale_comparison,Wald,-0.597837000755621,-0.559963739606902,-0.666946839889194,-0.452980639324609,0.0545832144297409,,,,,,,,,
247,phase_shift,Aligned NB,large_scale_comparison,Wald,-0.597837000755621,-0.441688964272975,-0.713832882180985,-0.169545046364966,0.138848937708168,,,,,,,,,
248,phase_shift,ITS,large_scale_comparison,Wald,-0.597837000755621,-0.335530133227422,-0.585874627966411,-0.0851856384884338,0.127726783030096,,,,,,,,,
248,phase_shift,GAM,large_scale_comparison,Wald,-0.597837000755621,-0.442726653085863,-0.547168053952172,-0.338285252219553,0.0532864290134231,,,,,,,,,
248,phase_shift,Aligned NB,large_scale_comparison,Wald,-0.597837000755621,-0.343511343039506,-0.589034202581566,-0.0979884834974455,0.12526676507248,,,,,,,,,
249,phase_shift,ITS,large_scale_comparison,Wald,-0.597837000755621,-0.665455451307459,-0.983217272451026,-0.347693630163891,0.162123378134473,,,,,,,,,
249,phase_shift,GAM,large_scale_comparison,Wald,-0.597837000755621,-0.426605913960505,-0.510292729289205,-0.342919098631806,0.0426973547595407,,,,,,,,,
249,phase_shift,Aligned NB,large_scale_comparison,Wald,-0.597837000755621,-0.726155440813525,-1.03247495938817,-0.419835922238875,0.156285468660536,,,,,,,,,
250,phase_shift,ITS,large_scale_comparison,Wald,-0.597837000755621,-0.960792310788742,-1.45175144591541,-0.469833175662076,0.250489354656462,,,,,,,,,
250,phase_shift,GAM,large_scale_comparison,Wald,-0.597837000755621,-0.60496139801247,-0.681891552915919,-0.528031243109021,0.0392500790323721,,,,,,,,,
250,phase_shift,Aligned NB,large_scale_comparison,Wald,-0.597837000755621,-1.02210221887421,-1.50862071992592,-0.535583717822505,0.248223725026382,,,,,,,,,
251,phase_shift,ITS,large_scale_comparison,Wald,-0.597837000755621,-0.669537287332867,-0.872359970165582,-0.466714604500153,0.103480960628936,,,,,,,,,
251,phase_shift,GAM,large_scale_comparison,Wald,-0.597837000755621,-0.328582274204303,-0.431397171319177,-0.22576737708943,0.0524565801606498,,,,,,,,,
251,phase_shift,Aligned NB,large_scale_comparison,Wald,-0.597837000755621,-0.686197582350305,-0.886447058057677,-0.485948106642933,0.1021680998507,,,,,,,,,
252,phase_shift,ITS,large_scale_comparison,Wald,-0.597837000755621,-1.02071120613901,-1.44454195355497,-0.596880458723046,0.216240177253041,,,,,,,,,
252,phase_shift,GAM,large_scale_comparison,Wald,-0.597837000755621,-0.71028312746404,-0.803586185660267,-0.616980069267813,0.047603601120524,,,,,,,,,
252,phase_shift,Aligned NB,large_scale_comparison,Wald,-0.597837000755621,-1.07082407073726,-1.48989005252469,-0.651758088949821,0.213809174381344,,,,,,,,,
253,phase_shift,ITS,large_scale_comparison,Wald,-0.597837000755621,-0.438856367288359,-0.739333439918843,-0.138379294657876,0.153304628893104,,,,,,,,,
253,phase_shift,GAM,large_scale_comparison,Wald,-0.597837000755621,-0.517218886295983,-0.62696999880107,-0.407467773790896,0.0559954655638199,,,,,,,,,
253,phase_shift,Aligned NB,large_scale_comparison,Wald,-0.597837000755621,-0.513417771401624,-0.802577686846556,-0.224257855956691,0.147530569104557,,,,,,,,,
254,phase_shift,ITS,large_scale_comparison,Wald,-0.597837000755621,-0.456012858371367,-0.790068466677465,-0.12195725006527,0.17043653485005,,,,,,,,,
254,phase_shift,GAM,large_scale_comparison,Wald,-0.597837000755621,-0.462917190902393,-0.585033459961941,-0.340800921842845,0.0623042189079326,,,,,,,,,
254,phase_shift,Aligned NB,large_scale_comparison,Wald,-0.597837000755621,-0.486745832410013,-0.809282853464318,-0.164208811355708,0.164559704619543,,,,,,,,,
255,phase_shift,ITS,large_scale_comparison,Wald,-0.597837000755621,-0.766080630431663,-0.984715021305018,-0.547446239558309,0.111548158608854,,,,,,,,,
255,phase_shift,GAM,large_scale_comparison,Wald,-0.597837000755621,-0.627694298052448,-0.710509554592265,-0.544879041512631,0.0422526819080698,,,,,,,,,
255,phase_shift,Aligned NB,large_scale_comparison,Wald,-0.597837000755621,-0.793980610445498,-1.00740346320088,-0.58055775769012,0.108889210589479,,,,,,,,,
256,phase_shift,ITS,large_scale_comparison,Wald,-0.597837000755621,-0.625544403048474,-0.99397662728499,-0.257112178811958,0.187975624610467,,,,,,,,,
256,phase_shift,GAM,large_scale_comparison,Wald,-0.597837000755621,-0.551000652404069,-0.630763814050498,-0.47123749075764,0.0406954906359332,,,,,,,,,
256,phase_shift,Aligned NB,large_scale_comparison,Wald,-0.597837000755621,-0.625780859742923,-0.991216974830643,-0.260344744655204,0.186446997493734,,,,,,,,,
257,phase_shift,ITS,large_scale_comparison,Wald,-0.597837000755621,-0.925555526252367,-1.26682768886138,-0.584283363643352,0.174118450310722,,,,,,,,,
257,phase_shift,GAM,large_scale_comparison,Wald,-0.597837000755621,-0.314833550389797,-0.404551618961805,-0.225115481817789,0.0457745247816367,,,,,,,,,
257,phase_shift,Aligned NB,large_scale_comparison,Wald,-0.597837000755621,-0.975792048615989,-1.31073535630739,-0.64084874092459,0.170889442699693,,,,,,,,,
258,phase_shift,ITS,large_scale_comparison,Wald,-0.597837000755621,-0.856828816297502,-1.16667846111447,-0.546979171480534,0.158086553478045,,,,,,,,,
258,phase_shift,GAM,large_scale_comparison,Wald,-0.597837000755621,-0.480557489375364,-0.57244433611199,-0.388670642638737,0.0468810442533806,,,,,,,,,
258,phase_shift,Aligned NB,large_scale_comparison,Wald,-0.597837000755621,-0.876301757724812,-1.18481196753569,-0.567791547913937,0.157403168270855,,,,,,,,,
259,phase_shift,ITS,large_scale_comparison,Wald,-0.597837000755621,-0.418444574273132,-0.683297792137442,-0.153591356408821,0.135129192787914,,,,,,,,,
259,phase_shift,GAM,large_scale_comparison,Wald,-0.597837000755621,-0.305876802936739,-0.406806495324047,-0.20494711054943,0.0514947410139329,,,,,,,,,
259,phase_shift,Aligned NB,large_scale_comparison,Wald,-0.597837000755621,-0.43426296269754,-0.697551981952151,-0.170973943442928,0.134331132272761,,,,,,,,,
260,phase_shift,ITS,large_scale_comparison,Wald,-0.597837000755621,-0.572597206006248,-1.02126825856224,-0.123926153450252,0.228913802324488,,,,,,,,,
260,phase_shift,GAM,large_scale_comparison,Wald,-0.597837000755621,-0.237566324044691,-0.358025606945052,-0.11710704114433,0.0614588178063067,,,,,,,,,
260,phase_shift,Aligned NB,large_scale_comparison,Wald,-0.597837000755621,-0.616196970398624,-1.05541833942201,-0.176975601375241,0.224092535216011,,,,,,,,,
261,phase_shift,ITS,large_scale_comparison,Wald,-0.597837000755621,-0.492451549319287,-0.954759631024734,-0.0301434676138402,0.235871470257881,,,,,,,,,
261,phase_shift,GAM,large_scale_comparison,Wald,-0.597837000755621,-0.585960536531339,-0.670987377555451,-0.500933695507226,0.043381041338833,,,,,,,,,
261,phase_shift,Aligned NB,large_scale_comparison,Wald,-0.597837000755621,-0.493770472703189,-0.953148754788429,-0.0343921906179492,0.234376674533286,,,,,,,,,
262,phase_shift,ITS,large_scale_comparison,Wald,-0.597837000755621,-0.631524262839803,-0.991260392796551,-0.271788132883054,0.183538841814668,,,,,,,,,
262,phase_shift,GAM,large_scale_comparison,Wald,-0.597837000755621,-0.615487793353947,-0.727418275251457,-0.503557311456438,0.0571073887232192,,,,,,,,,
262,phase_shift,Aligned NB,large_scale_comparison,Wald,-0.597837000755621,-0.649604900349293,-1.00342252876123,-0.295787271937356,0.180519198169356,,,,,,,,,
263,phase_shift,ITS,large_scale_comparison,Wald,-0.597837000755621,-0.253808721946784,-0.565096453267621,0.0574790093740528,0.15882027108206,,,,,,,,,
263,phase_shift,GAM,large_scale_comparison,Wald,-0.597837000755621,-0.454627409849222,-0.555194148672926,-0.354060671025518,0.0513095606243389,,,,,,,,,
263,phase_shift,Aligned NB,large_scale_comparison,Wald,-0.597837000755621,-0.258514591220492,-0.568174237391999,0.0511450549510142,0.157989615393626,,,,,,,,,
264,phase_shift,ITS,large_scale_comparison,Wald,-0.597837000755621,-0.537344804200025,-0.760560596243069,-0.314129012156982,0.113885608185226,,,,,,,,,
264,phase_shift,GAM,large_scale_comparison,Wald,-0.597837000755621,-0.418622526344088,-0.524301388351344,-0.312943664336831,0.0539177867383962,,,,,,,,,
264,phase_shift,Aligned NB,large_scale_comparison,Wald,-0.597837000755621,-0.569190986591597,-0.783872587210322,-0.354509385972871,0.109531428887105,,,,,,,,,
265,phase_shift,ITS,large_scale_comparison,Wald,-0.597837000755621,-0.559374059440892,-0.963997463776428,-0.154750655105355,0.20644051241609,,,,,,,,,
265,phase_shift,GAM,large_scale_comparison,Wald,-0.597837000755621,-0.286315245499698,-0.362709068324786,-0.209921422674611,0.0389764402168814,,,,,,,,,
265,phase_shift,Aligned NB,large_scale_comparison,Wald,-0.597837000755621,-0.596324131413698,-0.986908575438915,-0.20573968738848,0.199277777563886,,,,,,,,,
266,phase_shift,ITS,large_scale_comparison,Wald,-0.597837000755621,-0.46498180975547,-0.684563242260033,-0.245400377250907,0.112031343114573,,,,,,,,,
266,phase_shift,GAM,large_scale_comparison,Wald,-0.597837000755621,-0.517434189949236,-0.610120401452594,-0.424747978445877,0.0472888834200808,,,,,,,,,
266,phase_shift,Aligned NB,large_scale_comparison,Wald,-0.597837000755621,-0.4983166343591,-0.713293756114642,-0.283339512603557,0.109682204977318,,,,,,,,,
267,phase_shift,ITS,large_scale_comparison,Wald,-0.597837000755621,-0.980966925437068,-1.41896713598272,-0.54296671489142,0.223469495176351,,,,,,,,,
267,phase_shift,GAM,large_scale_comparison,Wald,-0.597837000755621,-0.617590708032802,-0.724562600506868,-0.510618815558735,0.0545774961602381,,,,,,,,,
267,phase_shift,Aligned NB,large_scale_comparison,Wald,-0.597837000755621,-1.02702493766837,-1.4529843625232,-0.601065512813536,0.217326237170834,,,,,,,,,
268,phase_shift,ITS,large_scale_comparison,Wald,-0.597837000755621,-0.512032237047307,-0.768051896381506,-0.256012577713107,0.13062227517051,,,,,,,,,
268,phase_shift,GAM,large_scale_comparison,Wald,-0.597837000755621,-0.71609353160506,-0.825476015541042,-0.606711047669077,0.0558073897632562,,,,,,,,,
268,phase_shift,Aligned NB,large_scale_comparison,Wald,-0.597837000755621,-0.548000655123149,-0.795921983842033,-0.300079326404265,0.126490473836165,,,,,,,,,
269,phase_shift,ITS,large_scale_comparison,Wald,-0.597837000755621,-0.564678222288586,-0.761582715790744,-0.367773728786428,0.100461476276611,,,,,,,,,
269,phase_shift,GAM,large_scale_comparison,Wald,-0.597837000755621,-0.539957779582612,-0.612733831422272,-0.467181727742953,0.0371306386937039,,,,,,,,,
269,phase_shift,Aligned NB,large_scale_comparison,Wald,-0.597837000755621,-0.630542791817588,-0.820548370817001,-0.440537212818176,0.0969416219384757,,,,,,,,,
270,phase_shift,ITS,large_scale_comparison,Wald,-0.597837000755621,-0.758311824740935,-1.04405859141123,-0.472565058070639,0.145789166668518,,,,,,,,,
270,phase_shift,GAM,large_scale_comparison,Wald,-0.597837000755621,-0.485280558913582,-0.572960045425574,-0.39760107240159,0.0447344318938736,,,,,,,,,
270,phase_shift,Aligned NB,large_scale_comparison,Wald,-0.597837000755621,-0.793499528984655,-1.07459869814943,-0.512400359819879,0.143417943451416,,,,,,,,,
271,phase_shift,ITS,large_scale_comparison,Wald,-0.597837000755621,-0.556955674944665,-0.851945185055952,-0.261966164833377,0.150504852097596,,,,,,,,,
271,phase_shift,GAM,large_scale_comparison,Wald,-0.597837000755621,-0.647797603585666,-0.753583097715285,-0.542012109456047,0.0539721908824587,,,,,,,,,
271,phase_shift,Aligned NB,large_scale_comparison,Wald,-0.597837000755621,-0.56349738075072,-0.857864683736034,-0.269130077765407,0.150187399482303,,,,,,,,,
272,phase_shift,ITS,large_scale_comparison,Wald,-0.597837000755621,-0.863460531655182,-1.11793970890022,-0.608981354410141,0.129836314920939,,,,,,,,,
272,phase_shift,GAM,large_scale_comparison,Wald,-0.597837000755621,-0.678687816891496,-0.78381080034686,-0.573564833436132,0.0536341752323286,,,,,,,,,
272,phase_shift,Aligned NB,large_scale_comparison,Wald,-0.597837000755621,-0.879763296713997,-1.13240916454588,-0.627117428882114,0.128900952975451,,,,,,,,,
273,phase_shift,ITS,large_scale_comparison,Wald,-0.597837000755621,-0.893420993900856,-1.18292348699809,-0.603918500803627,0.147705353621036,,,,,,,,,
273,phase_shift,GAM,large_scale_comparison,Wald,-0.597837000755621,-0.62771012139822,-0.742420768588668,-0.512999474207773,0.0585258404032895,,,,,,,,,
273,phase_shift,Aligned NB,large_scale_comparison,Wald,-0.597837000755621,-0.925324649273841,-1.21103729854467,-0.639612000003013,0.145771759832055,,,,,,,,,
274,phase_shift,ITS,large_scale_comparison,Wald,-0.597837000755621,-0.451794390395516,-0.754107811365022,-0.14948096942601,0.154241541310972,,,,,,,,,
274,phase_shift,GAM,large_scale_comparison,Wald,-0.597837000755621,-0.545601035134092,-0.611851725373498,-0.479350344894685,0.0338013725711257,,,,,,,,,
274,phase_shift,Aligned NB,large_scale_comparison,Wald,-0.597837000755621,-0.455577441153696,-0.754930885590257,-0.156223996717136,0.152731349202327,,,,,,,,,
275,phase_shift,ITS,large_scale_comparison,Wald,-0.597837000755621,-0.670441092862006,-0.976735797888927,-0.364146387835084,0.156272808687205,,,,,,,,,
275,phase_shift,GAM,large_scale_comparison,Wald,-0.597837000755621,-0.521333693880836,-0.630984177337851,-0.411683210423822,0.0559441242127625,,,,,,,,,
275,phase_shift,Aligned NB,large_scale_comparison,Wald,-0.597837000755621,-0.704201960437393,-1.00702989646104,-0.401374024413743,0.154504048991658,,,,,,,,,
276,phase_shift,ITS,large_scale_comparison,Wald,-0.597837000755621,-0.390753339002748,-0.630817329410154,-0.150689348595342,0.122481627758881,,,,,,,,,
276,phase_shift,GAM,large_scale_comparison,Wald,-0.597837000755621,-0.267289145973645,-0.369497240633272,-0.165081051314018,0.0521469870712383,,,,,,,,,
276,phase_shift,Aligned NB,large_scale_comparison,Wald,-0.597837000755621,-0.41494125742206,-0.651884302996561,-0.17799821184756,0.120889308966582,,,,,,,,,
277,phase_shift,ITS,large_scale_comparison,Wald,-0.597837000755621,-0.587371867588975,-0.942879884515682,-0.231863850662267,0.181381641289136,,,,,,,,,
277,phase_shift,GAM,large_scale_comparison,Wald,-0.597837000755621,-0.663660996273573,-0.76231782718798,-0.565004165359166,0.0503351178134731,,,,,,,,,
277,phase_shift,Aligned NB,large_scale_comparison,Wald,-0.597837000755621,-0.593227989810884,-0.947563678745337,-0.23889230087643,0.180783514762476,,,,,,,,,
278,phase_shift,ITS,large_scale_comparison,Wald,-0.597837000755621,-0.540938246571886,-0.844578805527218,-0.237297687616555,0.15491865252823,,,,,,,,,
278,phase_shift,GAM,large_scale_comparison,Wald,-0.597837000755621,-0.356817873920079,-0.469733144521892,-0.243902603318267,0.0576098319397001,,,,,,,,,
278,phase_shift,Aligned NB,large_scale_comparison,Wald,-0.597837000755621,-0.600037724953899,-0.887854081483613,-0.312221368424185,0.146845079862099,,,,,,,,,
279,phase_shift,ITS,large_scale_comparison,Wald,-0.597837000755621,-0.660130033663688,-0.905316010764543,-0.414944056562832,0.125094886275947,,,,,,,,,
279,phase_shift,GAM,large_scale_comparison,Wald,-0.597837000755621,-0.568502139794205,-0.65968888632161,-0.4773153932668,0.0465238502690842,,,,,,,,,
279,phase_shift,Aligned NB,large_scale_comparison,Wald,-0.597837000755621,-0.733591264726261,-0.969831347920348,-0.497351181532175,0.120530654690861,,,,,,,,,
280,phase_shift,ITS,large_scale_comparison,Wald,-0.597837000755621,-0.223664834475152,-0.461335251388148,0.0140055824378429,0.121260416792345,,,,,,,,,
280,phase_shift,GAM,large_scale_comparison,Wald,-0.597837000755621,-0.235950552792524,-0.339460254606284,-0.132440850978764,0.0528110723539591,,,,,,,,,
280,phase_shift,Aligned NB,large_scale_comparison,Wald,-0.597837000755621,-0.234361706096915,-0.466590159419726,-0.00213325277410334,0.118483904756536,,,,,,,,,
281,phase_shift,ITS,large_scale_comparison,Wald,-0.597837000755621,-0.587877495780735,-0.753388763945609,-0.422366227615861,0.0844445245739152,,,,,,,,,
281,phase_shift,GAM,large_scale_comparison,Wald,-0.597837000755621,-0.571231126205412,-0.670732854753351,-0.471729397657473,0.0507661880346628,,,,,,,,,
281,phase_shift,Aligned NB,large_scale_comparison,Wald,-0.597837000755621,-0.607861240165506,-0.770796241163073,-0.44492623916794,0.0831301025497788,,,,,,,,,
282,phase_shift,ITS,large_scale_comparison,Wald,-0.597837000755621,-0.551224987407144,-0.765316571382334,-0.337133403431953,0.109230399987342,,,,,,,,,
282,phase_shift,GAM,large_scale_comparison,Wald,-0.597837000755621,-0.414887902391306,-0.486387534458548,-0.343388270324065,0.0364794041159395,,,,,,,,,
282,phase_shift,Aligned NB,large_scale_comparison,Wald,-0.597837000755621,-0.588262451848141,-0.798298055375831,-0.37822684832045,0.107161022208005,,,,,,,,,
283,phase_shift,ITS,large_scale_comparison,Wald,-0.597837000755621,-0.609605365005407,-0.840347456562839,-0.378863273447975,0.117725556917057,,,,,,,,,
283,phase_shift,GAM,large_scale_comparison,Wald,-0.597837000755621,-0.458820034241229,-0.554149954957773,-0.363490113524686,0.0486377146512979,,,,,,,,,
283,phase_shift,Aligned NB,large_scale_comparison,Wald,-0.597837000755621,-0.6124009517565,-0.842382901672726,-0.382419001840274,0.117337729549095,,,,,,,,,
284,phase_shift,ITS,large_scale_comparison,Wald,-0.597837000755621,-0.425557126190792,-0.748089638520178,-0.103024613861406,0.164557404249687,,,,,,,,,
284,phase_shift,GAM,large_scale_comparison,Wald,-0.597837000755621,-0.436355126548374,-0.550160663075692,-0.322549590021055,0.0580640492486321,,,,,,,,,
284,phase_shift,Aligned NB,large_scale_comparison,Wald,-0.597837000755621,-0.44420185910711,-0.764545152723286,-0.123858565490934,0.16344045592662,,,,,,,,,
285,phase_shift,ITS,large_scale_comparison,Wald,-0.597837000755621,-0.480691547913918,-0.695841989010517,-0.265541106817319,0.109770633212551,,,,,,,,,
285,phase_shift,GAM,large_scale_comparison,Wald,-0.597837000755621,-0.716933337079479,-0.825426026456963,-0.608440647701995,0.0553534129476959,,,,,,,,,
285,phase_shift,Aligned NB,large_scale_comparison,Wald,-0.597837000755621,-0.482048200887615,-0.694949451001013,-0.269146950774218,0.10862308679255,,,,,,,,,
286,phase_shift,ITS,large_scale_comparison,Wald,-0.597837000755621,-0.41410295266201,-0.650961709461883,-0.177244195862137,0.120846304489731,,,,,,,,,
286,phase_shift,GAM,large_scale_comparison,Wald,-0.597837000755621,-0.641296251386973,-0.713748372940457,-0.568844129833488,0.0369653681395328,,,,,,,,,
286,phase_shift,Aligned NB,large_scale_comparison,Wald,-0.597837000755621,-0.425459491392982,-0.659958281893763,-0.190960700892201,0.119642240051419,,,,,,,,,
287,phase_shift,ITS,large_scale_comparison,Wald,-0.597837000755621,-0.375888779553649,-0.572304676467484,-0.179472882639814,0.100212192302977,,,,,,,,,
287,phase_shift,GAM,large_scale_comparison,Wald,-0.597837000755621,-0.249118475358014,-0.319722061313075,-0.178514889402952,0.036022237732174,,,,,,,,,
287,phase_shift,Aligned NB,large_scale_comparison,Wald,-0.597837000755621,-0.415417910567914,-0.6037271258448,-0.227108695291028,0.0960761302433093,,,,,,,,,
288,phase_shift,ITS,large_scale_comparison,Wald,-0.597837000755621,-0.565318569750476,-0.916561118485786,-0.214076021015165,0.179205382007811,,,,,,,,,
288,phase_shift,GAM,large_scale_comparison,Wald,-0.597837000755621,-0.0780344947863204,-0.188980315313362,0.0329113257407217,0.0566050104729806,,,,,,,,,
288,phase_shift,Aligned NB,large_scale_comparison,Wald,-0.597837000755621,-0.606412561785937,-0.948845262240082,-0.263979861331792,0.174710561456197,,,,,,,,,
289,phase_shift,ITS,large_scale_comparison,Wald,-0.597837000755621,-0.665739555930017,-0.970614244131838,-0.360864867728195,0.155548310307052,,,,,,,,,
289,phase_shift,GAM,large_scale_comparison,Wald,-0.597837000755621,-0.452710088156724,-0.54916123995727,-0.356258936356179,0.0492097713268088,,,,,,,,,
289,phase_shift,Aligned NB,large_scale_comparison,Wald,-0.597837000755621,-0.705878964192317,-1.00362158564384,-0.408136342740798,0.151909500740571,,,,,,,,,
290,phase_shift,ITS,large_scale_comparison,Wald,-0.597837000755621,-0.876991488110885,-1.20483025438524,-0.549152721836533,0.167264676670588,,,,,,,,,
290,phase_shift,GAM,large_scale_comparison,Wald,-0.597837000755621,-0.66799346394695,-0.784931644396177,-0.551055283497724,0.059662336963891,,,,,,,,,
290,phase_shift,Aligned NB,large_scale_comparison,Wald,-0.597837000755621,-0.912292017358123,-1.23485244949311,-0.589731585223138,0.164571649048462,,,,,,,,,
291,phase_shift,ITS,large_scale_comparison,Wald,-0.597837000755621,-0.626020618004422,-1.1416815815619,-0.110359654446945,0.263092328345651,,,,,,,,,
291,phase_shift,GAM,large_scale_comparison,Wald,-0.597837000755621,-0.303419212836144,-0.407874025125445,-0.198964400546843,0.0532932715761741,,,,,,,,,
291,phase_shift,Aligned NB,large_scale_comparison,Wald,-0.597837000755621,-0.731783604172686,-1.22941340298394,-0.234153805361435,0.253892754495536,,,,,,,,,
292,phase_shift,ITS,large_scale_comparison,Wald,-0.597837000755621,-0.529308190881904,-0.817809226018092,-0.240807155745716,0.147194405681728,,,,,,,,,
292,phase_shift,GAM,large_scale_comparison,Wald,-0.597837000755621,-0.560790900551993,-0.635395447321966,-0.486186353782021,0.0380635442703942,,,,,,,,,
292,phase_shift,Aligned NB,large_scale_comparison,Wald,-0.597837000755621,-0.57690424966741,-0.857889705632555,-0.295918793702265,0.143359926512829,,,,,,,,,
293,phase_shift,ITS,large_scale_comparison,Wald,-0.597837000755621,-0.772593992954484,-1.03050649202522,-0.514681493883749,0.131588009729967,,,,,,,,,
293,phase_shift,GAM,large_scale_comparison,Wald,-0.597837000755621,-0.684640273043431,-0.774041302337758,-0.595239243749104,0.045612770048126,,,,,,,,,
293,phase_shift,Aligned NB,large_scale_comparison,Wald,-0.597837000755621,-0.774718224365322,-1.03188637137211,-0.517550077358535,0.131208238268769,,,,,,,,,
294,phase_shift,ITS,large_scale_comparison,Wald,-0.597837000755621,-0.287539985100499,-0.525755279836811,-0.049324690364187,0.121538415681792,,,,,,,,,
294,phase_shift,GAM,large_scale_comparison,Wald,-0.597837000755621,-0.489440311573309,-0.584634228121703,-0.394246395024915,0.0485683247695888,,,,,,,,,
294,phase_shift,Aligned NB,large_scale_comparison,Wald,-0.597837000755621,-0.323868500893122,-0.551645006848459,-0.0960919949377846,0.116212503038437,,,,,,,,,
295,phase_shift,ITS,large_scale_comparison,Wald,-0.597837000755621,0.0355322691510335,-0.412037454343221,0.483101992645288,0.228351899741966,,,,,,,,,
295,phase_shift,GAM,large_scale_comparison,Wald,-0.597837000755621,-0.508894084096269,-0.587575201892699,-0.430212966299839,0.0401434274471583,,,,,,,,,
295,phase_shift,Aligned NB,large_scale_comparison,Wald,-0.597837000755621,0.0380978892592748,-0.403341349113297,0.479537127631847,0.225224101210496,,,,,,,,,
296,phase_shift,ITS,large_scale_comparison,Wald,-0.597837000755621,-0.440446211360519,-0.703671744801075,-0.177220677919963,0.134298741551304,,,,,,,,,
296,phase_shift,GAM,large_scale_comparison,Wald,-0.597837000755621,-0.709995509835048,-0.812068544408656,-0.60792247526144,0.0520780788640858,,,,,,,,,
296,phase_shift,Aligned NB,large_scale_comparison,Wald,-0.597837000755621,-0.463464898476686,-0.720310279146733,-0.206619517806638,0.131043561566351,,,,,,,,,
297,phase_shift,ITS,large_scale_comparison,Wald,-0.597837000755621,-0.30563248501719,-0.604054801451161,-0.00721016858321832,0.152256283894883,,,,,,,,,
297,phase_shift,GAM,large_scale_comparison,Wald,-0.597837000755621,-0.493800806451596,-0.612741299612659,-0.374860313290534,0.0606839250821749,,,,,,,,,
297,phase_shift,Aligned NB,large_scale_comparison,Wald,-0.597837000755621,-0.315607182172505,-0.608110768644394,-0.0231035957006154,0.149236523710148,,,,,,,,,
298,phase_shift,ITS,large_scale_comparison,Wald,-0.597837000755621,-0.584837370085827,-1.09682264684426,-0.0728520933273896,0.261216977937978,,,,,,,,,
298,phase_shift,GAM,large_scale_comparison,Wald,-0.597837000755621,-0.794577951046384,-0.925182228355864,-0.663973673736904,0.0666348353619797,,,,,,,,,
298,phase_shift,Aligned NB,large_scale_comparison,Wald,-0.597837000755621,-0.606736669797296,-1.11605600301321,-0.0974173365813796,0.259856802661182,,,,,,,,,
299,phase_shift,ITS,large_scale_comparison,Wald,-0.597837000755621,-0.623475018896663,-0.979590049529678,-0.267359988263647,0.181691342159702,,,,,,,,,
299,phase_shift,GAM,large_scale_comparison,Wald,-0.597837000755621,-0.559643888774384,-0.636526415035243,-0.482761362513525,0.0392257787045199,,,,,,,,,
299,phase_shift,Aligned NB,large_scale_comparison,Wald,-0.597837000755621,-0.676605797780843,-1.02714281790022,-0.326068777661467,0.178845418428253,,,,,,,,,
300,phase_shift,ITS,large_scale_comparison,Wald,-0.597837000755621,-1.69164678203377,-2.32527513771084,-1.0580184263567,0.323279773304627,,,,,,,,,
300,phase_shift,GAM,large_scale_comparison,Wald,-0.597837000755621,-0.437119065372718,-0.550903992415154,-0.323334138330283,0.0580535342053242,,,,,,,,,
300,phase_shift,Aligned NB,large_scale_comparison,Wald,-0.597837000755621,-1.87861929409945,-2.49914869931083,-1.25808988888807,0.316596635311928,,,,,,,,,
301,phase_shift,ITS,large_scale_comparison,Wald,-0.597837000755621,-0.516398980052336,-0.817452490030909,-0.215345470073764,0.153598729580905,,,,,,,,,
301,phase_shift,GAM,large_scale_comparison,Wald,-0.597837000755621,-0.515713297470098,-0.596736151811057,-0.43469044312914,0.041338190990285,,,,,,,,,
301,phase_shift,Aligned NB,large_scale_comparison,Wald,-0.597837000755621,-0.556347373694882,-0.849924192795127,-0.262770554594638,0.149784091377676,,,,,,,,,
302,phase_shift,ITS,large_scale_comparison,Wald,-0.597837000755621,-0.724132352236574,-1.05704279338616,-0.391221911086987,0.169852265892646,,,,,,,,,
302,phase_shift,GAM,large_scale_comparison,Wald,-0.597837000755621,-0.410946920738936,-0.513603763125844,-0.308290078352029,0.05237593999332,,,,,,,,,
302,phase_shift,Aligned NB,large_scale_comparison,Wald,-0.597837000755621,-0.789148618310263,-1.11452567636651,-0.463771560254014,0.166008703089923,,,,,,,,,
303,phase_shift,ITS,large_scale_comparison,Wald,-0.597837000755621,-0.735940567666314,-0.992539742139803,-0.479341393192825,0.130917946159943,,,,,,,,,
303,phase_shift,GAM,large_scale_comparison,Wald,-0.597837000755621,-0.653024872924397,-0.754936613241356,-0.551113132607438,0.0519957858759993,,,,,,,,,
303,phase_shift,Aligned NB,large_scale_comparison,Wald,-0.597837000755621,-0.810376884642748,-1.05949702989043,-0.561256739395066,0.127102114922287,,,,,,,,,
304,phase_shift,ITS,large_scale_comparison,Wald,-0.597837000755621,-0.747932267269633,-0.96676625332982,-0.529098281209447,0.11164999288785,,,,,,,,,
304,phase_shift,GAM,large_scale_comparison,Wald,-0.597837000755621,-0.361219313323372,-0.449884589759482,-0.272554036887262,0.045237385936791,,,,,,,,,
304,phase_shift,Aligned NB,large_scale_comparison,Wald,-0.597837000755621,-0.803452574502131,-1.01785455511755,-0.589050593886714,0.109388765620111,,,,,,,,,
305,phase_shift,ITS,large_scale_comparison,Wald,-0.597837000755621,-0.743652501858464,-1.00161194220821,-0.485693061508721,0.131611959362114,,,,,,,,,
305,phase_shift,GAM,large_scale_comparison,Wald,-0.597837000755621,-0.642788507121865,-0.749333189231933,-0.536243825011797,0.0543595316888102,,,,,,,,,
305,phase_shift,Aligned NB,large_scale_comparison,Wald,-0.597837000755621,-0.76229992292689,-1.01764640510458,-0.506953440749197,0.130278817437598,,,,,,,,,
306,phase_shift,ITS,large_scale_comparison,Wald,-0.597837000755621,-0.378618379235539,-0.764172012681085,0.00693525421000751,0.196711037472218,,,,,,,,,
306,phase_shift,GAM,large_scale_comparison,Wald,-0.597837000755621,-0.533452656663899,-0.620699782864541,-0.446205530463257,0.0445138398982866,,,,,,,,,
306,phase_shift,Aligned NB,large_scale_comparison,Wald,-0.597837000755621,-0.365988663125966,-0.742994117007543,0.0110167907556102,0.192349721368151,,,,,,,,,
307,phase_shift,ITS,large_scale_comparison,Wald,-0.597837000755621,-0.534892896162457,-1.05137016762614,-0.0184156246987741,0.263508811971267,,,,,,,,,
307,phase_shift,GAM,large_scale_comparison,Wald,-0.597837000755621,-0.309653371900995,-0.424886173833193,-0.194420569968796,0.0587922458837747,,,,,,,,,
307,phase_shift,Aligned NB,large_scale_comparison,Wald,-0.597837000755621,-0.552298747233839,-1.06366334585143,-0.0409341486162443,0.26090030541714,,,,,,,,,
308,phase_shift,ITS,large_scale_comparison,Wald,-0.597837000755621,0.0637401460143155,-0.326199899120177,0.453680191148808,0.198949002619639,,,,,,,,,
308,phase_shift,GAM,large_scale_comparison,Wald,-0.597837000755621,-0.607902078194385,-0.687605897114381,-0.528198259274388,0.040665213734692,,,,,,,,,
308,phase_shift,Aligned NB,large_scale_comparison,Wald,-0.597837000755621,0.0711388845946826,-0.308736941523493,0.451014710712858,0.193814196999069,,,,,,,,,
309,phase_shift,ITS,large_scale_comparison,Wald,-0.597837000755621,-0.131182721309537,-0.539787115899983,0.27742167328091,0.208471629893085,,,,,,,,,
309,phase_shift,GAM,large_scale_comparison,Wald,-0.597837000755621,-0.635364716277982,-0.760503982288805,-0.510225450267158,0.0638465642912367,,,,,,,,,
309,phase_shift,Aligned NB,large_scale_comparison,Wald,-0.597837000755621,-0.173892839517675,-0.566914687414475,0.219129008379125,0.200521350967755,,,,,,,,,
310,phase_shift,ITS,large_scale_comparison,Wald,-0.597837000755621,-0.079851854999404,-0.400651666779708,0.2409479567809,0.163673373357298,,,,,,,,,
310,phase_shift,GAM,large_scale_comparison,Wald,-0.597837000755621,-0.405543448407179,-0.520482926990386,-0.290603969823971,0.0586425911138814,,,,,,,,,
310,phase_shift,Aligned NB,large_scale_comparison,Wald,-0.597837000755621,-0.0686832503615352,-0.373914938791409,0.236548438068338,0.155730453280548,,,,,,,,,
311,phase_shift,ITS,large_scale_comparison,Wald,-0.597837000755621,-0.70770199627957,-1.27395614227438,-0.141447850284766,0.288905176527962,,,,,,,,,
311,phase_shift,GAM,large_scale_comparison,Wald,-0.597837000755621,-0.32518503746868,-0.439443691074107,-0.210926383863254,0.0582952314313401,,,,,,,,,
311,phase_shift,Aligned NB,large_scale_comparison,Wald,-0.597837000755621,-0.835567714065333,-1.37955019452517,-0.291585233605499,0.277542081867262,,,,,,,,,
312,phase_shift,ITS,large_scale_comparison,Wald,-0.597837000755621,-0.354993318963786,-0.624276359590727,-0.0857102783368456,0.137389306442317,,,,,,,,,
312,phase_shift,GAM,large_scale_comparison,Wald,-0.597837000755621,-0.13870650307921,-0.208176210006769,-0.0692367961516502,0.0354437280242651,,,,,,,,,
312,phase_shift,Aligned NB,large_scale_comparison,Wald,-0.597837000755621,-0.424066012970788,-0.680749014022376,-0.1673830119192,0.130960714822239,,,,,,,,,
313,phase_shift,ITS,large_scale_comparison,Wald,-0.597837000755621,-0.642459430974943,-0.96266866925545,-0.322250192694437,0.163372060347197,,,,,,,,,
313,phase_shift,GAM,large_scale_comparison,Wald,-0.597837000755621,-0.497110090403479,-0.590904689860642,-0.403315490946317,0.0478543874781441,,,,,,,,,
313,phase_shift,Aligned NB,large_scale_comparison,Wald,-0.597837000755621,-0.655214258717463,-0.971822141782294,-0.338606375652631,0.161534634216751,,,,,,,,,
314,phase_shift,ITS,large_scale_comparison,Wald,-0.597837000755621,-0.727905589398034,-1.01545045270852,-0.440360726087547,0.146706562913514,,,,,,,,,
314,phase_shift,GAM,large_scale_comparison,Wald,-0.597837000755621,-0.436688745735604,-0.506455092209256,-0.366922399261952,0.035595074731455,,,,,,,,,
314,phase_shift,Aligned NB,large_scale_comparison,Wald,-0.597837000755621,-0.775539705857194,-1.05793672492349,-0.493142686790899,0.144080111768518,,,,,,,,,
315,phase_shift,ITS,large_scale_comparison,Wald,-0.597837000755621,-0.546636777878239,-0.813174528648578,-0.2800990271079,0.135988648352214,,,,,,,,,
315,phase_shift,GAM,large_scale_comparison,Wald,-0.597837000755621,-0.355854172013077,-0.446473661320189,-0.265234682705965,0.0462344333199552,,,,,,,,,
315,phase_shift,Aligned NB,large_scale_comparison,Wald,-0.597837000755621,-0.578238670429412,-0.838583794741546,-0.317893546117278,0.132829145057211,,,,,,,,,
316,phase_shift,ITS,large_scale_comparison,Wald,-0.597837000755621,-0.331311751321503,-0.748577377782064,0.0859538751390575,0.212890625745184,,,,,,,,,
316,phase_shift,GAM,large_scale_comparison,Wald,-0.597837000755621,-0.34411598367768,-0.446602465933456,-0.241629501421904,0.0522890215590693,,,,,,,,,
316,phase_shift,Aligned NB,large_scale_comparison,Wald,-0.597837000755621,-0.351291226736678,-0.761684579904486,0.0591021264311298,0.209384363861126,,,,,,,,,
317,phase_shift,ITS,large_scale_comparison,Wald,-0.597837000755621,-0.436979078316564,-0.932508241616858,0.0585500849837294,0.252821001683823,,,,,,,,,
317,phase_shift,GAM,large_scale_comparison,Wald,-0.597837000755621,-0.74469766706434,-0.837495764395153,-0.651899569733527,0.0473459680259252,,,,,,,,,
317,phase_shift,Aligned NB,large_scale_comparison,Wald,-0.597837000755621,-0.46996878643725,-0.961624544193517,0.0216869713190163,0.250844774365442,,,,,,,,,
318,phase_shift,ITS,large_scale_comparison,Wald,-0.597837000755621,-0.458145679593616,-0.890416498658243,-0.0258748605289886,0.220546336257463,,,,,,,,,
318,phase_shift,GAM,large_scale_comparison,Wald,-0.597837000755621,-0.266220778309887,-0.384637643444537,-0.147803913175237,0.0604167679258418,,,,,,,,,
318,phase_shift,Aligned NB,large_scale_comparison,Wald,-0.597837000755621,-0.47604773981742,-0.903545262246451,-0.0485502173883883,0.218110980831138,,,,,,,,,
319,phase_shift,ITS,large_scale_comparison,Wald,-0.597837000755621,-0.834041521310976,-1.10716671595403,-0.560916326667923,0.139349589103599,,,,,,,,,
319,phase_shift,GAM,large_scale_comparison,Wald,-0.597837000755621,-0.361870190745036,-0.429712994206712,-0.294027387283361,0.0346136752355486,,,,,,,,,
319,phase_shift,Aligned NB,large_scale_comparison,Wald,-0.597837000755621,-0.898875391864236,-1.16425584526508,-0.633494938463389,0.135398190510636,,,,,,,,,
320,phase_shift,ITS,large_scale_comparison,Wald,-0.597837000755621,-1.32154406044253,-1.74301722984779,-0.900070891037263,0.215037331329217,,,,,,,,,
320,phase_shift,GAM,large_scale_comparison,Wald,-0.597837000755621,-0.569951966492516,-0.640639985394638,-0.499263947590393,0.0360653157663892,,,,,,,,,
320,phase_shift,Aligned NB,large_scale_comparison,Wald,-0.597837000755621,-1.40947935832578,-1.8156836427821,-1.00327507386945,0.20724708390629,,,,,,,,,
321,phase_shift,ITS,large_scale_comparison,Wald,-0.597837000755621,-0.467689184749278,-0.763600254648395,-0.17177811485016,0.150975035662815,,,,,,,,,
321,phase_shift,GAM,large_scale_comparison,Wald,-0.597837000755621,-0.556811421024921,-0.665611957526741,-0.448010884523101,0.0555104778070508,,,,,,,,,
321,phase_shift,Aligned NB,large_scale_comparison,Wald,-0.597837000755621,-0.475275888134569,-0.770183259781791,-0.180368516487347,0.15046294471797,,,,,,,,,
322,phase_shift,ITS,large_scale_comparison,Wald,-0.597837000755621,-0.341592385282905,-0.641662673729207,-0.0415220968366033,0.153097085941991,,,,,,,,,
322,phase_shift,GAM,large_scale_comparison,Wald,-0.597837000755621,-0.423643387247899,-0.520890522981993,-0.326396251513804,0.0496158855786196,,,,,,,,,
322,phase_shift,Aligned NB,large_scale_comparison,Wald,-0.597837000755621,-0.36630587132293,-0.663416647702127,-0.0691950949437336,0.151587130805713,,,,,,,,,
323,phase_shift,ITS,large_scale_comparison,Wald,-0.597837000755621,-0.704237340557342,-1.05823545428142,-0.350239226833266,0.180611282512283,,,,,,,,,
323,phase_shift,GAM,large_scale_comparison,Wald,-0.597837000755621,-0.509993994682265,-0.628030685536089,-0.391957303828441,0.0602228014560327,,,,,,,,,
323,phase_shift,Aligned NB,large_scale_comparison,Wald,-0.597837000755621,-0.780581207148975,-1.12321256986181,-0.437949844436145,0.174811919751444,,,,,,,,,
324,phase_shift,ITS,large_scale_comparison,Wald,-0.597837000755621,-0.435823228587295,-0.715569295870481,-0.15607716130411,0.142727585348564,,,,,,,,,
324,phase_shift,GAM,large_scale_comparison,Wald,-0.597837000755621,-0.617465468286357,-0.707964112484149,-0.526966824088565,0.0461727776519347,,,,,,,,,
324,phase_shift,Aligned NB,large_scale_comparison,Wald,-0.597837000755621,-0.4434897827728,-0.717988966241641,-0.168990599303959,0.140050603810633,,,,,,,,,
325,phase_shift,ITS,large_scale_comparison,Wald,-0.597837000755621,-0.694232273079738,-0.957887241903911,-0.430577304255565,0.134517841236823,,,,,,,,,
325,phase_shift,GAM,large_scale_comparison,Wald,-0.597837000755621,-0.478810678703387,-0.555947427348471,-0.401673930058304,0.0393554840025936,,,,,,,,,
325,phase_shift,Aligned NB,large_scale_comparison,Wald,-0.597837000755621,-0.73509103185474,-0.992410722767523,-0.477771340941958,0.131285556588154,,,,,,,,,
326,phase_shift,ITS,large_scale_comparison,Wald,-0.597837000755621,-0.588165961592592,-0.942038284424238,-0.234293638760947,0.180547103485533,,,,,,,,,
326,phase_shift,GAM,large_scale_comparison,Wald,-0.597837000755621,-0.466861218718024,-0.56137293598317,-0.372349501452878,0.0482202639107889,,,,,,,,,
326,phase_shift,Aligned NB,large_scale_comparison,Wald,-0.597837000755621,-0.621627510551311,-0.967346890332337,-0.275908130770284,0.176387438663789,,,,,,,,,
327,phase_shift,ITS,large_scale_comparison,Wald,-0.597837000755621,-0.486090262182797,-0.80218389312298,-0.169996631242615,0.161272260683767,,,,,,,,,
327,phase_shift,GAM,large_scale_comparison,Wald,-0.597837000755621,-0.67220597032545,-0.776389138328081,-0.568022802322819,0.0531546775523628,,,,,,,,,
327,phase_shift,Aligned NB,large_scale_comparison,Wald,-0.597837000755621,-0.512658748514214,-0.822475128688791,-0.202842368339638,0.158069581721723,,,,,,,,,
328,phase_shift,ITS,large_scale_comparison,Wald,-0.597837000755621,-0.477020560038923,-0.652977943700288,-0.301063176377558,0.0897741753374311,,,,,,,,,
328,phase_shift,GAM,large_scale_comparison,Wald,-0.597837000755621,-0.521831380322736,-0.588024611976771,-0.455638148668701,0.0337720569663445,,,,,,,,,
328,phase_shift,Aligned NB,large_scale_comparison,Wald,-0.597837000755621,-0.508749362251565,-0.682052860815581,-0.335445863687549,0.0884201523285796,,,,,,,,,
329,phase_shift,ITS,large_scale_comparison,Wald,-0.597837000755621,-0.0459324026599562,-0.375486109344815,0.283621304024902,0.168139646267785,,,,,,,,,
329,phase_shift,GAM,large_scale_comparison,Wald,-0.597837000755621,-0.0256061278218032,-0.131237938434728,0.0800256827911217,0.0538937809249617,,,,,,,,,
329,phase_shift,Aligned NB,large_scale_comparison,Wald,-0.597837000755621,-0.0522900881077026,-0.375171026653121,0.270590850437716,0.164735172727254,,,,,,,,,
330,phase_shift,ITS,large_scale_comparison,Wald,-0.597837000755621,-0.429461371877118,-0.633882561357842,-0.225040182396394,0.104296525245267,,,,,,,,,
330,phase_shift,GAM,large_scale_comparison,Wald,-0.597837000755621,-0.399130775722147,-0.458770347178237,-0.339491204266056,0.0304283527837197,,,,,,,,,
330,phase_shift,Aligned NB,large_scale_comparison,Wald,-0.597837000755621,-0.503098085222906,-0.701436869561936,-0.304759300883875,0.101193257315832,,,,,,,,,
331,phase_shift,ITS,large_scale_comparison,Wald,-0.597837000755621,-0.71200029768519,-1.02955056339844,-0.394450031971938,0.162015441690435,,,,,,,,,
331,phase_shift,GAM,large_scale_comparison,Wald,-0.597837000755621,-0.597916899259492,-0.705803818159817,-0.490029980359167,0.055044346377717,,,,,,,,,
331,phase_shift,Aligned NB,large_scale_comparison,Wald,-0.597837000755621,-0.719406722617151,-1.03654203918405,-0.402271406050258,0.161803732942293,,,,,,,,,
332,phase_shift,ITS,large_scale_comparison,Wald,-0.597837000755621,-0.385608190856279,-0.73932387851566,-0.0318925031968976,0.180467187581317,,,,,,,,,
332,phase_shift,GAM,large_scale_comparison,Wald,-0.597837000755621,-0.592348841736058,-0.689552904949673,-0.495144778522443,0.049593909802865,,,,,,,,,
332,phase_shift,Aligned NB,large_scale_comparison,Wald,-0.597837000755621,-0.441823236913885,-0.790384227015405,-0.0932622468123659,0.177837239847714,,,,,,,,,
333,phase_shift,ITS,large_scale_comparison,Wald,-0.597837000755621,-0.553752898036616,-0.758822186831305,-0.348683609241926,0.104627188160556,,,,,,,,,
333,phase_shift,GAM,large_scale_comparison,Wald,-0.597837000755621,-0.282790319964976,-0.382039601592823,-0.18354103833713,0.0506373885856359,,,,,,,,,
333,phase_shift,Aligned NB,large_scale_comparison,Wald,-0.597837000755621,-0.587114508160407,-0.786716969003374,-0.387512047317441,0.101837990226003,,,,,,,,,
334,phase_shift,ITS,large_scale_comparison,Wald,-0.597837000755621,-0.420761037764608,-0.69107068871058,-0.150451386818635,0.137913087217333,,,,,,,,,
334,phase_shift,GAM,large_scale_comparison,Wald,-0.597837000755621,-0.476530371035767,-0.575783919162135,-0.377276822909399,0.0506395653705959,,,,,,,,,
334,phase_shift,Aligned NB,large_scale_comparison,Wald,-0.597837000755621,-0.425945545577668,-0.69268224272495,-0.159208848430387,0.136090151605756,,,,,,,,,
335,phase_shift,ITS,large_scale_comparison,Wald,-0.597837000755621,-0.230297802148572,-0.450117785149071,-0.0104778191480723,0.112153052551275,,,,,,,,,
335,phase_shift,GAM,large_scale_comparison,Wald,-0.597837000755621,-0.472695728308951,-0.577987341105713,-0.367404115512189,0.0537202106105929,,,,,,,,,
335,phase_shift,Aligned NB,large_scale_comparison,Wald,-0.597837000755621,-0.244728022819617,-0.46050690567793,-0.0289491399613045,0.110091266764445,,,,,,,,,
336,phase_shift,ITS,large_scale_comparison,Wald,-0.597837000755621,-0.62074333495827,-0.89502895552117,-0.34645771439537,0.139941643144337,,,,,,,,,
336,phase_shift,GAM,large_scale_comparison,Wald,-0.597837000755621,-0.471460324360105,-0.562158132300004,-0.380762516420207,0.0462743918060707,,,,,,,,,
336,phase_shift,Aligned NB,large_scale_comparison,Wald,-0.597837000755621,-0.652597858129998,-0.921525197631019,-0.383670518628977,0.137207826276031,,,,,,,,,
337,phase_shift,ITS,large_scale_comparison,Wald,-0.597837000755621,-0.510330120677262,-0.740830659836437,-0.279829581518087,0.117602315897538,,,,,,,,,
337,phase_shift,GAM,large_scale_comparison,Wald,-0.597837000755621,-0.477620053026614,-0.574280439453135,-0.380959666600094,0.0493165236870003,,,,,,,,,
337,phase_shift,Aligned NB,large_scale_comparison,Wald,-0.597837000755621,-0.544356173691565,-0.767315580948209,-0.321396766434921,0.113754799620737,,,,,,,,,
338,phase_shift,ITS,large_scale_comparison,Wald,-0.597837000755621,-0.629941124054666,-0.864195700898662,-0.395686547210669,0.119517641246937,,,,,,,,,
338,phase_shift,GAM,large_scale_comparison,Wald,-0.597837000755621,-0.572725718041523,-0.67104822387658,-0.474403212206467,0.0501645437933962,,,,,,,,,
338,phase_shift,Aligned NB,large_scale_comparison,Wald,-0.597837000755621,-0.693145860129915,-0.920988787320531,-0.465302932939299,0.116246391423784,,,,,,,,,
339,phase_shift,ITS,large_scale_comparison,Wald,-0.597837000755621,-0.310808069372087,-0.556897883198822,-0.0647182555453512,0.12555602746262,,,,,,,,,
339,phase_shift,GAM,large_scale_comparison,Wald,-0.597837000755621,-0.580988439370668,-0.658240665626428,-0.503736213114908,0.039414401150898,,,,,,,,,
339,phase_shift,Aligned NB,large_scale_comparison,Wald,-0.597837000755621,-0.328670030419355,-0.570932049964122,-0.0864080108745876,0.12360307119631,,,,,,,,,
340,phase_shift,ITS,large_scale_comparison,Wald,-0.597837000755621,-0.241511992564181,-0.556408084503847,0.0733840993754852,0.160661271397789,,,,,,,,,
340,phase_shift,GAM,large_scale_comparison,Wald,-0.597837000755621,-0.765407676150865,-0.880240586055773,-0.650574766245957,0.058588219339239,,,,,,,,,
340,phase_shift,Aligned NB,large_scale_comparison,Wald,-0.597837000755621,-0.236282704614604,-0.550257524793258,0.0776921155640506,0.160191234785028,,,,,,,,,
341,phase_shift,ITS,large_scale_comparison,Wald,-0.597837000755621,-0.1390512985867,-0.55375181193905,0.27564921476565,0.211581894567526,,,,,,,,,
341,phase_shift,GAM,large_scale_comparison,Wald,-0.597837000755621,-0.656259226329488,-0.776889677014311,-0.535628775644666,0.0615461483085827,,,,,,,,,
341,phase_shift,Aligned NB,large_scale_comparison,Wald,-0.597837000755621,-0.137144847766561,-0.549670740011396,0.275381044478274,0.210472394002467,,,,,,,,,
342,phase_shift,ITS,large_scale_comparison,Wald,-0.597837000755621,-0.870184487057958,-1.25743673229239,-0.48293224182353,0.197577676140014,,,,,,,,,
342,phase_shift,GAM,large_scale_comparison,Wald,-0.597837000755621,-0.0734868538853627,-0.185243831465379,0.0382701236946538,0.0570188661122533,,,,,,,,,
342,phase_shift,Aligned NB,large_scale_comparison,Wald,-0.597837000755621,-0.927043235696044,-1.30620014080854,-0.547886330583546,0.193447400567601,,,,,,,,,
343,phase_shift,ITS,large_scale_comparison,Wald,-0.597837000755621,-0.274924249317587,-0.637840059112318,0.0879915604771443,0.185161127446291,,,,,,,,,
343,phase_shift,GAM,large_scale_comparison,Wald,-0.597837000755621,-0.454498112791649,-0.562852532645414,-0.346143692937885,0.055282867272329,,,,,,,,,
343,phase_shift,Aligned NB,large_scale_comparison,Wald,-0.597837000755621,-0.31673719433791,-0.673414705163043,0.0399403164872229,0.181978321849558,,,,,,,,,
344,phase_shift,ITS,large_scale_comparison,Wald,-0.597837000755621,-0.15546365072574,-0.396809096893652,0.0858817954421732,0.123135431718323,,,,,,,,,
344,phase_shift,GAM,large_scale_comparison,Wald,-0.597837000755621,-0.482341016897138,-0.577237959226199,-0.387444074568078,0.0484168073107452,,,,,,,,,
344,phase_shift,Aligned NB,large_scale_comparison,Wald,-0.597837000755621,-0.176504352988912,-0.413201429467289,0.060192723489465,0.120763814529784,,,,,,,,,
345,phase_shift,ITS,large_scale_comparison,Wald,-0.597837000755621,-0.514167607945698,-0.709723333436607,-0.318611882454789,0.0997733293320963,,,,,,,,,
345,phase_shift,GAM,large_scale_comparison,Wald,-0.597837000755621,-0.642468068131883,-0.741441549948651,-0.543494586315114,0.0504966743963103,,,,,,,,,
345,phase_shift,Aligned NB,large_scale_comparison,Wald,-0.597837000755621,-0.524566509443899,-0.71921732312344,-0.329915695764359,0.0993116396324187,,,,,,,,,
346,phase_shift,ITS,large_scale_comparison,Wald,-0.597837000755621,-0.622975648592135,-0.8796208840311,-0.366330413153169,0.130941446652533,,,,,,,,,
346,phase_shift,GAM,large_scale_comparison,Wald,-0.597837000755621,-0.681420862190194,-0.793361404850686,-0.569480319529702,0.0571125217655571,,,,,,,,,
346,phase_shift,Aligned NB,large_scale_comparison,Wald,-0.597837000755621,-0.639826291024706,-0.891444482123134,-0.388208099926279,0.128376628111442,,,,,,,,,
347,phase_shift,ITS,large_scale_comparison,Wald,-0.597837000755621,-0.129811370198051,-0.467480160584783,0.207857420188682,0.172279995095272,,,,,,,,,
347,phase_shift,GAM,large_scale_comparison,Wald,-0.597837000755621,-0.194854427014568,-0.306294531639849,-0.0834143223892869,0.0568571962373884,,,,,,,,,
347,phase_shift,Aligned NB,large_scale_comparison,Wald,-0.597837000755621,-0.12999275262844,-0.456155696255826,0.196170190998946,0.166409665116013,,,,,,,,,
348,phase_shift,ITS,large_scale_comparison,Wald,-0.597837000755621,-1.04464276295781,-1.421672864768,-0.667612661147626,0.192362296841932,,,,,,,,,
348,phase_shift,GAM,large_scale_comparison,Wald,-0.597837000755621,-0.437137704929131,-0.547862636899969,-0.326412772958293,0.0564923122300192,,,,,,,,,
348,phase_shift,Aligned NB,large_scale_comparison,Wald,-0.597837000755621,-1.07210707239534,-1.4468504676865,-0.697363677104188,0.191195609842427,,,,,,,,,
349,phase_shift,ITS,large_scale_comparison,Wald,-0.597837000755621,-0.45759698523195,-0.689422273481702,-0.225771696982197,0.11827820829069,,,,,,,,,
349,phase_shift,GAM,large_scale_comparison,Wald,-0.597837000755621,-0.394937013554468,-0.461561992537536,-0.3283120345714,0.033992336215851,,,,,,,,,
349,phase_shift,Aligned NB,large_scale_comparison,Wald,-0.597837000755621,-0.470845003964745,-0.699495324011189,-0.2421946839183,0.116658326554308,,,,,,,,,
350,phase_shift,ITS,large_scale_comparison,Wald,-0.597837000755621,-0.238006576948172,-0.534696531219947,0.0586833773236038,0.151372425648865,,,,,,,,,
350,phase_shift,GAM,large_scale_comparison,Wald,-0.597837000755621,-0.603162666935153,-0.708666808650914,-0.497658525219392,0.0538286437325311,,,,,,,,,
350,phase_shift,Aligned NB,large_scale_comparison,Wald,-0.597837000755621,-0.273082909911623,-0.560970634147876,0.0148048143246295,0.146881491957272,,,,,,,,,
351,phase_shift,ITS,large_scale_comparison,Wald,-0.597837000755621,-0.412743983644859,-0.73794691617045,-0.087541051119268,0.165919863533465,,,,,,,,,
351,phase_shift,GAM,large_scale_comparison,Wald,-0.597837000755621,-0.638119648335747,-0.746274563250367,-0.529964733421127,0.0551810790380716,,,,,,,,,
351,phase_shift,Aligned NB,large_scale_comparison,Wald,-0.597837000755621,-0.45374077007637,-0.773922338554411,-0.133559201598328,0.163357943101041,,,,,,,,,
352,phase_shift,ITS,large_scale_comparison,Wald,-0.597837000755621,-0.278654103468224,-0.550056412918556,-0.00725179401789128,0.138470566046088,,,,,,,,,
352,phase_shift,GAM,large_scale_comparison,Wald,-0.597837000755621,-0.547561983792236,-0.659677133448354,-0.435446834136118,0.0572016069674071,,,,,,,,,
352,phase_shift,Aligned NB,large_scale_comparison,Wald,-0.597837000755621,-0.282742322416656,-0.545160950207527,-0.0203236946257844,0.133887054995342,,,,,,,,,
353,phase_shift,ITS,large_scale_comparison,Wald,-0.597837000755621,-0.689653206132434,-0.994465128563579,-0.384841283701289,0.155516286954666,,,,,,,,,
353,phase_shift,GAM,large_scale_comparison,Wald,-0.597837000755621,-0.209924300012421,-0.316206700588809,-0.103641899436033,0.0542257145797898,,,,,,,,,
353,phase_shift,Aligned NB,large_scale_comparison,Wald,-0.597837000755621,-0.76475512518231,-1.06493920561478,-0.464571044749838,0.153155143077792,,,,,,,,,
354,phase_shift,ITS,large_scale_comparison,Wald,-0.597837000755621,-0.441561179790106,-0.78212615867779,-0.100996200902421,0.173757642289635,,,,,,,,,
354,phase_shift,GAM,large_scale_comparison,Wald,-0.597837000755621,-0.98012292366278,-1.10230060409182,-0.857945243233744,0.062335551239304,,,,,,,,,
354,phase_shift,Aligned NB,large_scale_comparison,Wald,-0.597837000755621,-0.46267556123014,-0.799431436115085,-0.125919686345195,0.171814221880074,,,,,,,,,
355,phase_shift,ITS,large_scale_comparison,Wald,-0.597837000755621,-0.598735332685119,-0.852667491813089,-0.344803173557149,0.129557224044882,,,,,,,,,
355,phase_shift,GAM,large_scale_comparison,Wald,-0.597837000755621,-0.439336558094743,-0.540556884289129,-0.338116231900357,0.0516430235685642,,,,,,,,,
355,phase_shift,Aligned NB,large_scale_comparison,Wald,-0.597837000755621,-0.636710290993204,-0.886981025625988,-0.386439556360421,0.127689150322849,,,,,,,,,
356,phase_shift,ITS,large_scale_comparison,Wald,-0.597837000755621,-0.781304828432912,-1.07485770131448,-0.48775195555134,0.149771873919169,,,,,,,,,
356,phase_shift,GAM,large_scale_comparison,Wald,-0.597837000755621,-0.327464756108447,-0.420058306823138,-0.234871205393756,0.0472416075074955,,,,,,,,,
356,phase_shift,Aligned NB,large_scale_comparison,Wald,-0.597837000755621,-0.819333949991718,-1.10516006332615,-0.533507836657283,0.145829649660426,,,,,,,,,
357,phase_shift,ITS,large_scale_comparison,Wald,-0.597837000755621,-0.748385701719258,-1.04766604841798,-0.449105355020538,0.152694054438122,,,,,,,,,
357,phase_shift,GAM,large_scale_comparison,Wald,-0.597837000755621,-0.610594996817056,-0.681508385459422,-0.539681608174691,0.0361803003277374,,,,,,,,,
357,phase_shift,Aligned NB,large_scale_comparison,Wald,-0.597837000755621,-0.792322509015631,-1.08616745552659,-0.498477562504667,0.149920891077022,,,,,,,,,
358,phase_shift,ITS,large_scale_comparison,Wald,-0.597837000755621,-0.661441142446918,-0.94596166307674,-0.376920621817097,0.145163530933583,,,,,,,,,
358,phase_shift,GAM,large_scale_comparison,Wald,-0.597837000755621,-0.832890114125081,-0.943866300515606,-0.721913927734556,0.0566205032604719,,,,,,,,,
358,phase_shift,Aligned NB,large_scale_comparison,Wald,-0.597837000755621,-0.694548517337621,-0.972133354997094,-0.416963679678146,0.141624917173201,,,,,,,,,
359,phase_shift,ITS,large_scale_comparison,Wald,-0.597837000755621,-0.314980749781981,-0.594613205924679,-0.0353482936392823,0.142669620480969,,,,,,,,,
359,phase_shift,GAM,large_scale_comparison,Wald,-0.597837000755621,-0.277018741925911,-0.388467769635481,-0.165569714216341,0.0568617488314131,,,,,,,,,
359,phase_shift,Aligned NB,large_scale_comparison,Wald,-0.597837000755621,-0.333839194624161,-0.608431356425161,-0.0592470328231618,0.140098041735204,,,,,,,,,
360,phase_shift,ITS,large_scale_comparison,Wald,-0.597837000755621,-0.512209430851152,-0.758118991392278,-0.266299870310027,0.125464061500574,,,,,,,,,
360,phase_shift,GAM,large_scale_comparison,Wald,-0.597837000755621,-0.530826227729671,-0.632942151137109,-0.428710304322233,0.0520999609221622,,,,,,,,,
360,phase_shift,Aligned NB,large_scale_comparison,Wald,-0.597837000755621,-0.549935902977178,-0.790489783761944,-0.309382022192412,0.122731571828962,,,,,,,,,
361,phase_shift,ITS,large_scale_comparison,Wald,-0.597837000755621,-0.836313976681291,-1.06100936060277,-0.611618592759814,0.114640502000754,,,,,,,,,
361,phase_shift,GAM,large_scale_comparison,Wald,-0.597837000755621,-0.42027337009145,-0.494763596661067,-0.345783143521834,0.0380052176375595,,,,,,,,,
361,phase_shift,Aligned NB,large_scale_comparison,Wald,-0.597837000755621,-0.872632519022781,-1.09544944943555,-0.64981558861001,0.113682107353455,,,,,,,,,
362,phase_shift,ITS,large_scale_comparison,Wald,-0.597837000755621,-0.585687216166943,-0.834598682397237,-0.336775749936648,0.126995646035864,,,,,,,,,
362,phase_shift,GAM,large_scale_comparison,Wald,-0.597837000755621,-0.782094705038741,-0.88522858642994,-0.678960823647541,0.0526193272404081,,,,,,,,,
362,phase_shift,Aligned NB,large_scale_comparison,Wald,-0.597837000755621,-0.656534298839648,-0.897541120714444,-0.415527476964851,0.122962664221835,,,,,,,,,
363,phase_shift,ITS,large_scale_comparison,Wald,-0.597837000755621,-0.160784725234089,-0.434211331193652,0.112641880725473,0.139503370387532,,,,,,,,,
363,phase_shift,GAM,large_scale_comparison,Wald,-0.597837000755621,-0.345794110005878,-0.44206396417667,-0.249524255835087,0.049117272536118,,,,,,,,,
363,phase_shift,Aligned NB,large_scale_comparison,Wald,-0.597837000755621,-0.175272511628535,-0.441814800218226,0.0912697769611558,0.135990963566169,,,,,,,,,
364,phase_shift,ITS,large_scale_comparison,Wald,-0.597837000755621,-0.384778253254554,-0.599184133145627,-0.170372373363482,0.109390755046466,,,,,,,,,
364,phase_shift,GAM,large_scale_comparison,Wald,-0.597837000755621,-0.329559656252883,-0.428126517315275,-0.230992795190492,0.0502892148277507,,,,,,,,,
364,phase_shift,Aligned NB,large_scale_comparison,Wald,-0.597837000755621,-0.40143297368837,-0.612044251511603,-0.190821695865138,0.107454733583282,,,,,,,,,
365,phase_shift,ITS,large_scale_comparison,Wald,-0.597837000755621,-0.706300673482158,-1.03151365907713,-0.381087687887189,0.165924992650495,,,,,,,,,
365,phase_shift,GAM,large_scale_comparison,Wald,-0.597837000755621,-0.353720731456964,-0.469964201535335,-0.237477261378594,0.0593078928971277,,,,,,,,,
365,phase_shift,Aligned NB,large_scale_comparison,Wald,-0.597837000755621,-0.731197324434367,-1.05077328701522,-0.411621361853511,0.163048960500437,,,,,,,,,
366,phase_shift,ITS,large_scale_comparison,Wald,-0.597837000755621,-0.772330014399869,-1.03100490492403,-0.51365512387571,0.131976984961306,,,,,,,,,
366,phase_shift,GAM,large_scale_comparison,Wald,-0.597837000755621,-0.532747362324609,-0.607185585433595,-0.458309139215622,0.0379786852596871,,,,,,,,,
366,phase_shift,Aligned NB,large_scale_comparison,Wald,-0.597837000755621,-0.845297110720758,-1.09433580719447,-0.596258414247046,0.127060559425364,,,,,,,,,
367,phase_shift,ITS,large_scale_comparison,Wald,-0.597837000755621,-0.625914175801771,-1.00085385703239,-0.250974494571151,0.191295755729908,,,,,,,,,
367,phase_shift,GAM,large_scale_comparison,Wald,-0.597837000755621,-0.380696355856972,-0.463403229563032,-0.297989482150912,0.042197384543908,,,,,,,,,
367,phase_shift,Aligned NB,large_scale_comparison,Wald,-0.597837000755621,-0.635226372965469,-1.00875124680041,-0.261701499130524,0.190573915221911,,,,,,,,,
368,phase_shift,ITS,large_scale_comparison,Wald,-0.597837000755621,-0.436933925310786,-0.677572855608402,-0.19629499501317,0.122774964437559,,,,,,,,,
368,phase_shift,GAM,large_scale_comparison,Wald,-0.597837000755621,-0.501620372543317,-0.571075339903585,-0.432165405183049,0.0354362078368714,,,,,,,,,
368,phase_shift,Aligned NB,large_scale_comparison,Wald,-0.597837000755621,-0.478583101707153,-0.713301189714974,-0.243865013699332,0.119754126534602,,,,,,,,,
369,phase_shift,ITS,large_scale_comparison,Wald,-0.597837000755621,-0.922915250104003,-1.16614652079542,-0.679683979412586,0.124097587087457,,,,,,,,,
369,phase_shift,GAM,large_scale_comparison,Wald,-0.597837000755621,-0.634013201267768,-0.730363777313582,-0.537662625221954,0.0491584571662316,,,,,,,,,
369,phase_shift,Aligned NB,large_scale_comparison,Wald,-0.597837000755621,-0.927261111147243,-1.17013634060624,-0.684385881688248,0.123915933397447,,,,,,,,,
370,phase_shift,ITS,large_scale_comparison,Wald,-0.597837000755621,-0.65729589084537,-0.901230968036469,-0.413360813654271,0.124456672036275,,,,,,,,,
370,phase_shift,GAM,large_scale_comparison,Wald,-0.597837000755621,-0.687438703310641,-0.792830667647753,-0.582046738973529,0.0537714103760776,,,,,,,,,
370,phase_shift,Aligned NB,large_scale_comparison,Wald,-0.597837000755621,-0.714791545194654,-0.954109774858775,-0.475473315530533,0.122101137583735,,,,,,,,,
371,phase_shift,ITS,large_scale_comparison,Wald,-0.597837000755621,-0.389318715484402,-0.729938984030766,-0.0486984469380385,0.173785851299165,,,,,,,,,
371,phase_shift,GAM,large_scale_comparison,Wald,-0.597837000755621,-0.46880779160943,-0.576922100897513,-0.360693482321348,0.0551603618816748,,,,,,,,,
371,phase_shift,Aligned NB,large_scale_comparison,Wald,-0.597837000755621,-0.416941996568466,-0.75369455576153,-0.0801894373754022,0.171812530200543,,,,,,,,,
372,phase_shift,ITS,large_scale_comparison,Wald,-0.597837000755621,-0.860408696971952,-1.33818168888101,-0.382635705062895,0.243761730565845,,,,,,,,,
372,phase_shift,GAM,large_scale_comparison,Wald,-0.597837000755621,-0.254314650452205,-0.380940617213471,-0.12768868369094,0.0646050850822782,,,,,,,,,
372,phase_shift,Aligned NB,large_scale_comparison,Wald,-0.597837000755621,-0.899654839861634,-1.37350235266235,-0.425807327060918,0.241758935102406,,,,,,,,,
373,phase_shift,ITS,large_scale_comparison,Wald,-0.597837000755621,-0.531212812456689,-0.727258081299802,-0.335167543613576,0.100023096348527,,,,,,,,,
373,phase_shift,GAM,large_scale_comparison,Wald,-0.597837000755621,-0.15150715275415,-0.244882201113567,-0.0581321043947336,0.0476403307956208,,,,,,,,,
373,phase_shift,Aligned NB,large_scale_comparison,Wald,-0.597837000755621,-0.589758523757354,-0.779995887633549,-0.399521159881159,0.0970598795286709,,,,,,,,,
374,phase_shift,ITS,large_scale_comparison,Wald,-0.597837000755621,-0.278347085201985,-0.592046223731833,0.0353520533278626,0.160050580882575,,,,,,,,,
374,phase_shift,GAM,large_scale_comparison,Wald,-0.597837000755621,-0.307051169964346,-0.414135076133665,-0.199967263795027,0.0546346460047545,,,,,,,,,
374,phase_shift,Aligned NB,large_scale_comparison,Wald,-0.597837000755621,-0.326632556644654,-0.627478136525928,-0.0257869767633804,0.153492642796568,,,,,,,,,
375,phase_shift,ITS,large_scale_comparison,Wald,-0.597837000755621,-0.477557445481243,-0.828544512133298,-0.126570378829188,0.179075034006151,,,,,,,,,
375,phase_shift,GAM,large_scale_comparison,Wald,-0.597837000755621,-0.783224069166885,-0.896635816066158,-0.669812322267611,0.0578631361730987,,,,,,,,,
375,phase_shift,Aligned NB,large_scale_comparison,Wald,-0.597837000755621,-0.501796945252765,-0.848319364499609,-0.155274526005921,0.176797152676961,,,,,,,,,
376,phase_shift,ITS,large_scale_comparison,Wald,-0.597837000755621,-0.254967312691215,-0.525083022269638,0.0151483968872079,0.137814137540012,,,,,,,,,
376,phase_shift,GAM,large_scale_comparison,Wald,-0.597837000755621,-0.204522042724855,-0.30740163490016,-0.10164245054955,0.0524895878445434,,,,,,,,,
376,phase_shift,Aligned NB,large_scale_comparison,Wald,-0.597837000755621,-0.283280944779791,-0.547066860127424,-0.0194950294321582,0.134584650687568,,,,,,,,,
377,phase_shift,ITS,large_scale_comparison,Wald,-0.597837000755621,-0.345239483461984,-0.567128206103034,-0.123350760820934,0.113208531959719,,,,,,,,,
377,phase_shift,GAM,large_scale_comparison,Wald,-0.597837000755621,-0.736251927557925,-0.837441727897086,-0.635062127218765,0.0516274491526329,,,,,,,,,
377,phase_shift,Aligned NB,large_scale_comparison,Wald,-0.597837000755621,-0.383601942781351,-0.599823250592607,-0.167380634970096,0.110316993781253,,,,,,,,,
378,phase_shift,ITS,large_scale_comparison,Wald,-0.597837000755621,-0.542023881400124,-0.823104092331334,-0.260943670468913,0.143408270883271,,,,,,,,,
378,phase_shift,GAM,large_scale_comparison,Wald,-0.597837000755621,-0.462687674825135,-0.533807850884543,-0.391567498765728,0.0362858041119426,,,,,,,,,
378,phase_shift,Aligned NB,large_scale_comparison,Wald,-0.597837000755621,-0.566440789376706,-0.841239903064504,-0.291641675688908,0.14020362943255,,,,,,,,,
379,phase_shift,ITS,large_scale_comparison,Wald,-0.597837000755621,-0.631447152221322,-0.909669191225605,-0.353225113217038,0.141950019900145,,,,,,,,,
379,phase_shift,GAM,large_scale_comparison,Wald,-0.597837000755621,-0.487575909205937,-0.552975920595984,-0.42217589781589,0.0333673527500239,,,,,,,,,
379,phase_shift,Aligned NB,large_scale_comparison,Wald,-0.597837000755621,-0.639036893247245,-0.915073509342599,-0.36300027715189,0.140835008211916,,,,,,,,,
380,phase_shift,ITS,large_scale_comparison,Wald,-0.597837000755621,-0.732464186259801,-1.00988706336337,-0.455041309156229,0.141542284236517,,,,,,,,,
380,phase_shift,GAM,large_scale_comparison,Wald,-0.597837000755621,-0.334051288921827,-0.438038262195929,-0.230064315647726,0.0530545782010721,,,,,,,,,
380,phase_shift,Aligned NB,large_scale_comparison,Wald,-0.597837000755621,-0.770764725467873,-1.04265299139504,-0.498876459540705,0.138718503024065,,,,,,,,,
381,phase_shift,ITS,large_scale_comparison,Wald,-0.597837000755621,-0.0571225215968621,-0.453221722552292,0.338976679358568,0.202091429058893,,,,,,,,,
381,phase_shift,GAM,large_scale_comparison,Wald,-0.597837000755621,-0.489558063360273,-0.570682118541983,-0.408434008178563,0.041389824072301,,,,,,,,,
381,phase_shift,Aligned NB,large_scale_comparison,Wald,-0.597837000755621,-0.0572838819047296,-0.45292378655357,0.338356022744111,0.201857094208592,,,,,,,,,
382,phase_shift,ITS,large_scale_comparison,Wald,-0.597837000755621,-0.882988854961693,-1.25816262987735,-0.507815080046036,0.191415191283499,,,,,,,,,
382,phase_shift,GAM,large_scale_comparison,Wald,-0.597837000755621,-0.595633216748271,-0.673235891239085,-0.518030542257458,0.0395932012708233,,,,,,,,,
382,phase_shift,Aligned NB,large_scale_comparison,Wald,-0.597837000755621,-0.909528444718705,-1.28034237815663,-0.538714511280784,0.189190782366286,,,,,,,,,
383,phase_shift,ITS,large_scale_comparison,Wald,-0.597837000755621,-0.61025503562071,-0.906145302170257,-0.314364769071163,0.150964421708953,,,,,,,,,
383,phase_shift,GAM,large_scale_comparison,Wald,-0.597837000755621,-0.554510148658357,-0.651117749151258,-0.457902548165455,0.0492895920882149,,,,,,,,,
383,phase_shift,Aligned NB,large_scale_comparison,Wald,-0.597837000755621,-0.657698864988145,-0.949528892862105,-0.365868837114186,0.148892871364265,,,,,,,,,
384,phase_shift,ITS,large_scale_comparison,Wald,-0.597837000755621,-0.483711146125514,-0.751588451007882,-0.215833841243147,0.136672094327739,,,,,,,,,
384,phase_shift,GAM,large_scale_comparison,Wald,-0.597837000755621,-0.152575057745524,-0.257388856661998,-0.0477612588290488,0.0534764280186096,,,,,,,,,
384,phase_shift,Aligned NB,large_scale_comparison,Wald,-0.597837000755621,-0.477455951421363,-0.744879516182606,-0.210032386660119,0.13644059426594,,,,,,,,,
385,phase_shift,ITS,large_scale_comparison,Wald,-0.597837000755621,-0.232400540977099,-0.571764705530614,0.106963623576415,0.173144981915058,,,,,,,,,
385,phase_shift,GAM,large_scale_comparison,Wald,-0.597837000755621,-0.681561307864077,-0.788578006996196,-0.574544608731958,0.0546003567000608,,,,,,,,,
385,phase_shift,Aligned NB,large_scale_comparison,Wald,-0.597837000755621,-0.235912670775477,-0.571486360972882,0.0996610194219289,0.171211066427248,,,,,,,,,
386,phase_shift,ITS,large_scale_comparison,Wald,-0.597837000755621,-0.619812705680602,-0.86346245399511,-0.376162957366094,0.124311096078831,,,,,,,,,
386,phase_shift,GAM,large_scale_comparison,Wald,-0.597837000755621,-0.425729094898497,-0.518300011307435,-0.33315817848956,0.0472300593923151,,,,,,,,,
386,phase_shift,Aligned NB,large_scale_comparison,Wald,-0.597837000755621,-0.708978666210849,-0.94309788564119,-0.474859446780509,0.11944858134201,,,,,,,,,
387,phase_shift,ITS,large_scale_comparison,Wald,-0.597837000755621,-0.607763602568341,-0.899386316412353,-0.31614088872433,0.148787098900006,,,,,,,,,
387,phase_shift,GAM,large_scale_comparison,Wald,-0.597837000755621,-0.555089490280924,-0.627221364876042,-0.482957615685805,0.0368019768342442,,,,,,,,,
387,phase_shift,Aligned NB,large_scale_comparison,Wald,-0.597837000755621,-0.630681474223563,-0.915832923612646,-0.34553002483448,0.145485433361777,,,,,,,,,
388,phase_shift,ITS,large_scale_comparison,Wald,-0.597837000755621,-0.336981992930611,-0.542023873611991,-0.131940112249232,0.104613204429275,,,,,,,,,
388,phase_shift,GAM,large_scale_comparison,Wald,-0.597837000755621,-0.312980030405265,-0.382680339761353,-0.243279721049178,0.0355613823245344,,,,,,,,,
388,phase_shift,Aligned NB,large_scale_comparison,Wald,-0.597837000755621,-0.368465744877227,-0.566782163546765,-0.170149326207689,0.101181846259968,,,,,,,,,
389,phase_shift,ITS,large_scale_comparison,Wald,-0.597837000755621,-0.442499319848007,-0.680628245772018,-0.204370393923995,0.12149434996123,,,,,,,,,
389,phase_shift,GAM,large_scale_comparison,Wald,-0.597837000755621,-0.36569074283807,-0.46366158487239,-0.267719900803751,0.0499851234868976,,,,,,,,,
389,phase_shift,Aligned NB,large_scale_comparison,Wald,-0.597837000755621,-0.45456350631139,-0.689453565477091,-0.219673447145689,0.119841866921276,,,,,,,,,
390,phase_shift,ITS,large_scale_comparison,Wald,-0.597837000755621,-0.622218629532957,-0.956035873012531,-0.288401386053383,0.17031492014264,,,,,,,,,
390,phase_shift,GAM,large_scale_comparison,Wald,-0.597837000755621,-0.398307034284616,-0.510564497983558,-0.286049570585673,0.0572742161729299,,,,,,,,,
390,phase_shift,Aligned NB,large_scale_comparison,Wald,-0.597837000755621,-0.642991416505422,-0.973614243113493,-0.31236858989735,0.168685115616363,,,,,,,,,
391,phase_shift,ITS,large_scale_comparison,Wald,-0.597837000755621,-0.732063966929557,-1.1628038287781,-0.301324105081019,0.21976523563701,,,,,,,,,
391,phase_shift,GAM,large_scale_comparison,Wald,-0.597837000755621,-0.729098298284036,-0.847193895684097,-0.611002700883974,0.0602528558163578,,,,,,,,,
391,phase_shift,Aligned NB,large_scale_comparison,Wald,-0.597837000755621,-0.770127851077666,-1.19723602127919,-0.343019680876137,0.217912331735474,,,,,,,,,
392,phase_shift,ITS,large_scale_comparison,Wald,-0.597837000755621,-0.58620570181044,-0.834462734703579,-0.337948668917302,0.126661751476091,,,,,,,,,
392,phase_shift,GAM,large_scale_comparison,Wald,-0.597837000755621,-0.444477842604641,-0.542938369492951,-0.34601731571633,0.0502349626981176,,,,,,,,,
392,phase_shift,Aligned NB,large_scale_comparison,Wald,-0.597837000755621,-0.645702178827771,-0.888808632389089,-0.402595725266454,0.124033904878223,,,,,,,,,
393,phase_shift,ITS,large_scale_comparison,Wald,-0.597837000755621,-0.548544033885069,-0.794468157463861,-0.302619910306278,0.125471491621832,,,,,,,,,
393,phase_shift,GAM,large_scale_comparison,Wald,-0.597837000755621,-0.4972168177535,-0.602447493020829,-0.391986142486172,0.0536891200343512,,,,,,,,,
393,phase_shift,Aligned NB,large_scale_comparison,Wald,-0.597837000755621,-0.575771356345695,-0.814645554231445,-0.336897158459944,0.121874590758036,,,,,,,,,
394,phase_shift,ITS,large_scale_comparison,Wald,-0.597837000755621,-0.756936777446817,-1.11646841542772,-0.397405139465913,0.18343450917393,,,,,,,,,
394,phase_shift,GAM,large_scale_comparison,Wald,-0.597837000755621,-0.553714220412775,-0.637621523274606,-0.469806917550945,0.0428098483988932,,,,,,,,,
394,phase_shift,Aligned NB,large_scale_comparison,Wald,-0.597837000755621,-0.800373267258228,-1.15585787655725,-0.444888657959206,0.18136969862195,,,,,,,,,
395,phase_shift,ITS,large_scale_comparison,Wald,-0.597837000755621,-0.577101860576987,-0.860077610715492,-0.294126110438482,0.144375382723727,,,,,,,,,
395,phase_shift,GAM,large_scale_comparison,Wald,-0.597837000755621,-0.416628735232344,-0.488892637607662,-0.344364832857026,0.0368693379465909,,,,,,,,,
395,phase_shift,Aligned NB,large_scale_comparison,Wald,-0.597837000755621,-0.613494805750913,-0.887303821348226,-0.3396857901536,0.139698477345568,,,,,,,,,
396,phase_shift,ITS,large_scale_comparison,Wald,-0.597837000755621,-0.24192447366134,-0.574251445372936,0.0904024980502558,0.169554577403875,,,,,,,,,
396,phase_shift,GAM,large_scale_comparison,Wald,-0.597837000755621,-0.589228797131468,-0.696362736423565,-0.48209485783937,0.0546601731082132,,,,,,,,,
396,phase_shift,Aligned NB,large_scale_comparison,Wald,-0.597837000755621,-0.290432470565439,-0.609219828044412,0.0283548869135334,0.16264661095866,,,,,,,,,
397,phase_shift,ITS,large_scale_comparison,Wald,-0.597837000755621,-0.548841487347212,-0.842709975681304,-0.254972999013119,0.149932902211272,,,,,,,,,
397,phase_shift,GAM,large_scale_comparison,Wald,-0.597837000755621,-0.680436928433623,-0.799674055162716,-0.56119980170453,0.0608352687393331,,,,,,,,,
397,phase_shift,Aligned NB,large_scale_comparison,Wald,-0.597837000755621,-0.562650207827651,-0.852452017056478,-0.272848398598824,0.147858065933075,,,,,,,,,
398,phase_shift,ITS,large_scale_comparison,Wald,-0.597837000755621,-0.501054184902543,-0.738524374463065,-0.263583995342021,0.121158259979858,,,,,,,,,
398,phase_shift,GAM,large_scale_comparison,Wald,-0.597837000755621,-0.625076381164308,-0.72341185076432,-0.526740911564296,0.0501711579591896,,,,,,,,,
398,phase_shift,Aligned NB,large_scale_comparison,Wald,-0.597837000755621,-0.529423935625436,-0.761451274692543,-0.297396596558329,0.118381295442402,,,,,,,,,
399,phase_shift,ITS,large_scale_comparison,Wald,-0.597837000755621,-0.422932412281767,-0.824140095402513,-0.0217247291610211,0.204697797510585,,,,,,,,,
399,phase_shift,GAM,large_scale_comparison,Wald,-0.597837000755621,-0.463524920507447,-0.584121098026757,-0.342928742988138,0.0615286619996478,,,,,,,,,
399,phase_shift,Aligned NB,large_scale_comparison,Wald,-0.597837000755621,-0.492293021595548,-0.880033960022704,-0.104552083168391,0.19782700940161,,,,,,,,,
400,phase_shift,ITS,large_scale_comparison,Wald,-0.597837000755621,-0.396063658038724,-0.71547480816553,-0.0766525079119185,0.162964872513676,,,,,,,,,
400,phase_shift,GAM,large_scale_comparison,Wald,-0.597837000755621,-0.388231247000615,-0.466124958933808,-0.310337535067422,0.0397416897618331,,,,,,,,,
400,phase_shift,Aligned NB,large_scale_comparison,Wald,-0.597837000755621,-0.463149474019951,-0.767527214322151,-0.158771733717751,0.155294765460306,,,,,,,,,
401,phase_shift,ITS,large_scale_comparison,Wald,-0.597837000755621,-0.966316761533681,-1.28896942069438,-0.643664102372986,0.164618703653416,,,,,,,,,
401,phase_shift,GAM,large_scale_comparison,Wald,-0.597837000755621,-0.602667399576178,-0.686473494356895,-0.51886130479546,0.042758211622815,,,,,,,,,
401,phase_shift,Aligned NB,large_scale_comparison,Wald,-0.597837000755621,-1.00351202880929,-1.32140939286232,-0.685614664756266,0.162192532680116,,,,,,,,,
402,phase_shift,ITS,large_scale_comparison,Wald,-0.597837000755621,-0.713368676985355,-0.945123312699827,-0.481614041270882,0.118242161078812,,,,,,,,,
402,phase_shift,GAM,large_scale_comparison,Wald,-0.597837000755621,-0.551413221604578,-0.644914287827194,-0.457912155381961,0.0477046256237838,,,,,,,,,
402,phase_shift,Aligned NB,large_scale_comparison,Wald,-0.597837000755621,-0.714157036233483,-0.945952337560316,-0.482361734906651,0.118262908840221,,,,,,,,,
403,phase_shift,ITS,large_scale_comparison,Wald,-0.597837000755621,-0.286790595840274,-0.523219460226901,-0.050361731453647,0.12062697162583,,,,,,,,,
403,phase_shift,GAM,large_scale_comparison,Wald,-0.597837000755621,-0.503371210477929,-0.57455053660182,-0.432191884354038,0.0363159827162709,,,,,,,,,
403,phase_shift,Aligned NB,large_scale_comparison,Wald,-0.597837000755621,-0.290352250543681,-0.5218700397985,-0.0588344612888608,0.118121321048377,,,,,,,,,
404,phase_shift,ITS,large_scale_comparison,Wald,-0.597837000755621,-0.165719071188199,-0.412395380772248,0.0809572383958491,0.125855259991861,,,,,,,,,
404,phase_shift,GAM,large_scale_comparison,Wald,-0.597837000755621,-0.480745763354555,-0.588339654470121,-0.373151872238988,0.0548948424059013,,,,,,,,,
404,phase_shift,Aligned NB,large_scale_comparison,Wald,-0.597837000755621,-0.174154603534658,-0.416241660574476,0.0679324535051602,0.123513804612152,,,,,,,,,
405,phase_shift,ITS,large_scale_comparison,Wald,-0.597837000755621,-0.479457541402791,-0.734137232053081,-0.224777850752502,0.129938617678719,,,,,,,,,
405,phase_shift,GAM,large_scale_comparison,Wald,-0.597837000755621,-0.431495578577658,-0.533987872872122,-0.329003284283193,0.0522919868849308,,,,,,,,,
405,phase_shift,Aligned NB,large_scale_comparison,Wald,-0.597837000755621,-0.507043149063135,-0.756864861403445,-0.257221436722826,0.127460057316484,,,,,,,,,
406,phase_shift,ITS,large_scale_comparison,Wald,-0.597837000755621,-0.546609458653896,-0.760848359081969,-0.332370558225823,0.109305561442894,,,,,,,,,
406,phase_shift,GAM,large_scale_comparison,Wald,-0.597837000755621,-0.684098148418039,-0.794370053199534,-0.573826243636544,0.0562611759089261,,,,,,,,,
406,phase_shift,Aligned NB,large_scale_comparison,Wald,-0.597837000755621,-0.613463965828575,-0.822924896561683,-0.404003035095466,0.106867821802606,,,,,,,,,
407,phase_shift,ITS,large_scale_comparison,Wald,-0.597837000755621,-0.370541114441136,-0.655890798670481,-0.0851914302117904,0.145586573586401,,,,,,,,,
407,phase_shift,GAM,large_scale_comparison,Wald,-0.597837000755621,-0.646060776229588,-0.753919264910994,-0.538202287548181,0.0550298411639829,,,,,,,,,
407,phase_shift,Aligned NB,large_scale_comparison,Wald,-0.597837000755621,-0.375644404743038,-0.660125355169542,-0.091163454316535,0.145143342054338,,,,,,,,,
408,phase_shift,ITS,large_scale_comparison,Wald,-0.597837000755621,-0.576708712209288,-0.962599129211851,-0.190818295206724,0.196882865817635,,,,,,,,,
408,phase_shift,GAM,large_scale_comparison,Wald,-0.597837000755621,-0.450523621886243,-0.52714944607613,-0.373897797696356,0.0390948082601464,,,,,,,,,
408,phase_shift,Aligned NB,large_scale_comparison,Wald,-0.597837000755621,-0.670851097173757,-1.03844205366442,-0.303260140683094,0.187546406372787,,,,,,,,,
409,phase_shift,ITS,large_scale_comparison,Wald,-0.597837000755621,-0.184103616302676,-0.600881744809661,0.23267451220431,0.212641902299482,,,,,,,,,
409,phase_shift,GAM,large_scale_comparison,Wald,-0.597837000755621,-0.53492808424508,-0.652302165465163,-0.417554003024997,0.059884735316369,,,,,,,,,
409,phase_shift,Aligned NB,large_scale_comparison,Wald,-0.597837000755621,-0.185843969349774,-0.601619864948976,0.229931926249427,0.212130558979184,,,,,,,,,
410,phase_shift,ITS,large_scale_comparison,Wald,-0.597837000755621,-0.422798889879951,-0.650841903099978,-0.194755876659924,0.116348476132667,,,,,,,,,
410,phase_shift,GAM,large_scale_comparison,Wald,-0.597837000755621,-0.653620289228912,-0.753304696442047,-0.553935882015777,0.050859391435273,,,,,,,,,
410,phase_shift,Aligned NB,large_scale_comparison,Wald,-0.597837000755621,-0.440530969483053,-0.665348946278856,-0.21571299268725,0.114703049385614,,,,,,,,,
411,phase_shift,ITS,large_scale_comparison,Wald,-0.597837000755621,-0.615513353738011,-0.881118351088782,-0.349908356387241,0.135512753750393,,,,,,,,,
411,phase_shift,GAM,large_scale_comparison,Wald,-0.597837000755621,-0.371311999695429,-0.480630981641819,-0.261993017749039,0.0557749907889743,,,,,,,,,
411,phase_shift,Aligned NB,large_scale_comparison,Wald,-0.597837000755621,-0.626066371625626,-0.88937537676637,-0.362757366484883,0.134341329153441,,,,,,,,,
412,phase_shift,ITS,large_scale_comparison,Wald,-0.597837000755621,-0.35524161616428,-0.66718552457244,-0.0432977077561205,0.159155055310286,,,,,,,,,
412,phase_shift,GAM,large_scale_comparison,Wald,-0.597837000755621,-0.581333639613476,-0.653731342633362,-0.50893593659359,0.0369376035815746,,,,,,,,,
412,phase_shift,Aligned NB,large_scale_comparison,Wald,-0.597837000755621,-0.388520787094818,-0.696395875101334,-0.0806456990883021,0.157079126533937,,,,,,,,,
413,phase_shift,ITS,large_scale_comparison,Wald,-0.597837000755621,-0.293665096081985,-0.592582328141933,0.00525213597796342,0.152508791867321,,,,,,,,,
413,phase_shift,GAM,large_scale_comparison,Wald,-0.597837000755621,-0.752050918331904,-0.865591445897625,-0.638510390766184,0.0579288405947555,,,,,,,,,
413,phase_shift,Aligned NB,large_scale_comparison,Wald,-0.597837000755621,-0.321332490586032,-0.610832619552551,-0.0318323616195125,0.147704147431898,,,,,,,,,
414,phase_shift,ITS,large_scale_comparison,Wald,-0.597837000755621,-0.804841857471723,-1.27262222527024,-0.337061489673208,0.238663452958426,,,,,,,,,
414,phase_shift,GAM,large_scale_comparison,Wald,-0.597837000755621,-0.85443260779777,-0.987455902415012,-0.721409313180528,0.0678690278659399,,,,,,,,,
414,phase_shift,Aligned NB,large_scale_comparison,Wald,-0.597837000755621,-0.800506712657333,-1.26866417947737,-0.332349245837294,0.238855850418387,,,,,,,,,
415,phase_shift,ITS,large_scale_comparison,Wald,-0.597837000755621,-0.28917485375673,-0.574238382277245,-0.00411132523621538,0.145440575775773,,,,,,,,,
415,phase_shift,GAM,large_scale_comparison,Wald,-0.597837000755621,-0.378953535781517,-0.44799399971972,-0.309913071843314,0.0352247264990833,,,,,,,,,
415,phase_shift,Aligned NB,large_scale_comparison,Wald,-0.597837000755621,-0.301913822778045,-0.576838808417456,-0.0269888371386337,0.140267849816026,,,,,,,,,
416,phase_shift,ITS,large_scale_comparison,Wald,-0.597837000755621,-0.58615954779899,-0.800477431482412,-0.371841664115568,0.109345859022154,,,,,,,,,
416,phase_shift,GAM,large_scale_comparison,Wald,-0.597837000755621,-0.373562970608078,-0.454282229434104,-0.292843711782051,0.0411832953194013,,,,,,,,,
416,phase_shift,Aligned NB,large_scale_comparison,Wald,-0.597837000755621,-0.633135976610509,-0.842782231846544,-0.423489721374473,0.106962375120426,,,,,,,,,
417,phase_shift,ITS,large_scale_comparison,Wald,-0.597837000755621,-0.904294379458488,-1.28715918792455,-0.521429570992423,0.19533918799289,,,,,,,,,
417,phase_shift,GAM,large_scale_comparison,Wald,-0.597837000755621,-0.491706180936201,-0.594293308873272,-0.38911905299913,0.0523403713964649,,,,,,,,,
417,phase_shift,Aligned NB,large_scale_comparison,Wald,-0.597837000755621,-0.946989852990327,-1.32522690190566,-0.56875280407499,0.192978086181294,,,,,,,,,
418,phase_shift,ITS,large_scale_comparison,Wald,-0.597837000755621,-0.136350129703906,-0.423537043121098,0.150836783713285,0.146523935416934,,,,,,,,,
418,phase_shift,GAM,large_scale_comparison,Wald,-0.597837000755621,-0.801206015070337,-0.914322042709601,-0.688089987431073,0.0577122589996245,,,,,,,,,
418,phase_shift,Aligned NB,large_scale_comparison,Wald,-0.597837000755621,-0.159084192606769,-0.436959608388766,0.118791223175227,0.141773171317345,,,,,,,,,
419,phase_shift,ITS,large_scale_comparison,Wald,-0.597837000755621,-0.299519914638183,-0.662488179075973,0.0634483497996066,0.185187890019281,,,,,,,,,
419,phase_shift,GAM,large_scale_comparison,Wald,-0.597837000755621,-0.269997724022922,-0.378313467483736,-0.161681980562107,0.055263134418783,,,,,,,,,
419,phase_shift,Aligned NB,large_scale_comparison,Wald,-0.597837000755621,-0.290288561081063,-0.653185533409417,0.0726084112472898,0.185151516494058,,,,,,,,,
420,phase_shift,ITS,large_scale_comparison,Wald,-0.597837000755621,-0.0690280475982303,-0.5529392988198,0.414883203623339,0.246893495521209,,,,,,,,,
420,phase_shift,GAM,large_scale_comparison,Wald,-0.597837000755621,-0.509920163336886,-0.59227197169113,-0.427568354982643,0.0420162287521651,,,,,,,,,
420,phase_shift,Aligned NB,large_scale_comparison,Wald,-0.597837000755621,-0.0641180958264591,-0.531405956456134,0.403169764803216,0.238412173790651,,,,,,,,,
421,phase_shift,ITS,large_scale_comparison,Wald,-0.597837000755621,-0.7671608303803,-1.09758548901235,-0.436736171748246,0.16858400950615,,,,,,,,,
421,phase_shift,GAM,large_scale_comparison,Wald,-0.597837000755621,-0.415874961755074,-0.486207141230846,-0.345542782279302,0.0358837650386591,,,,,,,,,
421,phase_shift,Aligned NB,large_scale_comparison,Wald,-0.597837000755621,-0.797233617948335,-1.12200907418148,-0.472458161715194,0.165701763384256,,,,,,,,,
422,phase_shift,ITS,large_scale_comparison,Wald,-0.597837000755621,-0.446598417296044,-0.727469918471955,-0.165726916120133,0.14330178631424,,,,,,,,,
422,phase_shift,GAM,large_scale_comparison,Wald,-0.597837000755621,-0.606995846738986,-0.711932530696375,-0.502059162781597,0.0535391244680557,,,,,,,,,
422,phase_shift,Aligned NB,large_scale_comparison,Wald,-0.597837000755621,-0.479549703168291,-0.756007584279428,-0.203091822057154,0.141049939342417,,,,,,,,,
423,phase_shift,ITS,large_scale_comparison,Wald,-0.597837000755621,-0.450529340265882,-0.768701697859322,-0.132356982672442,0.162332835506857,,,,,,,,,
423,phase_shift,GAM,large_scale_comparison,Wald,-0.597837000755621,-0.874674211144719,-0.988023222395382,-0.761325199894056,0.0578311281891137,,,,,,,,,
423,phase_shift,Aligned NB,large_scale_comparison,Wald,-0.597837000755621,-0.491273337960241,-0.805345477813184,-0.177201198107297,0.160240887680073,,,,,,,,,
424,phase_shift,ITS,large_scale_comparison,Wald,-0.597837000755621,-0.691053716650744,-1.01968813313302,-0.362419300168463,0.167670620654225,,,,,,,,,
424,phase_shift,GAM,large_scale_comparison,Wald,-0.597837000755621,-0.705385764799581,-0.809081517427735,-0.601690012171427,0.0529059962388542,,,,,,,,,
424,phase_shift,Aligned NB,large_scale_comparison,Wald,-0.597837000755621,-0.71705230840469,-1.04067797979413,-0.393426637015255,0.165115138463998,,,,,,,,,
425,phase_shift,ITS,large_scale_comparison,Wald,-0.597837000755621,-0.56553426786236,-0.951533653346545,-0.179534882378175,0.196938461981727,,,,,,,,,
425,phase_shift,GAM,large_scale_comparison,Wald,-0.597837000755621,-0.420989686366257,-0.491515748157059,-0.350463624575456,0.0359826845871436,,,,,,,,,
425,phase_shift,Aligned NB,large_scale_comparison,Wald,-0.597837000755621,-0.68094152353413,-1.05122886327343,-0.31065418379483,0.188922112111887,,,,,,,,,
426,phase_shift,ITS,large_scale_comparison,Wald,-0.597837000755621,-0.608511424431516,-0.873488068358572,-0.34353478050446,0.135192165268906,,,,,,,,,
426,phase_shift,GAM,large_scale_comparison,Wald,-0.597837000755621,-0.263533078283439,-0.37070913343299,-0.156357023133887,0.0546816607905875,,,,,,,,,
426,phase_shift,Aligned NB,large_scale_comparison,Wald,-0.597837000755621,-0.628388242333458,-0.887199353673575,-0.369577130993341,0.132046485377611,,,,,,,,,
427,phase_shift,ITS,large_scale_comparison,Wald,-0.597837000755621,-0.789920390920261,-1.18322364671056,-0.396617135129964,0.200664926423621,,,,,,,,,
427,phase_shift,GAM,large_scale_comparison,Wald,-0.597837000755621,-0.500756127740734,-0.572217210716527,-0.429295044764941,0.0364597362121393,,,,,,,,,
427,phase_shift,Aligned NB,large_scale_comparison,Wald,-0.597837000755621,-0.809288355053569,-1.20085925587738,-0.417717454229754,0.199781071848886,,,,,,,,,
428,phase_shift,ITS,large_scale_comparison,Wald,-0.597837000755621,-0.373447750891807,-0.585849150421633,-0.161046351361981,0.108368060984605,,,,,,,,,
428,phase_shift,GAM,large_scale_comparison,Wald,-0.597837000755621,-0.56894955266082,-0.669688913609026,-0.468210191712613,0.0513976331368399,,,,,,,,,
428,phase_shift,Aligned NB,large_scale_comparison,Wald,-0.597837000755621,-0.37462127540885,-0.586496738084095,-0.162745812733604,0.108099725854717,,,,,,,,,
429,phase_shift,ITS,large_scale_comparison,Wald,-0.597837000755621,-0.614871529253331,-0.939639630703632,-0.290103427803029,0.165698010944031,,,,,,,,,
429,phase_shift,GAM,large_scale_comparison,Wald,-0.597837000755621,-0.500745357282255,-0.594281196559906,-0.407209518004605,0.0477223669783932,,,,,,,,,
429,phase_shift,Aligned NB,large_scale_comparison,Wald,-0.597837000755621,-0.64415071850188,-0.963670008744576,-0.324631428259183,0.163020046042192,,,,,,,,,
430,phase_shift,ITS,large_scale_comparison,Wald,-0.597837000755621,-0.702912022621899,-1.06144915628721,-0.344374888956587,0.182927109012914,,,,,,,,,
430,phase_shift,GAM,large_scale_comparison,Wald,-0.597837000755621,-0.449832900755027,-0.555248733736324,-0.34441706777373,0.0537835882557638,,,,,,,,,
430,phase_shift,Aligned NB,large_scale_comparison,Wald,-0.597837000755621,-0.799371437086386,-1.14524486147032,-0.45349801270245,0.176466032848947,,,,,,,,,
431,phase_shift,ITS,large_scale_comparison,Wald,-0.597837000755621,-0.662932846379314,-0.882849086117226,-0.443016606641401,0.112202163131588,,,,,,,,,
431,phase_shift,GAM,large_scale_comparison,Wald,-0.597837000755621,-0.30825160648643,-0.390692751861088,-0.225810461111772,0.0420618088646214,,,,,,,,,
431,phase_shift,Aligned NB,large_scale_comparison,Wald,-0.597837000755621,-0.696409580022541,-0.910616881314241,-0.482202278730841,0.109289439434541,,,,,,,,,
432,phase_shift,ITS,large_scale_comparison,Wald,-0.597837000755621,-0.325872859662483,-0.691697677078735,0.0399519577537696,0.186645315008292,,,,,,,,,
432,phase_shift,GAM,large_scale_comparison,Wald,-0.597837000755621,-0.754715452582702,-0.857997266588983,-0.651433638576421,0.052694803064429,,,,,,,,,
432,phase_shift,Aligned NB,large_scale_comparison,Wald,-0.597837000755621,-0.349210908056881,-0.705356834466763,0.00693501835300181,0.181707105311165,,,,,,,,,
433,phase_shift,ITS,large_scale_comparison,Wald,-0.597837000755621,-0.279976566570913,-0.493417295114629,-0.0665358380271967,0.108898330889651,,,,,,,,,
433,phase_shift,GAM,large_scale_comparison,Wald,-0.597837000755621,-0.647725259220679,-0.721795398137144,-0.573655120304213,0.0377908872022782,,,,,,,,,
433,phase_shift,Aligned NB,large_scale_comparison,Wald,-0.597837000755621,-0.343020305512014,-0.549738073696986,-0.136302537327042,0.105468249073965,,,,,,,,,
434,phase_shift,ITS,large_scale_comparison,Wald,-0.597837000755621,-0.620618753579396,-0.81588489257293,-0.425352614585861,0.0996255811191504,,,,,,,,,
434,phase_shift,GAM,large_scale_comparison,Wald,-0.597837000755621,-0.511273856045443,-0.58260410869921,-0.439943603391676,0.0363929860478404,,,,,,,,,
434,phase_shift,Aligned NB,large_scale_comparison,Wald,-0.597837000755621,-0.630861189962183,-0.824049810429615,-0.43767256949475,0.0985656226874655,,,,,,,,,
435,phase_shift,ITS,large_scale_comparison,Wald,-0.597837000755621,-0.504504017234252,-0.732210902578069,-0.276797131890436,0.116176982318274,,,,,,,,,
435,phase_shift,GAM,large_scale_comparison,Wald,-0.597837000755621,-0.476519937977808,-0.578053569668191,-0.374986306287425,0.05180287331142,,,,,,,,,
435,phase_shift,Aligned NB,large_scale_comparison,Wald,-0.597837000755621,-0.538915177802763,-0.762183723193907,-0.315646632411618,0.113912523158747,,,,,,,,,
436,phase_shift,ITS,large_scale_comparison,Wald,-0.597837000755621,-0.38937635791625,-0.631236164740393,-0.147516551092107,0.123397860624563,,,,,,,,,
436,phase_shift,GAM,large_scale_comparison,Wald,-0.597837000755621,-0.756938984185568,-0.86026041383796,-0.653617554533175,0.0527150151287719,,,,,,,,,
436,phase_shift,Aligned NB,large_scale_comparison,Wald,-0.597837000755621,-0.406314800033774,-0.641836516325011,-0.170793083742538,0.120164140964917,,,,,,,,,
437,phase_shift,ITS,large_scale_comparison,Wald,-0.597837000755621,-0.569311152584828,-0.7884393637868,-0.350182941382855,0.111800107756108,,,,,,,,,
437,phase_shift,GAM,large_scale_comparison,Wald,-0.597837000755621,-0.279684240407406,-0.376813401838531,-0.182555078976281,0.0495556946077168,,,,,,,,,
437,phase_shift,Aligned NB,large_scale_comparison,Wald,-0.597837000755621,-0.609155788681234,-0.824734495884428,-0.39357708147804,0.10998913632816,,,,,,,,,
438,phase_shift,ITS,large_scale_comparison,Wald,-0.597837000755621,-0.956296350680642,-1.29170939256981,-0.620883308791475,0.171129103004677,,,,,,,,,
438,phase_shift,GAM,large_scale_comparison,Wald,-0.597837000755621,-0.538508942948724,-0.616015041725958,-0.461002844171491,0.039543927947568,,,,,,,,,
438,phase_shift,Aligned NB,large_scale_comparison,Wald,-0.597837000755621,-0.987161931463862,-1.31959478585642,-0.654729077071304,0.169608599179877,,,,,,,,,
439,phase_shift,ITS,large_scale_comparison,Wald,-0.597837000755621,-0.793640062650608,-1.03692431814804,-0.550355807153178,0.12412462015175,,,,,,,,,
439,phase_shift,GAM,large_scale_comparison,Wald,-0.597837000755621,-0.652009458472181,-0.759283250870398,-0.544735666073964,0.0547315267337842,,,,,,,,,
439,phase_shift,Aligned NB,large_scale_comparison,Wald,-0.597837000755621,-0.828500362718249,-1.06861330571483,-0.588387419721669,0.122506603569684,,,,,,,,,
440,phase_shift,ITS,large_scale_comparison,Wald,-0.597837000755621,-0.533568274042476,-0.899332525350661,-0.167804022734291,0.186614413932747,,,,,,,,,
440,phase_shift,GAM,large_scale_comparison,Wald,-0.597837000755621,-0.669455644707264,-0.789478249405131,-0.549433040009398,0.0612360228050339,,,,,,,,,
440,phase_shift,Aligned NB,large_scale_comparison,Wald,-0.597837000755621,-0.561091732019749,-0.924932461947912,-0.197251002091586,0.185633025473553,,,,,,,,,
441,phase_shift,ITS,large_scale_comparison,Wald,-0.597837000755621,-0.72641893853481,-1.11280289373489,-0.34003498333473,0.197134671020449,,,,,,,,,
441,phase_shift,GAM,large_scale_comparison,Wald,-0.597837000755621,-0.519963078714442,-0.630087986831006,-0.409838170597878,0.0561861776104919,,,,,,,,,
441,phase_shift,Aligned NB,large_scale_comparison,Wald,-0.597837000755621,-0.764313358502574,-1.14476472978972,-0.383861987215426,0.194107842493443,,,,,,,,,
442,phase_shift,ITS,large_scale_comparison,Wald,-0.597837000755621,-0.614906510620575,-0.92760447469571,-0.30220854654544,0.159539777589355,,,,,,,,,
442,phase_shift,GAM,large_scale_comparison,Wald,-0.597837000755621,-0.285054732789358,-0.388380323566901,-0.181729142011815,0.0527171381518076,,,,,,,,,
442,phase_shift,Aligned NB,large_scale_comparison,Wald,-0.597837000755621,-0.649279950963641,-0.952872652523008,-0.345687249404274,0.154894235489473,,,,,,,,,
443,phase_shift,ITS,large_scale_comparison,Wald,-0.597837000755621,-0.547082180085897,-0.795891968771358,-0.298272391400436,0.12694376973748,,,,,,,,,
443,phase_shift,GAM,large_scale_comparison,Wald,-0.597837000755621,-0.363569758342597,-0.467758063128384,-0.25938145355681,0.0531572983600956,,,,,,,,,
443,phase_shift,Aligned NB,large_scale_comparison,Wald,-0.597837000755621,-0.563148001234893,-0.810338274068625,-0.31595772840116,0.126117486139659,,,,,,,,,
444,phase_shift,ITS,large_scale_comparison,Wald,-0.597837000755621,-0.727001407883566,-1.05140349747277,-0.402599318294361,0.165511270198574,,,,,,,,,
444,phase_shift,GAM,large_scale_comparison,Wald,-0.597837000755621,-0.477638504133542,-0.550422116740819,-0.404854891526265,0.0371344962282024,,,,,,,,,
444,phase_shift,Aligned NB,large_scale_comparison,Wald,-0.597837000755621,-0.762231307421897,-1.07828891726647,-0.446173697577322,0.161253882573763,,,,,,,,,
445,phase_shift,ITS,large_scale_comparison,Wald,-0.597837000755621,0.00124013535147387,-0.336486319129015,0.338966589831963,0.17230941555127,,,,,,,,,
445,phase_shift,GAM,large_scale_comparison,Wald,-0.597837000755621,-0.494689965896797,-0.569976936056203,-0.419402995737392,0.0384117194690843,,,,,,,,,
445,phase_shift,Aligned NB,large_scale_comparison,Wald,-0.597837000755621,-0.00657676967743767,-0.33951972325159,0.326366183896715,0.169868853864364,,,,,,,,,
446,phase_shift,ITS,large_scale_comparison,Wald,-0.597837000755621,-0.381905654919535,-0.788373690369503,0.0245623805304323,0.207381650739779,,,,,,,,,
446,phase_shift,GAM,large_scale_comparison,Wald,-0.597837000755621,-0.641027044664419,-0.7213726441457,-0.560681445183139,0.0409926527965717,,,,,,,,,
446,phase_shift,Aligned NB,large_scale_comparison,Wald,-0.597837000755621,-0.400979064472572,-0.804287610483067,0.00232948153792367,0.205769666331885,,,,,,,,,
447,phase_shift,ITS,large_scale_comparison,Wald,-0.597837000755621,-0.226833052337092,-0.472742608856116,0.0190765041819321,0.125464059448482,,,,,,,,,
447,phase_shift,GAM,large_scale_comparison,Wald,-0.597837000755621,-0.557535178616781,-0.64951878837,-0.465551568863561,0.0469304131393976,,,,,,,,,
447,phase_shift,Aligned NB,large_scale_comparison,Wald,-0.597837000755621,-0.242818266841703,-0.484525396018847,-0.00111113766455903,0.12331996386589,,,,,,,,,
448,phase_shift,ITS,large_scale_comparison,Wald,-0.597837000755621,-0.572689476129299,-0.833703718976187,-0.311675233282411,0.133170532064739,,,,,,,,,
448,phase_shift,GAM,large_scale_comparison,Wald,-0.597837000755621,-0.493686677268909,-0.57054932307709,-0.416824031460728,0.0392156356164191,,,,,,,,,
448,phase_shift,Aligned NB,large_scale_comparison,Wald,-0.597837000755621,-0.596074522824793,-0.853425981035721,-0.338723064613866,0.13130176439333,,,,,,,,,
449,phase_shift,ITS,large_scale_comparison,Wald,-0.597837000755621,-0.981543420100128,-1.27040691470418,-0.692679925496073,0.147379333981661,,,,,,,,,
449,phase_shift,GAM,large_scale_comparison,Wald,-0.597837000755621,-0.445525719467673,-0.546635767642897,-0.344415671292449,0.0515867592730734,,,,,,,,,
449,phase_shift,Aligned NB,large_scale_comparison,Wald,-0.597837000755621,-1.0479054396608,-1.32963168973609,-0.766179189585506,0.143737882691476,,,,,,,,,
450,phase_shift,ITS,large_scale_comparison,Wald,-0.597837000755621,-0.80551343624038,-1.15804892253735,-0.452977949943407,0.179865044029068,,,,,,,,,
450,phase_shift,GAM,large_scale_comparison,Wald,-0.597837000755621,-0.385893084561595,-0.457769698701821,-0.314016470421369,0.0366717419082786,,,,,,,,,
450,phase_shift,Aligned NB,large_scale_comparison,Wald,-0.597837000755621,-0.820863659078324,-1.16947361658588,-0.47225370157077,0.17786222321814,,,,,,,,,
451,phase_shift,ITS,large_scale_comparison,Wald,-0.597837000755621,-0.619992747880034,-0.928941425097435,-0.311044070662634,0.157626876131327,,,,,,,,,
451,phase_shift,GAM,large_scale_comparison,Wald,-0.597837000755621,-0.836983856509376,-0.95648386096427,-0.717483852054481,0.0609693900280073,,,,,,,,,
451,phase_shift,Aligned NB,large_scale_comparison,Wald,-0.597837000755621,-0.704056967436372,-0.999266931785835,-0.408847003086909,0.150617328749726,,,,,,,,,
452,phase_shift,ITS,large_scale_comparison,Wald,-0.597837000755621,-0.929092489920967,-1.21278158338491,-0.645403396457028,0.144739333399969,,,,,,,,,
452,phase_shift,GAM,large_scale_comparison,Wald,-0.597837000755621,-0.774412103823585,-0.882030178945177,-0.666794028701993,0.0549071811844857,,,,,,,,,
452,phase_shift,Aligned NB,large_scale_comparison,Wald,-0.597837000755621,-0.954310694594055,-1.23566303095717,-0.672958358230935,0.143547110389347,,,,,,,,,
453,phase_shift,ITS,large_scale_comparison,Wald,-0.597837000755621,-0.280934933420111,-0.699106828373265,0.137236961533043,0.21335300762916,,,,,,,,,
453,phase_shift,GAM,large_scale_comparison,Wald,-0.597837000755621,-0.528096888846569,-0.64681704712037,-0.409376730572769,0.0605715093233676,,,,,,,,,
453,phase_shift,Aligned NB,large_scale_comparison,Wald,-0.597837000755621,-0.303509288355833,-0.709951522891139,0.102932946179474,0.20736848700781,,,,,,,,,
454,phase_shift,ITS,large_scale_comparison,Wald,-0.597837000755621,-0.45011342284245,-0.684547755205379,-0.215679090479521,0.119609353246392,,,,,,,,,
454,phase_shift,GAM,large_scale_comparison,Wald,-0.597837000755621,-0.598637884855353,-0.667804231330553,-0.529471538380154,0.0352889522832651,,,,,,,,,
454,phase_shift,Aligned NB,large_scale_comparison,Wald,-0.597837000755621,-0.46519556443947,-0.696670405117984,-0.233720723760956,0.118099408509446,,,,,,,,,
455,phase_shift,ITS,large_scale_comparison,Wald,-0.597837000755621,-0.71295410414262,-0.976357925876279,-0.449550282408961,0.134389704966153,,,,,,,,,
455,phase_shift,GAM,large_scale_comparison,Wald,-0.597837000755621,-0.427994029328676,-0.535895079278894,-0.320092979378457,0.0550515560970502,,,,,,,,,
455,phase_shift,Aligned NB,large_scale_comparison,Wald,-0.597837000755621,-0.759352129764822,-1.01904868046867,-0.499655579060975,0.132498240155024,,,,,,,,,
456,phase_shift,ITS,large_scale_comparison,Wald,-0.597837000755621,-0.412576789032729,-0.536562140800832,-0.288591437264626,0.0632578325347464,,,,,,,,,
456,phase_shift,GAM,large_scale_comparison,Wald,-0.597837000755621,-0.439469660749466,-0.515316113259692,-0.36362320823924,0.0386971696480746,,,,,,,,,
456,phase_shift,Aligned NB,large_scale_comparison,Wald,-0.597837000755621,-0.419116276365974,-0.54185800212485,-0.296374550607097,0.0626233294688146,,,,,,,,,
457,phase_shift,ITS,large_scale_comparison,Wald,-0.597837000755621,-1.08130152386941,-1.39858597145197,-0.764017076286853,0.161879820195184,,,,,,,,,
457,phase_shift,GAM,large_scale_comparison,Wald,-0.597837000755621,-0.639705682302484,-0.751539135844783,-0.527872228760185,0.0570578844603566,,,,,,,,,
457,phase_shift,Aligned NB,large_scale_comparison,Wald,-0.597837000755621,-1.10318261750115,-1.41809359622813,-0.788271638774174,0.160668866697438,,,,,,,,,
458,phase_shift,ITS,large_scale_comparison,Wald,-0.597837000755621,-0.26285516426735,-0.576803810395082,0.0510934818603816,0.160177880677414,,,,,,,,,
458,phase_shift,GAM,large_scale_comparison,Wald,-0.597837000755621,-0.472044023090099,-0.57635803019067,-0.367730015989529,0.0532214321941687,,,,,,,,,
458,phase_shift,Aligned NB,large_scale_comparison,Wald,-0.597837000755621,-0.309851510164904,-0.612743449231758,-0.00695957109805012,0.154536703605538,,,,,,,,,
459,phase_shift,ITS,large_scale_comparison,Wald,-0.597837000755621,-0.582414973285887,-0.84555195429109,-0.319277992280684,0.134253561737349,,,,,,,,,
459,phase_shift,GAM,large_scale_comparison,Wald,-0.597837000755621,-0.370538185360702,-0.473919406383114,-0.267156964338291,0.0527455209298018,,,,,,,,,
459,phase_shift,Aligned NB,large_scale_comparison,Wald,-0.597837000755621,-0.61650841237504,-0.87441301008911,-0.35860381466097,0.131583978425546,,,,,,,,,
460,phase_shift,ITS,large_scale_comparison,Wald,-0.597837000755621,-0.528878279001465,-0.815936325718566,-0.241820232284365,0.146458187100562,,,,,,,,,
460,phase_shift,GAM,large_scale_comparison,Wald,-0.597837000755621,-0.694164569233516,-0.787764314602758,-0.600564823864274,0.0477549721271642,,,,,,,,,
460,phase_shift,Aligned NB,large_scale_comparison,Wald,-0.597837000755621,-0.554222793934209,-0.832732515770798,-0.275713072097622,0.142096796855402,,,,,,,,,
461,phase_shift,ITS,large_scale_comparison,Wald,-0.597837000755621,-0.400434476444766,-0.635080323728547,-0.165788629160985,0.119717269022337,,,,,,,,,
461,phase_shift,GAM,large_scale_comparison,Wald,-0.597837000755621,-0.558097138474323,-0.628070299271772,-0.488123977676873,0.0357005922435968,,,,,,,,,
461,phase_shift,Aligned NB,large_scale_comparison,Wald,-0.597837000755621,-0.419865195923474,-0.650680941436066,-0.189049450410881,0.117763135465608,,,,,,,,,
462,phase_shift,ITS,large_scale_comparison,Wald,-0.597837000755621,-0.641662907830916,-0.891396076807186,-0.391929738854646,0.12741488213075,,,,,,,,,
462,phase_shift,GAM,large_scale_comparison,Wald,-0.597837000755621,-0.42665151730687,-0.530629790838527,-0.322673243775214,0.0530501395569674,,,,,,,,,
462,phase_shift,Aligned NB,large_scale_comparison,Wald,-0.597837000755621,-0.661311896605519,-0.906925470797803,-0.415698322413235,0.125313048057288,,,,,,,,,
463,phase_shift,ITS,large_scale_comparison,Wald,-0.597837000755621,-0.654083676294014,-1.01119682605878,-0.296970526529252,0.182200586614674,,,,,,,,,
463,phase_shift,GAM,large_scale_comparison,Wald,-0.597837000755621,-0.732092702746432,-0.846315125580756,-0.617870279912108,0.058276746344043,,,,,,,,,
463,phase_shift,Aligned NB,large_scale_comparison,Wald,-0.597837000755621,-0.705660551637567,-1.05012228586192,-0.361198817413211,0.175745782767528,,,,,,,,,
464,phase_shift,ITS,large_scale_comparison,Wald,-0.597837000755621,-0.649642931524603,-0.93500397282626,-0.364281890222946,0.14559236801105,,,,,,,,,
464,phase_shift,GAM,large_scale_comparison,Wald,-0.597837000755621,-0.573497204240358,-0.675489709835766,-0.471504698644949,0.0520369926507187,,,,,,,,,
464,phase_shift,Aligned NB,large_scale_comparison,Wald,-0.597837000755621,-0.676255744934764,-0.951798216542754,-0.400713273326774,0.140582893677546,,,,,,,,,
465,phase_shift,ITS,large_scale_comparison,Wald,-0.597837000755621,-0.571376416961778,-0.995237905250676,-0.147514928672881,0.216255861371886,,,,,,,,,
465,phase_shift,GAM,large_scale_comparison,Wald,-0.597837000755621,-0.619823777313303,-0.693394003151233,-0.546253551475374,0.0375358295091476,,,,,,,,,
465,phase_shift,Aligned NB,large_scale_comparison,Wald,-0.597837000755621,-0.601507871529477,-1.02225354281332,-0.180762200245629,0.21466615881829,,,,,,,,,
466,phase_shift,ITS,large_scale_comparison,Wald,-0.597837000755621,-0.672618880968947,-0.932627087660242,-0.412610674277652,0.132657248311885,,,,,,,,,
466,phase_shift,GAM,large_scale_comparison,Wald,-0.597837000755621,-0.515261609853994,-0.620164222502119,-0.410358997205868,0.0535217411470027,,,,,,,,,
466,phase_shift,Aligned NB,large_scale_comparison,Wald,-0.597837000755621,-0.676193792905688,-0.93496808313391,-0.417419502677466,0.132027699096032,,,,,,,,,
467,phase_shift,ITS,large_scale_comparison,Wald,-0.597837000755621,-0.289918389348519,-0.587917948243255,0.00808116954621696,0.152040591272824,,,,,,,,,
467,phase_shift,GAM,large_scale_comparison,Wald,-0.597837000755621,-0.692017770697066,-0.814798295467948,-0.569237245926184,0.0626431248831031,,,,,,,,,
467,phase_shift,Aligned NB,large_scale_comparison,Wald,-0.597837000755621,-0.302616351383938,-0.597637528522827,-0.00759517424504785,0.150521008744331,,,,,,,,,
468,phase_shift,ITS,large_scale_comparison,Wald,-0.597837000755621,-0.592496962429649,-0.974557716971366,-0.210436207887932,0.194928956398835,,,,,,,,,
468,phase_shift,GAM,large_scale_comparison,Wald,-0.597837000755621,-0.371450884401063,-0.444406258944519,-0.298495509857607,0.0372221298691102,,,,,,,,,
468,phase_shift,Aligned NB,large_scale_comparison,Wald,-0.597837000755621,-0.62031479612412,-0.997990036554278,-0.242639555693962,0.19269144919906,,,,,,,,,
469,phase_shift,ITS,large_scale_comparison,Wald,-0.597837000755621,-0.474135110782974,-0.787692601033468,-0.160577620532479,0.159978311352293,,,,,,,,,
469,phase_shift,GAM,large_scale_comparison,Wald,-0.597837000755621,-0.66775852973722,-0.779235134602687,-0.556281924871753,0.0568758188089117,,,,,,,,,
469,phase_shift,Aligned NB,large_scale_comparison,Wald,-0.597837000755621,-0.541208164102708,-0.846146783747378,-0.236269544458037,0.155580928390138,,,,,,,,,
470,phase_shift,ITS,large_scale_comparison,Wald,-0.597837000755621,-0.620331602689744,-1.09957409893528,-0.14108910644421,0.244511477676293,,,,,,,,,
470,phase_shift,GAM,large_scale_comparison,Wald,-0.597837000755621,-0.887980232917304,-1.017554244745,-0.758406221089607,0.0661091897080087,,,,,,,,,
470,phase_shift,Aligned NB,large_scale_comparison,Wald,-0.597837000755621,-0.667498696698821,-1.13514810281992,-0.199849290577718,0.238596635776073,,,,,,,,,
471,phase_shift,ITS,large_scale_comparison,Wald,-0.597837000755621,-0.403036059690917,-0.688116144173035,-0.117955975208799,0.145449022694958,,,,,,,,,
471,phase_shift,GAM,large_scale_comparison,Wald,-0.597837000755621,-0.470069843504609,-0.571221971232228,-0.368917715776991,0.0516082284324585,,,,,,,,,
471,phase_shift,Aligned NB,large_scale_comparison,Wald,-0.597837000755621,-0.473821565941618,-0.749800451336551,-0.197842680546685,0.140805553772925,,,,,,,,,
472,phase_shift,ITS,large_scale_comparison,Wald,-0.597837000755621,-0.248630093605338,-0.545165481042396,0.0479052938317203,0.151293565018907,,,,,,,,,
472,phase_shift,GAM,large_scale_comparison,Wald,-0.597837000755621,-0.209704324046447,-0.311102765139521,-0.108305882953373,0.0517338985168746,,,,,,,,,
472,phase_shift,Aligned NB,large_scale_comparison,Wald,-0.597837000755621,-0.254655822049425,-0.545598251223869,0.0362866071250194,0.148440014884921,,,,,,,,,
473,phase_shift,ITS,large_scale_comparison,Wald,-0.597837000755621,-0.318979653340279,-0.858461162271676,0.220501855591118,0.275245667822141,,,,,,,,,
473,phase_shift,GAM,large_scale_comparison,Wald,-0.597837000755621,-0.726962632311632,-0.811726674402625,-0.64219859022064,0.0432469602505064,,,,,,,,,
473,phase_shift,Aligned NB,large_scale_comparison,Wald,-0.597837000755621,-0.338445742840849,-0.871816908527577,0.194925422845879,0.272128145758535,,,,,,,,,
474,phase_shift,ITS,large_scale_comparison,Wald,-0.597837000755621,-0.559357952744841,-0.725716658495426,-0.392999246994255,0.084876890689074,,,,,,,,,
474,phase_shift,GAM,large_scale_comparison,Wald,-0.597837000755621,-0.620872186215386,-0.705177611020282,-0.536566761410489,0.0430129718392327,,,,,,,,,
474,phase_shift,Aligned NB,large_scale_comparison,Wald,-0.597837000755621,-0.582612905463809,-0.745303820217858,-0.41992199070976,0.0830055687520657,,,,,,,,,
475,phase_shift,ITS,large_scale_comparison,Wald,-0.597837000755621,-0.634454998557611,-0.86783984276063,-0.401070154354591,0.119073900103581,,,,,,,,,
475,phase_shift,GAM,large_scale_comparison,Wald,-0.597837000755621,-0.682034890935737,-0.776784234816579,-0.587285547054895,0.0483415019800215,,,,,,,,,
475,phase_shift,Aligned NB,large_scale_comparison,Wald,-0.597837000755621,-0.6626712025533,-0.892199264340767,-0.433143140765834,0.117106153973197,,,,,,,,,
476,phase_shift,ITS,large_scale_comparison,Wald,-0.597837000755621,-0.481950659923902,-0.764932153037878,-0.198969166809925,0.144378312813253,,,,,,,,,
476,phase_shift,GAM,large_scale_comparison,Wald,-0.597837000755621,-0.505767680624324,-0.597854486693743,-0.413680874554904,0.0469830643211324,,,,,,,,,
476,phase_shift,Aligned NB,large_scale_comparison,Wald,-0.597837000755621,-0.525990508458515,-0.797900036310913,-0.254080980606117,0.138729350945101,,,,,,,,,
477,phase_shift,ITS,large_scale_comparison,Wald,-0.597837000755621,-0.367200389691062,-0.684098179437099,-0.0503025999450243,0.161682545788794,,,,,,,,,
477,phase_shift,GAM,large_scale_comparison,Wald,-0.597837000755621,-0.424080989378174,-0.539277818454844,-0.308884160301504,0.058773892386056,,,,,,,,,
477,phase_shift,Aligned NB,large_scale_comparison,Wald,-0.597837000755621,-0.376713261346358,-0.687024564515954,-0.0664019581767626,0.158322093453875,,,,,,,,,
478,phase_shift,ITS,large_scale_comparison,Wald,-0.597837000755621,-0.842401463876833,-1.11838849496739,-0.566414432786276,0.14080970974008,,,,,,,,,
478,phase_shift,GAM,large_scale_comparison,Wald,-0.597837000755621,-0.576330792344381,-0.651119166839279,-0.501542417849483,0.0381573339259684,,,,,,,,,
478,phase_shift,Aligned NB,large_scale_comparison,Wald,-0.597837000755621,-0.859749993552069,-1.13356569802693,-0.585934289077208,0.139701890038194,,,,,,,,,
479,phase_shift,ITS,large_scale_comparison,Wald,-0.597837000755621,-0.550563335527123,-0.958639318243637,-0.142487352810609,0.208202031998221,,,,,,,,,
479,phase_shift,GAM,large_scale_comparison,Wald,-0.597837000755621,-0.48139602907872,-0.559216129429062,-0.403575928728377,0.0397041328318073,,,,,,,,,
479,phase_shift,Aligned NB,large_scale_comparison,Wald,-0.597837000755621,-0.563043930010545,-0.965869029435541,-0.160218830585549,0.205523009910712,,,,,,,,,
480,phase_shift,ITS,large_scale_comparison,Wald,-0.597837000755621,-0.355552458040517,-0.525245606621126,-0.185859309459909,0.0865781370309228,,,,,,,,,
480,phase_shift,GAM,large_scale_comparison,Wald,-0.597837000755621,-0.4525831026543,-0.527286945559654,-0.377879259748945,0.0381142055639562,,,,,,,,,
480,phase_shift,Aligned NB,large_scale_comparison,Wald,-0.597837000755621,-0.386704893886696,-0.550995522999058,-0.222414264774333,0.0838217495471237,,,,,,,,,
481,phase_shift,ITS,large_scale_comparison,Wald,-0.597837000755621,-0.694877207586653,-0.923951285148817,-0.465803130024489,0.116874529368451,,,,,,,,,
481,phase_shift,GAM,large_scale_comparison,Wald,-0.597837000755621,-0.533268653407084,-0.604853952710382,-0.461683354103785,0.036523111889438,,,,,,,,,
481,phase_shift,Aligned NB,large_scale_comparison,Wald,-0.597837000755621,-0.754910599228531,-0.974747004097589,-0.535074194359473,0.112161431055642,,,,,,,,,
482,phase_shift,ITS,large_scale_comparison,Wald,-0.597837000755621,-0.509078017516425,-0.716919076749651,-0.3012369582832,0.106041356751646,,,,,,,,,
482,phase_shift,GAM,large_scale_comparison,Wald,-0.597837000755621,-0.602183039729893,-0.702581051496511,-0.501785027963275,0.0512234753911316,,,,,,,,,
482,phase_shift,Aligned NB,large_scale_comparison,Wald,-0.597837000755621,-0.545871138566068,-0.74941255402514,-0.342329723106995,0.103847660948506,,,,,,,,,
483,phase_shift,ITS,large_scale_comparison,Wald,-0.597837000755621,-0.622046823259263,-0.88822567559638,-0.355867970922146,0.135805536906692,,,,,,,,,
483,phase_shift,GAM,large_scale_comparison,Wald,-0.597837000755621,-0.800229696890509,-0.879086627608843,-0.721372766172175,0.0402331279175173,,,,,,,,,
483,phase_shift,Aligned NB,large_scale_comparison,Wald,-0.597837000755621,-0.658315726958569,-0.920618882952595,-0.396012570964542,0.133828140813279,,,,,,,,,
484,phase_shift,ITS,large_scale_comparison,Wald,-0.597837000755621,-0.491552585359038,-0.815567705256991,-0.167537465461086,0.165313836682629,,,,,,,,,
484,phase_shift,GAM,large_scale_comparison,Wald,-0.597837000755621,-0.379715350879555,-0.493095284871462,-0.266335416887648,0.0578469050979117,,,,,,,,,
484,phase_shift,Aligned NB,large_scale_comparison,Wald,-0.597837000755621,-0.521143874526786,-0.840177937523188,-0.202109811530383,0.162772481120614,,,,,,,,,
485,phase_shift,ITS,large_scale_comparison,Wald,-0.597837000755621,-1.07856921885497,-1.40674349242698,-0.750394945282951,0.167435853863273,,,,,,,,,
485,phase_shift,GAM,large_scale_comparison,Wald,-0.597837000755621,-0.243699716842466,-0.35337381933743,-0.134025614347502,0.0559561747423284,,,,,,,,,
485,phase_shift,Aligned NB,large_scale_comparison,Wald,-0.597837000755621,-1.16899215809988,-1.48605734563665,-0.851926970563112,0.161767952824881,,,,,,,,,
486,phase_shift,ITS,large_scale_comparison,Wald,-0.597837000755621,-0.868890202424945,-1.11807867010264,-0.619701734747253,0.127136973304945,,,,,,,,,
486,phase_shift,GAM,large_scale_comparison,Wald,-0.597837000755621,-0.624415110788825,-0.722960879949307,-0.525869341628343,0.0502784536533071,,,,,,,,,
486,phase_shift,Aligned NB,large_scale_comparison,Wald,-0.597837000755621,-0.883936555857011,-1.131362272425,-0.636510839289023,0.126237610493872,,,,,,,,,
487,phase_shift,ITS,large_scale_comparison,Wald,-0.597837000755621,-0.629352810718458,-0.914089414675912,-0.344616206761005,0.145273777529313,,,,,,,,,
487,phase_shift,GAM,large_scale_comparison,Wald,-0.597837000755621,-0.839507310456247,-0.946689426568993,-0.732325194343501,0.0546847531187479,,,,,,,,,
487,phase_shift,Aligned NB,large_scale_comparison,Wald,-0.597837000755621,-0.654932414820939,-0.935271062768493,-0.374593766873385,0.143029922422221,,,,,,,,,
488,phase_shift,ITS,large_scale_comparison,Wald,-0.597837000755621,-0.156240560173695,-0.44126346892394,0.12878234857655,0.145419851403186,,,,,,,,,
488,phase_shift,GAM,large_scale_comparison,Wald,-0.597837000755621,-0.490987975846061,-0.596956415763278,-0.385019535928845,0.0540655305700083,,,,,,,,,
488,phase_shift,Aligned NB,large_scale_comparison,Wald,-0.597837000755621,-0.156770686255086,-0.438894267693202,0.12535289518303,0.143940602774549,,,,,,,,,
489,phase_shift,ITS,large_scale_comparison,Wald,-0.597837000755621,-0.690629088920933,-1.00123858925456,-0.380019588587302,0.158474234864097,,,,,,,,,
489,phase_shift,GAM,large_scale_comparison,Wald,-0.597837000755621,-0.340818642376343,-0.413698454912336,-0.267938829840351,0.0371835778244858,,,,,,,,,
489,phase_shift,Aligned NB,large_scale_comparison,Wald,-0.597837000755621,-0.703296965421267,-1.01179631264059,-0.394797618201939,0.15739762613231,,,,,,,,,
490,phase_shift,ITS,large_scale_comparison,Wald,-0.597837000755621,-0.60856799067485,-0.852347272848093,-0.364788708501607,0.124377184782267,,,,,,,,,
490,phase_shift,GAM,large_scale_comparison,Wald,-0.597837000755621,-0.896534418503238,-1.01535994178233,-0.777708895224142,0.0606252669791302,,,,,,,,,
490,phase_shift,Aligned NB,large_scale_comparison,Wald,-0.597837000755621,-0.633099322977742,-0.869675237916697,-0.396523408038787,0.120701997417834,,,,,,,,,
491,phase_shift,ITS,large_scale_comparison,Wald,-0.597837000755621,-0.809617435781841,-1.16105219912872,-0.45818267243496,0.179303450687184,,,,,,,,,
491,phase_shift,GAM,large_scale_comparison,Wald,-0.597837000755621,-0.707671611389487,-0.829258967833491,-0.586084254945483,0.062034365532655,,,,,,,,,
491,phase_shift,Aligned NB,large_scale_comparison,Wald,-0.597837000755621,-0.914312960867616,-1.24812194965214,-0.580503972083093,0.170310708563533,,,,,,,,,
492,phase_shift,ITS,large_scale_comparison,Wald,-0.597837000755621,-0.428858809875262,-0.710828213468806,-0.146889406281718,0.143861940608951,,,,,,,,,
492,phase_shift,GAM,large_scale_comparison,Wald,-0.597837000755621,-0.56380017346516,-0.663303809574252,-0.464296537356068,0.050767161280149,,,,,,,,,
492,phase_shift,Aligned NB,large_scale_comparison,Wald,-0.597837000755621,-0.463240651308499,-0.736796365793711,-0.189684936823287,0.139569242084292,,,,,,,,,
493,phase_shift,ITS,large_scale_comparison,Wald,-0.597837000755621,-0.757500081254674,-1.09499559987528,-0.420004562634069,0.172191591132962,,,,,,,,,
493,phase_shift,GAM,large_scale_comparison,Wald,-0.597837000755621,-0.4838564580042,-0.586148058164524,-0.381564857843877,0.0521895919185324,,,,,,,,,
493,phase_shift,Aligned NB,large_scale_comparison,Wald,-0.597837000755621,-0.788395468351351,-1.1219340190752,-0.454856917627501,0.170172729961148,,,,,,,,,
494,phase_shift,ITS,large_scale_comparison,Wald,-0.597837000755621,-0.275549429762772,-0.758795243071371,0.207696383545827,0.246553986381938,,,,,,,,,
494,phase_shift,GAM,large_scale_comparison,Wald,-0.597837000755621,-0.311738406470164,-0.422200466159938,-0.20127634678039,0.0563581937192723,,,,,,,,,
494,phase_shift,Aligned NB,large_scale_comparison,Wald,-0.597837000755621,-0.249040325619406,-0.716807612439698,0.218726961200886,0.238656778989945,,,,,,,,,
495,phase_shift,ITS,large_scale_comparison,Wald,-0.597837000755621,-0.517440620264751,-0.752524950466777,-0.282356290062725,0.119940984796952,,,,,,,,,
495,phase_shift,GAM,large_scale_comparison,Wald,-0.597837000755621,-0.290721950990655,-0.401138450760985,-0.180305451220325,0.0563349488624134,,,,,,,,,
495,phase_shift,Aligned NB,large_scale_comparison,Wald,-0.597837000755621,-0.544704635373325,-0.777639664516608,-0.311769606230041,0.118844402624124,,,,,,,,,
496,phase_shift,ITS,large_scale_comparison,Wald,-0.597837000755621,-0.338690263368379,-0.629594708221841,-0.0477858185149178,0.148420635129317,,,,,,,,,
496,phase_shift,GAM,large_scale_comparison,Wald,-0.597837000755621,-0.579076819447193,-0.679601550210721,-0.478552088683666,0.0512881279405753,,,,,,,,,
496,phase_shift,Aligned NB,large_scale_comparison,Wald,-0.597837000755621,-0.38869687663917,-0.672795085210678,-0.104598668067661,0.144948065597708,,,,,,,,,
497,phase_shift,ITS,large_scale_comparison,Wald,-0.597837000755621,-0.677227733497699,-1.02027946032342,-0.334176006671976,0.175026391237614,,,,,,,,,
497,phase_shift,GAM,large_scale_comparison,Wald,-0.597837000755621,-0.255747739015014,-0.374997913475413,-0.136497564554615,0.0608419257451016,,,,,,,,,
497,phase_shift,Aligned NB,large_scale_comparison,Wald,-0.597837000755621,-0.809308122291594,-1.14075730210118,-0.477858942482003,0.169106724392648,,,,,,,,,
498,phase_shift,ITS,large_scale_comparison,Wald,-0.597837000755621,-0.447322852240368,-0.681580437707349,-0.213065266773388,0.119519176258664,,,,,,,,,
498,phase_shift,GAM,large_scale_comparison,Wald,-0.597837000755621,-0.646713002529047,-0.734717020131458,-0.558708984926636,0.044900008980822,,,,,,,,,
498,phase_shift,Aligned NB,large_scale_comparison,Wald,-0.597837000755621,-0.464058697527277,-0.696092323738912,-0.232025071315642,0.118384503169202,,,,,,,,,
499,phase_shift,ITS,large_scale_comparison,Wald,-0.597837000755621,-0.58581547016808,-0.761858031181764,-0.409772909154396,0.0898176331702468,,,,,,,,,
499,phase_shift,GAM,large_scale_comparison,Wald,-0.597837000755621,-0.657964557134788,-0.748233986975463,-0.567695127294113,0.046055831551365,,,,,,,,,
499,phase_shift,Aligned NB,large_scale_comparison,Wald,-0.597837000755621,-0.586646803019917,-0.762760439504884,-0.41053316653495,0.0898538961657994,,,,,,,,,
500,phase_shift,ITS,large_scale_comparison,Wald,-0.597837000755621,-0.358245809936525,-0.567762669079318,-0.148728950793733,0.106896356705506,,,,,,,,,
500,phase_shift,GAM,large_scale_comparison,Wald,-0.597837000755621,-0.581842256162,-0.683980954150456,-0.479703558173544,0.0521115806063552,,,,,,,,,
500,phase_shift,Aligned NB,large_scale_comparison,Wald,-0.597837000755621,-0.372815952694879,-0.578182393725804,-0.167449511663954,0.104778796444349,,,,,,,,,
1,phase_and_ascertainment,ITS,large_scale_comparison,Wald,-0.597837000755621,-0.282180627015458,-0.637970803207106,0.0736095491761902,0.18152560009778,,,,,,,,,
1,phase_and_ascertainment,GAM,large_scale_comparison,Wald,-0.597837000755621,-0.869042700303154,-0.98985248088465,-0.748232919721658,0.0616376431538244,,,,,,,,,
1,phase_and_ascertainment,Aligned NB,large_scale_comparison,Wald,-0.597837000755621,-0.28050771027673,-0.631955279303673,0.0709398587502141,0.17930998419742,,,,,,,,,
2,phase_and_ascertainment,ITS,large_scale_comparison,Wald,-0.597837000755621,-0.566773349049016,-0.831303851575548,-0.302242846522485,0.134964542105373,,,,,,,,,
2,phase_and_ascertainment,GAM,large_scale_comparison,Wald,-0.597837000755621,-0.472336259790514,-0.574017000087785,-0.370655519493243,0.0518779287230975,,,,,,,,,
2,phase_and_ascertainment,Aligned NB,large_scale_comparison,Wald,-0.597837000755621,-0.583040010200816,-0.844983868217132,-0.3210961521845,0.133644825518529,,,,,,,,,
3,phase_and_ascertainment,ITS,large_scale_comparison,Wald,-0.597837000755621,-0.714240768280252,-0.949887715397874,-0.478593821162631,0.120228034243684,,,,,,,,,
3,phase_and_ascertainment,GAM,large_scale_comparison,Wald,-0.597837000755621,-0.60115287247296,-0.713641728093221,-0.488664016852699,0.0573922732756435,,,,,,,,,
3,phase_and_ascertainment,Aligned NB,large_scale_comparison,Wald,-0.597837000755621,-0.740630788159945,-0.970385544098607,-0.510876032221283,0.11722181425442,,,,,,,,,
4,phase_and_ascertainment,ITS,large_scale_comparison,Wald,-0.597837000755621,-0.69985196552188,-1.04855453697153,-0.351149394072233,0.177909475229412,,,,,,,,,
4,phase_and_ascertainment,GAM,large_scale_comparison,Wald,-0.597837000755621,-0.531506663933467,-0.645615409624565,-0.41739791824237,0.0582187478015802,,,,,,,,,
4,phase_and_ascertainment,Aligned NB,large_scale_comparison,Wald,-0.597837000755621,-0.791211468837393,-1.13172326604799,-0.450699671626798,0.173730508780916,,,,,,,,,
5,phase_and_ascertainment,ITS,large_scale_comparison,Wald,-0.597837000755621,-1.08659486360001,-1.44829808773196,-0.724891639468065,0.18454246129181,,,,,,,,,
5,phase_and_ascertainment,GAM,large_scale_comparison,Wald,-0.597837000755621,-0.883763710694356,-0.987739438990518,-0.779787982398194,0.0530488409674298,,,,,,,,,
5,phase_and_ascertainment,Aligned NB,large_scale_comparison,Wald,-0.597837000755621,-1.08487178936137,-1.4454367748237,-0.724306803899044,0.183961727276697,,,,,,,,,
6,phase_and_ascertainment,ITS,large_scale_comparison,Wald,-0.597837000755621,-0.718893130423057,-1.18088026563732,-0.256905995208792,0.235707722048094,,,,,,,,,
6,phase_and_ascertainment,GAM,large_scale_comparison,Wald,-0.597837000755621,-0.643824044265811,-0.758026188361508,-0.529621900170113,0.0582664000488252,,,,,,,,,
6,phase_and_ascertainment,Aligned NB,large_scale_comparison,Wald,-0.597837000755621,-0.78370426809401,-1.22691174768176,-0.340496788506261,0.22612626509579,,,,,,,,,
7,phase_and_ascertainment,ITS,large_scale_comparison,Wald,-0.597837000755621,-1.05229247296035,-1.37811668547712,-0.726468260443571,0.166236843120803,,,,,,,,,
7,phase_and_ascertainment,GAM,large_scale_comparison,Wald,-0.597837000755621,-0.516549415047726,-0.594243245614339,-0.438855584481113,0.0396397094727616,,,,,,,,,
7,phase_and_ascertainment,Aligned NB,large_scale_comparison,Wald,-0.597837000755621,-1.10041894813081,-1.41729885067829,-0.78353904558334,0.161673419667078,,,,,,,,,
8,phase_and_ascertainment,ITS,large_scale_comparison,Wald,-0.597837000755621,-0.400079401381268,-0.640003221038075,-0.160155581724462,0.122410112069799,,,,,,,,,
8,phase_and_ascertainment,GAM,large_scale_comparison,Wald,-0.597837000755621,-0.974065928668163,-1.08095693051278,-0.867174926823545,0.0545362254309272,,,,,,,,,
8,phase_and_ascertainment,Aligned NB,large_scale_comparison,Wald,-0.597837000755621,-0.463231603944687,-0.693227773662863,-0.23323543422651,0.11734498455009,,,,,,,,,
9,phase_and_ascertainment,ITS,large_scale_comparison,Wald,-0.597837000755621,-0.980238425985872,-1.28862124209406,-0.671855609877686,0.157338171483768,,,,,,,,,
9,phase_and_ascertainment,GAM,large_scale_comparison,Wald,-0.597837000755621,-0.857964235818178,-0.981257699822918,-0.734670771813438,0.0629048285738469,,,,,,,,,
9,phase_and_ascertainment,Aligned NB,large_scale_comparison,Wald,-0.597837000755621,-1.02976976647426,-1.33033175952895,-0.729207773419565,0.153347955640149,,,,,,,,,
10,phase_and_ascertainment,ITS,large_scale_comparison,Wald,-0.597837000755621,-0.892389633975546,-1.19408772515209,-0.590691542799002,0.153927597539053,,,,,,,,,
10,phase_and_ascertainment,GAM,large_scale_comparison,Wald,-0.597837000755621,-0.602270771151157,-0.702455107251811,-0.502086435050503,0.0511144571942112,,,,,,,,,
10,phase_and_ascertainment,Aligned NB,large_scale_comparison,Wald,-0.597837000755621,-0.924799278373696,-1.22254881465196,-0.627049742095434,0.151913028713399,,,,,,,,,
11,phase_and_ascertainment,ITS,large_scale_comparison,Wald,-0.597837000755621,-0.683740179431178,-1.16195179709751,-0.205528561764848,0.243985519217515,,,,,,,,,
11,phase_and_ascertainment,GAM,large_scale_comparison,Wald,-0.597837000755621,-0.47241205422404,-0.548578115254926,-0.396245993193153,0.0388602352198399,,,,,,,,,
11,phase_and_ascertainment,Aligned NB,large_scale_comparison,Wald,-0.597837000755621,-0.762575755725365,-1.22309168262522,-0.302059828825511,0.23495710556115,,,,,,,,,
12,phase_and_ascertainment,ITS,large_scale_comparison,Wald,-0.597837000755621,-0.766689011401742,-0.999448176274637,-0.533929846528847,0.118754675955559,,,,,,,,,
12,phase_and_ascertainment,GAM,large_scale_comparison,Wald,-0.597837000755621,-0.813172085010739,-0.917376941542755,-0.708967228478724,0.0531657431285794,,,,,,,,,
12,phase_and_ascertainment,Aligned NB,large_scale_comparison,Wald,-0.597837000755621,-0.807198332375524,-1.03565801632089,-0.578738648430156,0.116561063237433,,,,,,,,,
13,phase_and_ascertainment,ITS,large_scale_comparison,Wald,-0.597837000755621,-0.432906443025859,-0.667238988301567,-0.198573897750151,0.119557421059035,,,,,,,,,
13,phase_and_ascertainment,GAM,large_scale_comparison,Wald,-0.597837000755621,-0.459551895470896,-0.556044218830137,-0.363059572111655,0.0492307772241024,,,,,,,,,
13,phase_and_ascertainment,Aligned NB,large_scale_comparison,Wald,-0.597837000755621,-0.476946991255875,-0.706928451005943,-0.246965531505806,0.117337479464321,,,,,,,,,
14,phase_and_ascertainment,ITS,large_scale_comparison,Wald,-0.597837000755621,-0.318765160098961,-0.663840679876316,0.026310359678394,0.176058938661916,,,,,,,,,
14,phase_and_ascertainment,GAM,large_scale_comparison,Wald,-0.597837000755621,-0.573481046138185,-0.687776655340994,-0.459185436935376,0.0583140863279635,,,,,,,,,
14,phase_and_ascertainment,Aligned NB,large_scale_comparison,Wald,-0.597837000755621,-0.341273784478793,-0.680598823020403,-0.00194874593718403,0.173125019664086,,,,,,,,,
15,phase_and_ascertainment,ITS,large_scale_comparison,Wald,-0.597837000755621,-0.672365739277466,-0.953702042806967,-0.391029435747965,0.143538930372194,,,,,,,,,
15,phase_and_ascertainment,GAM,large_scale_comparison,Wald,-0.597837000755621,-0.573050872361616,-0.661227026092136,-0.484874718631096,0.0449878335359798,,,,,,,,,
15,phase_and_ascertainment,Aligned NB,large_scale_comparison,Wald,-0.597837000755621,-0.709413316392874,-0.988167949821966,-0.430658682963783,0.142221751749536,,,,,,,,,
16,phase_and_ascertainment,ITS,large_scale_comparison,Wald,-0.597837000755621,-0.773882692049851,-1.15103070314394,-0.396734680955758,0.192422454639844,,,,,,,,,
16,phase_and_ascertainment,GAM,large_scale_comparison,Wald,-0.597837000755621,-0.76486477222436,-0.848143012437049,-0.681586532011672,0.0424888980676981,,,,,,,,,
16,phase_and_ascertainment,Aligned NB,large_scale_comparison,Wald,-0.597837000755621,-0.776631068742912,-1.15332296318651,-0.39993917429931,0.192189742063062,,,,,,,,,
17,phase_and_ascertainment,ITS,large_scale_comparison,Wald,-0.597837000755621,-1.01424547238241,-1.2943419652635,-0.734148979501321,0.142906373918923,,,,,,,,,
17,phase_and_ascertainment,GAM,large_scale_comparison,Wald,-0.597837000755621,-0.735091572831281,-0.820050722901415,-0.650132422761146,0.0433465051378238,,,,,,,,,
17,phase_and_ascertainment,Aligned NB,large_scale_comparison,Wald,-0.597837000755621,-1.04737681192897,-1.32512533434425,-0.76962828951369,0.141708429803715,,,,,,,,,
18,phase_and_ascertainment,ITS,large_scale_comparison,Wald,-0.597837000755621,-0.525126618003753,-0.747851469599424,-0.302401766408083,0.113635128365138,,,,,,,,,
18,phase_and_ascertainment,GAM,large_scale_comparison,Wald,-0.597837000755621,-0.63902267512937,-0.711910410441368,-0.566134939817372,0.037187620057142,,,,,,,,,
18,phase_and_ascertainment,Aligned NB,large_scale_comparison,Wald,-0.597837000755621,-0.550621213787547,-0.768638708171884,-0.332603719403211,0.111233415502213,,,,,,,,,
19,phase_and_ascertainment,ITS,large_scale_comparison,Wald,-0.597837000755621,-0.572254990177684,-0.896269939701686,-0.248240040653682,0.165313749757144,,,,,,,,,
19,phase_and_ascertainment,GAM,large_scale_comparison,Wald,-0.597837000755621,-0.541467835037159,-0.620714150527903,-0.462221519546414,0.0404317936177269,,,,,,,,,
19,phase_and_ascertainment,Aligned NB,large_scale_comparison,Wald,-0.597837000755621,-0.596227906337802,-0.911552063471471,-0.280903749204133,0.160879672006974,,,,,,,,,
20,phase_and_ascertainment,ITS,large_scale_comparison,Wald,-0.597837000755621,-0.555316129086566,-0.719852922423284,-0.390779335749848,0.0839473435391417,,,,,,,,,
20,phase_and_ascertainment,GAM,large_scale_comparison,Wald,-0.597837000755621,-0.530132545184434,-0.623790750709775,-0.436474339659094,0.0477847987374184,,,,,,,,,
20,phase_and_ascertainment,Aligned NB,large_scale_comparison,Wald,-0.597837000755621,-0.575346908953,-0.7376948963446,-0.4129989215614,0.082830605812041,,,,,,,,,
21,phase_and_ascertainment,ITS,large_scale_comparison,Wald,-0.597837000755621,-0.980647264183645,-1.39319612568734,-0.56809840267995,0.210484113012089,,,,,,,,,
21,phase_and_ascertainment,GAM,large_scale_comparison,Wald,-0.597837000755621,-0.768948153459716,-0.889584284196352,-0.64831202272308,0.061549046294202,,,,,,,,,
21,phase_and_ascertainment,Aligned NB,large_scale_comparison,Wald,-0.597837000755621,-1.01477422454399,-1.42310819319495,-0.606440255893022,0.208333657474982,,,,,,,,,
22,phase_and_ascertainment,ITS,large_scale_comparison,Wald,-0.597837000755621,-1.03425252422456,-1.38777157016798,-0.680733478281143,0.180366860175214,,,,,,,,,
22,phase_and_ascertainment,GAM,large_scale_comparison,Wald,-0.597837000755621,-0.418250771754608,-0.490228623243583,-0.346272920265633,0.036723393616824,,,,,,,,,
22,phase_and_ascertainment,Aligned NB,large_scale_comparison,Wald,-0.597837000755621,-1.1499101600382,-1.49441542280517,-0.805404897271238,0.175767991207636,,,,,,,,,
23,phase_and_ascertainment,ITS,large_scale_comparison,Wald,-0.597837000755621,-1.0410250096636,-1.40189822794146,-0.680151791385735,0.184118988917278,,,,,,,,,
23,phase_and_ascertainment,GAM,large_scale_comparison,Wald,-0.597837000755621,-0.729099941456209,-0.811028041101872,-0.647171841810545,0.0418000508396245,,,,,,,,,
23,phase_and_ascertainment,Aligned NB,large_scale_comparison,Wald,-0.597837000755621,-1.08451666162205,-1.44127199280679,-0.727761330437307,0.182018026114664,,,,,,,,,
24,phase_and_ascertainment,ITS,large_scale_comparison,Wald,-0.597837000755621,-0.755645671210473,-1.08250552000989,-0.428785822411054,0.166765228979295,,,,,,,,,
24,phase_and_ascertainment,GAM,large_scale_comparison,Wald,-0.597837000755621,-0.730964760065531,-0.855240889078951,-0.606688631052112,0.0634061882721529,,,,,,,,,
24,phase_and_ascertainment,Aligned NB,large_scale_comparison,Wald,-0.597837000755621,-0.775760430053942,-1.09538757700874,-0.45613328309914,0.16307507497694,,,,,,,,,
25,phase_and_ascertainment,ITS,large_scale_comparison,Wald,-0.597837000755621,-0.923245198519558,-1.49442804220832,-0.352062354830795,0.291419818208553,,,,,,,,,
25,phase_and_ascertainment,GAM,large_scale_comparison,Wald,-0.597837000755621,-1.18410552891562,-1.31383357168323,-1.05437748614802,0.0661877769222478,,,,,,,,,
25,phase_and_ascertainment,Aligned NB,large_scale_comparison,Wald,-0.597837000755621,-0.934180741558703,-1.50124122579765,-0.367120257319753,0.289316573591301,,,,,,,,,
26,phase_and_ascertainment,ITS,large_scale_comparison,Wald,-0.597837000755621,-0.573888252816014,-0.830992887057733,-0.316783618574294,0.131175833796796,,,,,,,,,
26,phase_and_ascertainment,GAM,large_scale_comparison,Wald,-0.597837000755621,-0.456561298076666,-0.576253624732949,-0.336868971420383,0.0610675136001444,,,,,,,,,
26,phase_and_ascertainment,Aligned NB,large_scale_comparison,Wald,-0.597837000755621,-0.596593792656032,-0.848815865572136,-0.344371719739928,0.128684731079645,,,,,,,,,
27,phase_and_ascertainment,ITS,large_scale_comparison,Wald,-0.597837000755621,-0.627176393861971,-0.985508751681344,-0.268844036042598,0.182822631540497,,,,,,,,,
27,phase_and_ascertainment,GAM,large_scale_comparison,Wald,-0.597837000755621,-0.761484987633925,-0.866866407554643,-0.656103567713207,0.053766030571795,,,,,,,,,
27,phase_and_ascertainment,Aligned NB,large_scale_comparison,Wald,-0.597837000755621,-0.67287527771214,-1.02240018632193,-0.323350369102353,0.178329035004993,,,,,,,,,
28,phase_and_ascertainment,ITS,large_scale_comparison,Wald,-0.597837000755621,-1.08859373602825,-1.40517561358624,-0.772011858470269,0.161521366101013,,,,,,,,,
28,phase_and_ascertainment,GAM,large_scale_comparison,Wald,-0.597837000755621,-0.571953470818639,-0.689292977490928,-0.45461396414635,0.0598670952409637,,,,,,,,,
28,phase_and_ascertainment,Aligned NB,large_scale_comparison,Wald,-0.597837000755621,-1.1294534154435,-1.44226592606053,-0.816640904826481,0.159598219702563,,,,,,,,,
29,phase_and_ascertainment,ITS,large_scale_comparison,Wald,-0.597837000755621,-0.58702323337205,-0.935481729604629,-0.238564737139471,0.177784947057438,,,,,,,,,
29,phase_and_ascertainment,GAM,large_scale_comparison,Wald,-0.597837000755621,-0.893019285105571,-0.993827802514992,-0.79221076769615,0.0514329170456229,,,,,,,,,
29,phase_and_ascertainment,Aligned NB,large_scale_comparison,Wald,-0.597837000755621,-0.585694997079795,-0.933291897106418,-0.238098097053171,0.17734535715644,,,,,,,,,
30,phase_and_ascertainment,ITS,large_scale_comparison,Wald,-0.597837000755621,-0.728132865574715,-1.01282885624691,-0.443436874902522,0.145253056465405,,,,,,,,,
30,phase_and_ascertainment,GAM,large_scale_comparison,Wald,-0.597837000755621,-0.362120054665066,-0.463864247839504,-0.260375861490628,0.0519103026400193,,,,,,,,,
30,phase_and_ascertainment,Aligned NB,large_scale_comparison,Wald,-0.597837000755621,-0.759236603146728,-1.03618195519811,-0.482291251095352,0.141298649005805,,,,,,,,,
31,phase_and_ascertainment,ITS,large_scale_comparison,Wald,-0.597837000755621,-0.560978149168551,-0.78234510942582,-0.339611188911282,0.112942326661872,,,,,,,,,
31,phase_and_ascertainment,GAM,large_scale_comparison,Wald,-0.597837000755621,-0.856194744985885,-0.968989611625799,-0.743399878345971,0.0575484013468949,,,,,,,,,
31,phase_and_ascertainment,Aligned NB,large_scale_comparison,Wald,-0.597837000755621,-0.603226632018437,-0.820806886904963,-0.385646377131911,0.111010334125779,,,,,,,,,
32,phase_and_ascertainment,ITS,large_scale_comparison,Wald,-0.597837000755621,-0.443064185668436,-0.811832126171896,-0.0742962451649765,0.188146908420133,,,,,,,,,
32,phase_and_ascertainment,GAM,large_scale_comparison,Wald,-0.597837000755621,-0.195872499984528,-0.31117230473157,-0.0805726952374858,0.0588264309933888,,,,,,,,,
32,phase_and_ascertainment,Aligned NB,large_scale_comparison,Wald,-0.597837000755621,-0.521777695296208,-0.871140399249098,-0.172414991343318,0.178246277526985,,,,,,,,,
33,phase_and_ascertainment,ITS,large_scale_comparison,Wald,-0.597837000755621,-0.70788172751491,-1.28112916668845,-0.134634288341369,0.292473183251806,,,,,,,,,
33,phase_and_ascertainment,GAM,large_scale_comparison,Wald,-0.597837000755621,-0.648131308593473,-0.778844355537803,-0.517418261649142,0.066690330073638,,,,,,,,,
33,phase_and_ascertainment,Aligned NB,large_scale_comparison,Wald,-0.597837000755621,-0.739211514582982,-1.29912624700421,-0.179296782161754,0.285670781847565,,,,,,,,,
34,phase_and_ascertainment,ITS,large_scale_comparison,Wald,-0.597837000755621,-0.932880432079352,-1.19986896691488,-0.665891897243823,0.136218640222209,,,,,,,,,
34,phase_and_ascertainment,GAM,large_scale_comparison,Wald,-0.597837000755621,-0.480101209335586,-0.588070107407498,-0.372132311263675,0.0550861724856693,,,,,,,,,
34,phase_and_ascertainment,Aligned NB,large_scale_comparison,Wald,-0.597837000755621,-1.02300945153097,-1.28174769879526,-0.764271204266685,0.132009309828718,,,,,,,,,
35,phase_and_ascertainment,ITS,large_scale_comparison,Wald,-0.597837000755621,-0.897146705051251,-1.17902336700594,-0.615270043096566,0.143814623446268,,,,,,,,,
35,phase_and_ascertainment,GAM,large_scale_comparison,Wald,-0.597837000755621,-0.512667916930682,-0.619657452227965,-0.405678381633399,0.0545864976006547,,,,,,,,,
35,phase_and_ascertainment,Aligned NB,large_scale_comparison,Wald,-0.597837000755621,-0.922342999308888,-1.20106761437359,-0.643618384244184,0.142206436257503,,,,,,,,,
36,phase_and_ascertainment,ITS,large_scale_comparison,Wald,-0.597837000755621,-0.735421190332575,-1.0456132779508,-0.425229102714352,0.158261269192971,,,,,,,,,
36,phase_and_ascertainment,GAM,large_scale_comparison,Wald,-0.597837000755621,-0.595456785277994,-0.700772531400243,-0.490141039155746,0.0537325235317596,,,,,,,,,
36,phase_and_ascertainment,Aligned NB,large_scale_comparison,Wald,-0.597837000755621,-0.749237527765925,-1.05803482683324,-0.440440228698614,0.157549642381282,,,,,,,,,
37,phase_and_ascertainment,ITS,large_scale_comparison,Wald,-0.597837000755621,-0.832029611541645,-1.1462506458127,-0.517808577270594,0.160316854219924,,,,,,,,,
37,phase_and_ascertainment,GAM,large_scale_comparison,Wald,-0.597837000755621,-0.649729622231583,-0.722279547171992,-0.577179697291174,0.0370152678267393,,,,,,,,,
37,phase_and_ascertainment,Aligned NB,large_scale_comparison,Wald,-0.597837000755621,-0.896294790032278,-1.20004672494741,-0.592542855117148,0.154975476997515,,,,,,,,,
38,phase_and_ascertainment,ITS,large_scale_comparison,Wald,-0.597837000755621,-0.687345694721076,-0.903046669624742,-0.47164471981741,0.110051517807993,,,,,,,,,
38,phase_and_ascertainment,GAM,large_scale_comparison,Wald,-0.597837000755621,-0.591227823565624,-0.68158478442824,-0.500870862703007,0.0461004902360288,,,,,,,,,
38,phase_and_ascertainment,Aligned NB,large_scale_comparison,Wald,-0.597837000755621,-0.701852887518372,-0.915259222208889,-0.488446552827854,0.108880783005366,,,,,,,,,
39,phase_and_ascertainment,ITS,large_scale_comparison,Wald,-0.597837000755621,-0.458218152439857,-0.814328929399214,-0.1021073754805,0.181689171918039,,,,,,,,,
39,phase_and_ascertainment,GAM,large_scale_comparison,Wald,-0.597837000755621,-0.744038824568682,-0.829659728326701,-0.658417920810664,0.0436841345704176,,,,,,,,,
39,phase_and_ascertainment,Aligned NB,large_scale_comparison,Wald,-0.597837000755621,-0.474351393988488,-0.825965431909347,-0.122737356067628,0.179394917306561,,,,,,,,,
40,phase_and_ascertainment,ITS,large_scale_comparison,Wald,-0.597837000755621,-0.474437377052109,-0.80372122780866,-0.145153526295558,0.16800196467171,,,,,,,,,
40,phase_and_ascertainment,GAM,large_scale_comparison,Wald,-0.597837000755621,-0.590908851323906,-0.702313674733891,-0.479504027913921,0.0568391956173392,,,,,,,,,
40,phase_and_ascertainment,Aligned NB,large_scale_comparison,Wald,-0.597837000755621,-0.536019202668886,-0.860231534765914,-0.211806870571857,0.165414455151545,,,,,,,,,
41,phase_and_ascertainment,ITS,large_scale_comparison,Wald,-0.597837000755621,-0.487672359406642,-0.744883239329209,-0.230461479484074,0.13123004077682,,,,,,,,,
41,phase_and_ascertainment,GAM,large_scale_comparison,Wald,-0.597837000755621,-0.538273795866509,-0.643472508320773,-0.433075083412245,0.0536728124766654,,,,,,,,,
41,phase_and_ascertainment,Aligned NB,large_scale_comparison,Wald,-0.597837000755621,-0.564383069921467,-0.812149290477261,-0.316616849365672,0.126411337018262,,,,,,,,,
42,phase_and_ascertainment,ITS,large_scale_comparison,Wald,-0.597837000755621,-1.02563128133492,-1.29377850795326,-0.757484054716582,0.136809809499154,,,,,,,,,
42,phase_and_ascertainment,GAM,large_scale_comparison,Wald,-0.597837000755621,-0.701258602833904,-0.797854979711518,-0.60466222595629,0.0492838657538848,,,,,,,,,
42,phase_and_ascertainment,Aligned NB,large_scale_comparison,Wald,-0.597837000755621,-1.04677843603479,-1.31304482704883,-0.780512045020755,0.135850199496958,,,,,,,,,
43,phase_and_ascertainment,ITS,large_scale_comparison,Wald,-0.597837000755621,-0.60063164199329,-0.849150377714706,-0.352112906271873,0.126795273327253,,,,,,,,,
43,phase_and_ascertainment,GAM,large_scale_comparison,Wald,-0.597837000755621,-0.538251381462639,-0.643569718735754,-0.432933044189525,0.0537338455475072,,,,,,,,,
43,phase_and_ascertainment,Aligned NB,large_scale_comparison,Wald,-0.597837000755621,-0.657566104549231,-0.902386733350351,-0.412745475748112,0.124908484082204,,,,,,,,,
44,phase_and_ascertainment,ITS,large_scale_comparison,Wald,-0.597837000755621,-0.808105416854134,-1.13193601873745,-0.484274814970815,0.165219694838428,,,,,,,,,
44,phase_and_ascertainment,GAM,large_scale_comparison,Wald,-0.597837000755621,-0.481680680370481,-0.595415872492492,-0.367945488248471,0.0580281592459239,,,,,,,,,
44,phase_and_ascertainment,Aligned NB,large_scale_comparison,Wald,-0.597837000755621,-0.854488582045821,-1.16874530431077,-0.540231859780875,0.160335062380074,,,,,,,,,
45,phase_and_ascertainment,ITS,large_scale_comparison,Wald,-0.597837000755621,-0.768894721064488,-1.1978842420671,-0.339905200061878,0.218872204593168,,,,,,,,,
45,phase_and_ascertainment,GAM,large_scale_comparison,Wald,-0.597837000755621,-0.517037184357672,-0.62990185928947,-0.404172509425874,0.0575840178223459,,,,,,,,,
45,phase_and_ascertainment,Aligned NB,large_scale_comparison,Wald,-0.597837000755621,-0.81557909019461,-1.24229154115723,-0.388866639231989,0.217710434164603,,,,,,,,,
46,phase_and_ascertainment,ITS,large_scale_comparison,Wald,-0.597837000755621,-0.590398736626932,-0.865429022244991,-0.315368451008873,0.140321574294928,,,,,,,,,
46,phase_and_ascertainment,GAM,large_scale_comparison,Wald,-0.597837000755621,-0.588923364698891,-0.708212168837734,-0.469634560560047,0.0608616347647163,,,,,,,,,
46,phase_and_ascertainment,Aligned NB,large_scale_comparison,Wald,-0.597837000755621,-0.601172513619692,-0.875571695519754,-0.32677333171963,0.139999582602072,,,,,,,,,
47,phase_and_ascertainment,ITS,large_scale_comparison,Wald,-0.597837000755621,-1.02817233850751,-1.30133127195272,-0.755013405062306,0.139366802778166,,,,,,,,,
47,phase_and_ascertainment,GAM,large_scale_comparison,Wald,-0.597837000755621,-0.458396507879598,-0.552773861614588,-0.364019154144609,0.0481517110892802,,,,,,,,,
47,phase_and_ascertainment,Aligned NB,large_scale_comparison,Wald,-0.597837000755621,-1.06341172431174,-1.33255738898047,-0.794266059643006,0.137319216667722,,,,,,,,,
48,phase_and_ascertainment,ITS,large_scale_comparison,Wald,-0.597837000755621,-1.00159651628269,-1.31360969797559,-0.68958333458978,0.159190398822911,,,,,,,,,
48,phase_and_ascertainment,GAM,large_scale_comparison,Wald,-0.597837000755621,-0.764744834416159,-0.839535355627032,-0.689954313205285,0.0381584291892212,,,,,,,,,
48,phase_and_ascertainment,Aligned NB,large_scale_comparison,Wald,-0.597837000755621,-1.01748862699998,-1.32818710806574,-0.706790145934214,0.158519633196817,,,,,,,,,
49,phase_and_ascertainment,ITS,large_scale_comparison,Wald,-0.597837000755621,-0.563959762828625,-0.971930543306582,-0.155988982350669,0.208148357386713,,,,,,,,,
49,phase_and_ascertainment,GAM,large_scale_comparison,Wald,-0.597837000755621,-0.580213304759857,-0.70095789554389,-0.459468713975824,0.0616043830530778,,,,,,,,,
49,phase_and_ascertainment,Aligned NB,large_scale_comparison,Wald,-0.597837000755621,-0.590710389308609,-0.995120493585665,-0.186300285031553,0.206331685855641,,,,,,,,,
50,phase_and_ascertainment,ITS,large_scale_comparison,Wald,-0.597837000755621,-0.62563574829531,-0.871267402455267,-0.380004094135354,0.12532227253059,,,,,,,,,
50,phase_and_ascertainment,GAM,large_scale_comparison,Wald,-0.597837000755621,-0.639846881696448,-0.724996449084712,-0.554697314308185,0.0434436568307465,,,,,,,,,
50,phase_and_ascertainment,Aligned NB,large_scale_comparison,Wald,-0.597837000755621,-0.673269649200257,-0.911615981104739,-0.434923317295774,0.121605271379838,,,,,,,,,
51,phase_and_ascertainment,ITS,large_scale_comparison,Wald,-0.597837000755621,-0.954344124468269,-1.27895644020857,-0.62973180872797,0.165618528438928,,,,,,,,,
51,phase_and_ascertainment,GAM,large_scale_comparison,Wald,-0.597837000755621,-0.660861182499137,-0.745884439987066,-0.575837925011207,0.0433792130040457,,,,,,,,,
51,phase_and_ascertainment,Aligned NB,large_scale_comparison,Wald,-0.597837000755621,-0.981357474596306,-1.3017972651431,-0.660917684049509,0.163489689054488,,,,,,,,,
52,phase_and_ascertainment,ITS,large_scale_comparison,Wald,-0.597837000755621,-0.247238696922607,-0.701525190306597,0.207047796461384,0.231778823155097,,,,,,,,,
52,phase_and_ascertainment,GAM,large_scale_comparison,Wald,-0.597837000755621,-0.619248890400563,-0.704751439910797,-0.533746340890328,0.0436237497501196,,,,,,,,,
52,phase_and_ascertainment,Aligned NB,large_scale_comparison,Wald,-0.597837000755621,-0.274509571856746,-0.711758750452722,0.16273960673923,0.223086315610192,,,,,,,,,
53,phase_and_ascertainment,ITS,large_scale_comparison,Wald,-0.597837000755621,-0.565822973011684,-0.995552896990481,-0.136093049032886,0.219249961213672,,,,,,,,,
53,phase_and_ascertainment,GAM,large_scale_comparison,Wald,-0.597837000755621,-0.30719070070329,-0.418092970487991,-0.196288430918589,0.0565827907064801,,,,,,,,,
53,phase_and_ascertainment,Aligned NB,large_scale_comparison,Wald,-0.597837000755621,-0.628105400320799,-1.04971073546485,-0.206500065176751,0.215104762828596,,,,,,,,,
54,phase_and_ascertainment,ITS,large_scale_comparison,Wald,-0.597837000755621,-0.473307873509506,-0.771890286329318,-0.174725460689694,0.152337965724394,,,,,,,,,
54,phase_and_ascertainment,GAM,large_scale_comparison,Wald,-0.597837000755621,-0.941402837278027,-1.05769363391165,-0.8251120406444,0.0593320390987892,,,,,,,,,
54,phase_and_ascertainment,Aligned NB,large_scale_comparison,Wald,-0.597837000755621,-0.466817850656083,-0.762402128687425,-0.171233572624741,0.150808305118032,,,,,,,,,
55,phase_and_ascertainment,ITS,large_scale_comparison,Wald,-0.597837000755621,-0.841777415435297,-1.15613107435626,-0.527423756514336,0.160384519857634,,,,,,,,,
55,phase_and_ascertainment,GAM,large_scale_comparison,Wald,-0.597837000755621,-0.880346258775371,-1.00428180634762,-0.756410711203125,0.0632324222307378,,,,,,,,,
55,phase_and_ascertainment,Aligned NB,large_scale_comparison,Wald,-0.597837000755621,-0.872196120843887,-1.18094689925317,-0.563445342434598,0.157525907351678,,,,,,,,,
56,phase_and_ascertainment,ITS,large_scale_comparison,Wald,-0.597837000755621,-0.586622193800054,-0.780687836659085,-0.392556550941024,0.099013083091342,,,,,,,,,
56,phase_and_ascertainment,GAM,large_scale_comparison,Wald,-0.597837000755621,-0.800805692903322,-0.897620093900881,-0.703991291905763,0.0493951025497751,,,,,,,,,
56,phase_and_ascertainment,Aligned NB,large_scale_comparison,Wald,-0.597837000755621,-0.631573407304466,-0.822019195153435,-0.441127619455498,0.0971662182902901,,,,,,,,,
57,phase_and_ascertainment,ITS,large_scale_comparison,Wald,-0.597837000755621,-1.29130314958883,-1.60666012497085,-0.975946174206814,0.160896416011235,,,,,,,,,
57,phase_and_ascertainment,GAM,large_scale_comparison,Wald,-0.597837000755621,-0.85682232748103,-0.969693835537786,-0.743950819424273,0.0575875041105901,,,,,,,,,
57,phase_and_ascertainment,Aligned NB,large_scale_comparison,Wald,-0.597837000755621,-1.3156243313119,-1.62897917106195,-1.00226949156185,0.159874918239824,,,,,,,,,
58,phase_and_ascertainment,ITS,large_scale_comparison,Wald,-0.597837000755621,-0.619900840100682,-0.874587721223431,-0.365213958977934,0.129942286287117,,,,,,,,,
58,phase_and_ascertainment,GAM,large_scale_comparison,Wald,-0.597837000755621,-0.730399640957944,-0.830337042983186,-0.630462238932701,0.050988470421042,,,,,,,,,
58,phase_and_ascertainment,Aligned NB,large_scale_comparison,Wald,-0.597837000755621,-0.62651217013522,-0.880601315248277,-0.372423025022162,0.129637318935233,,,,,,,,,
59,phase_and_ascertainment,ITS,large_scale_comparison,Wald,-0.597837000755621,-0.796739280954137,-1.02049058435266,-0.572987977555617,0.114158828264551,,,,,,,,,
59,phase_and_ascertainment,GAM,large_scale_comparison,Wald,-0.597837000755621,-0.592058816846688,-0.690307949419322,-0.493809684274054,0.0501271084554256,,,,,,,,,
59,phase_and_ascertainment,Aligned NB,large_scale_comparison,Wald,-0.597837000755621,-0.826094035647833,-1.0481070404465,-0.60408103084917,0.113271941223808,,,,,,,,,
60,phase_and_ascertainment,ITS,large_scale_comparison,Wald,-0.597837000755621,-0.742704118997001,-1.0550545228688,-0.430353715125198,0.159362450955001,,,,,,,,,
60,phase_and_ascertainment,GAM,large_scale_comparison,Wald,-0.597837000755621,-0.550014032535856,-0.65189850367429,-0.448129561397422,0.0519818730298131,,,,,,,,,
60,phase_and_ascertainment,Aligned NB,large_scale_comparison,Wald,-0.597837000755621,-0.796028688141618,-1.09847237918008,-0.493584997103155,0.154308005631869,,,,,,,,,
61,phase_and_ascertainment,ITS,large_scale_comparison,Wald,-0.597837000755621,-0.689138719468877,-0.931926858422675,-0.446350580515079,0.123871499466224,,,,,,,,,
61,phase_and_ascertainment,GAM,large_scale_comparison,Wald,-0.597837000755621,-0.719778265559787,-0.826767831057257,-0.612788700062317,0.0545865130089132,,,,,,,,,
61,phase_and_ascertainment,Aligned NB,large_scale_comparison,Wald,-0.597837000755621,-0.754680580570841,-0.991636807396702,-0.51772435374498,0.120896034094827,,,,,,,,,
62,phase_and_ascertainment,ITS,large_scale_comparison,Wald,-0.597837000755621,-0.603861872344352,-0.929914947788617,-0.277808796900088,0.166353609920543,,,,,,,,,
62,phase_and_ascertainment,GAM,large_scale_comparison,Wald,-0.597837000755621,-0.579649164808307,-0.662873060185171,-0.496425269431443,0.0424611711106448,,,,,,,,,
62,phase_and_ascertainment,Aligned NB,large_scale_comparison,Wald,-0.597837000755621,-0.655864042870598,-0.975887479898818,-0.335840605842378,0.163277263789908,,,,,,,,,
63,phase_and_ascertainment,ITS,large_scale_comparison,Wald,-0.597837000755621,-0.67699784878584,-0.859892095716406,-0.494103601855274,0.0933133912911052,,,,,,,,,
63,phase_and_ascertainment,GAM,large_scale_comparison,Wald,-0.597837000755621,-0.48946772863585,-0.559831452279524,-0.419104004992176,0.0358998590018744,,,,,,,,,
63,phase_and_ascertainment,Aligned NB,large_scale_comparison,Wald,-0.597837000755621,-0.704139986792891,-0.886273345447445,-0.522006628138336,0.0929251829870175,,,,,,,,,
64,phase_and_ascertainment,ITS,large_scale_comparison,Wald,-0.597837000755621,-0.473156552870961,-0.726855424482039,-0.219457681259883,0.129438199801571,,,,,,,,,
64,phase_and_ascertainment,GAM,large_scale_comparison,Wald,-0.597837000755621,-0.49366237932411,-0.560484760418439,-0.42683999822978,0.0340930515787396,,,,,,,,,
64,phase_and_ascertainment,Aligned NB,large_scale_comparison,Wald,-0.597837000755621,-0.57762561067088,-0.817528759623243,-0.337722461718517,0.122399565792022,,,,,,,,,
65,phase_and_ascertainment,ITS,large_scale_comparison,Wald,-0.597837000755621,-0.517833922417131,-0.834908100769579,-0.200759744064683,0.161772539975739,,,,,,,,,
65,phase_and_ascertainment,GAM,large_scale_comparison,Wald,-0.597837000755621,-0.557662343479304,-0.666330748393244,-0.448993938565365,0.0554430637316016,,,,,,,,,
65,phase_and_ascertainment,Aligned NB,large_scale_comparison,Wald,-0.597837000755621,-0.596545250412939,-0.905063851573126,-0.288026649252753,0.157407449571524,,,,,,,,,
66,phase_and_ascertainment,ITS,large_scale_comparison,Wald,-0.597837000755621,-0.788930489281024,-1.03120863914767,-0.546652339414375,0.123611300952372,,,,,,,,,
66,phase_and_ascertainment,GAM,large_scale_comparison,Wald,-0.597837000755621,-0.494084463040645,-0.597478488271148,-0.390690437810142,0.052752053689032,,,,,,,,,
66,phase_and_ascertainment,Aligned NB,large_scale_comparison,Wald,-0.597837000755621,-0.813156241031171,-1.05315782444882,-0.573154657613524,0.122449787457983,,,,,,,,,
67,phase_and_ascertainment,ITS,large_scale_comparison,Wald,-0.597837000755621,-0.70645253384722,-0.919505101378256,-0.493399966316183,0.108700289556651,,,,,,,,,
67,phase_and_ascertainment,GAM,large_scale_comparison,Wald,-0.597837000755621,-0.773064606603235,-0.873163684346231,-0.67296552886024,0.0510709580321404,,,,,,,,,
67,phase_and_ascertainment,Aligned NB,large_scale_comparison,Wald,-0.597837000755621,-0.755530234204462,-0.96419453627549,-0.546865932133434,0.106461378607667,,,,,,,,,
68,phase_and_ascertainment,ITS,large_scale_comparison,Wald,-0.597837000755621,-0.695878044027274,-0.970099154418633,-0.421656933635915,0.13990872979151,,,,,,,,,
68,phase_and_ascertainment,GAM,large_scale_comparison,Wald,-0.597837000755621,-0.645002771240562,-0.73841896099103,-0.551586581490095,0.0476613213012588,,,,,,,,,
68,phase_and_ascertainment,Aligned NB,large_scale_comparison,Wald,-0.597837000755621,-0.750629872399229,-1.01716284411753,-0.484096900680925,0.135986210060359,,,,,,,,,
69,phase_and_ascertainment,ITS,large_scale_comparison,Wald,-0.597837000755621,-0.599544747689134,-0.916583098990191,-0.282506396388076,0.161754260867887,,,,,,,,,
69,phase_and_ascertainment,GAM,large_scale_comparison,Wald,-0.597837000755621,-0.758110171564884,-0.873903323807506,-0.642317019322261,0.0590781388992973,,,,,,,,,
69,phase_and_ascertainment,Aligned NB,large_scale_comparison,Wald,-0.597837000755621,-0.611730945692565,-0.926134265443793,-0.297327625941336,0.160409857015933,,,,,,,,,
70,phase_and_ascertainment,ITS,large_scale_comparison,Wald,-0.597837000755621,-0.809879003796653,-1.1012347734656,-0.518523234127705,0.14865090289232,,,,,,,,,
70,phase_and_ascertainment,GAM,large_scale_comparison,Wald,-0.597837000755621,-0.491083681097126,-0.604156981812774,-0.378010380381479,0.0576904595487998,,,,,,,,,
70,phase_and_ascertainment,Aligned NB,large_scale_comparison,Wald,-0.597837000755621,-0.911054136478577,-1.19155519468853,-0.630553078268627,0.143112784800995,,,,,,,,,
71,phase_and_ascertainment,ITS,large_scale_comparison,Wald,-0.597837000755621,-0.713574850313699,-1.05176613576549,-0.375383564861906,0.172546574210098,,,,,,,,,
71,phase_and_ascertainment,GAM,large_scale_comparison,Wald,-0.597837000755621,-0.906654942874108,-1.03000046673622,-0.783309419012001,0.0629313897255651,,,,,,,,,
71,phase_and_ascertainment,Aligned NB,large_scale_comparison,Wald,-0.597837000755621,-0.731658304472444,-1.06787792588078,-0.395438683064103,0.171540623167521,,,,,,,,,
72,phase_and_ascertainment,ITS,large_scale_comparison,Wald,-0.597837000755621,-0.800320237611484,-1.05350262145124,-0.547137853771731,0.129174685632527,,,,,,,,,
72,phase_and_ascertainment,GAM,large_scale_comparison,Wald,-0.597837000755621,-0.799870635177453,-0.889088143125216,-0.710653127229689,0.0455191367080426,,,,,,,,,
72,phase_and_ascertainment,Aligned NB,large_scale_comparison,Wald,-0.597837000755621,-0.799981274200811,-1.05325471679773,-0.546707831603895,0.1292211441821,,,,,,,,,
73,phase_and_ascertainment,ITS,large_scale_comparison,Wald,-0.597837000755621,-0.939756981384124,-1.36266663274291,-0.516847330025336,0.215770230285096,,,,,,,,,
73,phase_and_ascertainment,GAM,large_scale_comparison,Wald,-0.597837000755621,-0.894092683814107,-0.993106894273236,-0.795078473354978,0.0505174543158821,,,,,,,,,
73,phase_and_ascertainment,Aligned NB,large_scale_comparison,Wald,-0.597837000755621,-0.949458582620786,-1.36993061226011,-0.528986552981461,0.214526545734349,,,,,,,,,
74,phase_and_ascertainment,ITS,large_scale_comparison,Wald,-0.597837000755621,-0.917408810691251,-1.25362993522923,-0.581187686153276,0.171541390070396,,,,,,,,,
74,phase_and_ascertainment,GAM,large_scale_comparison,Wald,-0.597837000755621,-0.575154008739897,-0.684152638402622,-0.466155379077172,0.0556115457462882,,,,,,,,,
74,phase_and_ascertainment,Aligned NB,large_scale_comparison,Wald,-0.597837000755621,-0.975664797162969,-1.3063470535989,-0.644982540727037,0.168715436957108,,,,,,,,,
75,phase_and_ascertainment,ITS,large_scale_comparison,Wald,-0.597837000755621,-0.545095909544113,-0.864342056137836,-0.22584976295039,0.162880687037614,,,,,,,,,
75,phase_and_ascertainment,GAM,large_scale_comparison,Wald,-0.597837000755621,-0.397978680272991,-0.507167351821122,-0.28879000872486,0.0557085058919034,,,,,,,,,
75,phase_and_ascertainment,Aligned NB,large_scale_comparison,Wald,-0.597837000755621,-0.619317700300559,-0.925708682633995,-0.312926717967123,0.156321929761957,,,,,,,,,
76,phase_and_ascertainment,ITS,large_scale_comparison,Wald,-0.597837000755621,-0.657768754430631,-0.90363119598341,-0.411906312877852,0.125440021200397,,,,,,,,,
76,phase_and_ascertainment,GAM,large_scale_comparison,Wald,-0.597837000755621,-0.710815878227286,-0.792651233647462,-0.62898052280711,0.0417527323572326,,,,,,,,,
76,phase_and_ascertainment,Aligned NB,large_scale_comparison,Wald,-0.597837000755621,-0.719953537252479,-0.957133776907425,-0.482773297597533,0.121010326354564,,,,,,,,,
77,phase_and_ascertainment,ITS,large_scale_comparison,Wald,-0.597837000755621,-0.577341258978081,-0.979991718340662,-0.174690799615499,0.205433907838052,,,,,,,,,
77,phase_and_ascertainment,GAM,large_scale_comparison,Wald,-0.597837000755621,-0.819241913758132,-0.939292376838546,-0.699191450677718,0.0612502362655172,,,,,,,,,
77,phase_and_ascertainment,Aligned NB,large_scale_comparison,Wald,-0.597837000755621,-0.632828012860761,-1.02709125169317,-0.238564774028352,0.201154713690005,,,,,,,,,
78,phase_and_ascertainment,ITS,large_scale_comparison,Wald,-0.597837000755621,-0.899298680620831,-1.39149548488643,-0.407101876355233,0.251120818502856,,,,,,,,,
78,phase_and_ascertainment,GAM,large_scale_comparison,Wald,-0.597837000755621,-0.932672618378447,-1.0657925718454,-0.799552664911495,0.0679183436055877,,,,,,,,,
78,phase_and_ascertainment,Aligned NB,large_scale_comparison,Wald,-0.597837000755621,-0.954885361787356,-1.44204066431712,-0.467730059257593,0.248548623739675,,,,,,,,,
79,phase_and_ascertainment,ITS,large_scale_comparison,Wald,-0.597837000755621,-0.535691530500701,-0.865845586454397,-0.205537474547005,0.168445946915151,,,,,,,,,
79,phase_and_ascertainment,GAM,large_scale_comparison,Wald,-0.597837000755621,-0.653692155798212,-0.764660835927688,-0.542723475668735,0.0566166735354474,,,,,,,,,
79,phase_and_ascertainment,Aligned NB,large_scale_comparison,Wald,-0.597837000755621,-0.5499125060281,-0.877448362371426,-0.222376649684775,0.167110130787411,,,,,,,,,
80,phase_and_ascertainment,ITS,large_scale_comparison,Wald,-0.597837000755621,-0.541380485977729,-0.856627660380701,-0.226133311574757,0.160840395103557,,,,,,,,,
80,phase_and_ascertainment,GAM,large_scale_comparison,Wald,-0.597837000755621,-0.744671853432109,-0.830538525329013,-0.658805181535204,0.0438095264780124,,,,,,,,,
80,phase_and_ascertainment,Aligned NB,large_scale_comparison,Wald,-0.597837000755621,-0.550914744866434,-0.865658069497955,-0.236171420234913,0.160583328893633,,,,,,,,,
81,phase_and_ascertainment,ITS,large_scale_comparison,Wald,-0.597837000755621,-0.661873948440958,-1.03602057145918,-0.28772732542274,0.190891134192968,,,,,,,,,
81,phase_and_ascertainment,GAM,large_scale_comparison,Wald,-0.597837000755621,-0.449902196898476,-0.560049774553248,-0.339754619243703,0.0561977437014145,,,,,,,,,
81,phase_and_ascertainment,Aligned NB,large_scale_comparison,Wald,-0.597837000755621,-0.684263843085137,-1.05390788309355,-0.314619803076724,0.188593897963476,,,,,,,,,
82,phase_and_ascertainment,ITS,large_scale_comparison,Wald,-0.597837000755621,-0.564809911909094,-0.819717749661899,-0.309902074156289,0.130055019261635,,,,,,,,,
82,phase_and_ascertainment,GAM,large_scale_comparison,Wald,-0.597837000755621,-0.511102556604995,-0.625264270230989,-0.396940842979001,0.0582457722581601,,,,,,,,,
82,phase_and_ascertainment,Aligned NB,large_scale_comparison,Wald,-0.597837000755621,-0.570194038360782,-0.823598834606338,-0.316789242115225,0.129288161349774,,,,,,,,,
83,phase_and_ascertainment,ITS,large_scale_comparison,Wald,-0.597837000755621,-0.731920559336656,-1.03006786295824,-0.433773255715074,0.152115971235501,,,,,,,,,
83,phase_and_ascertainment,GAM,large_scale_comparison,Wald,-0.597837000755621,-0.478870788689313,-0.58729776376317,-0.370443813615457,0.0553198852417635,,,,,,,,,
83,phase_and_ascertainment,Aligned NB,large_scale_comparison,Wald,-0.597837000755621,-0.759016160630919,-1.05394114631069,-0.464091174951145,0.150471931469272,,,,,,,,,
84,phase_and_ascertainment,ITS,large_scale_comparison,Wald,-0.597837000755621,-0.71894931520314,-1.18153220500623,-0.256366425400048,0.236011678470965,,,,,,,,,
84,phase_and_ascertainment,GAM,large_scale_comparison,Wald,-0.597837000755621,-0.519337339771812,-0.596775747510515,-0.441898932033109,0.03950939170342,,,,,,,,,
84,phase_and_ascertainment,Aligned NB,large_scale_comparison,Wald,-0.597837000755621,-0.807983628518295,-1.26312209990538,-0.352845157131213,0.232213505809736,,,,,,,,,
85,phase_and_ascertainment,ITS,large_scale_comparison,Wald,-0.597837000755621,-0.490278799560225,-1.00462817577158,0.0240705766511271,0.262423151128241,,,,,,,,,
85,phase_and_ascertainment,GAM,large_scale_comparison,Wald,-0.597837000755621,-0.681148084159676,-0.798976155377406,-0.563320012941946,0.0601163628661887,,,,,,,,,
85,phase_and_ascertainment,Aligned NB,large_scale_comparison,Wald,-0.597837000755621,-0.510294057179125,-1.01931433917733,-0.00127377518091931,0.259704225509288,,,,,,,,,
86,phase_and_ascertainment,ITS,large_scale_comparison,Wald,-0.597837000755621,-0.492906427945625,-0.957711774709506,-0.0281010811817434,0.237145585083613,,,,,,,,,
86,phase_and_ascertainment,GAM,large_scale_comparison,Wald,-0.597837000755621,-1.13725087341126,-1.27643570450596,-0.998066042316567,0.0710126689258654,,,,,,,,,
86,phase_and_ascertainment,Aligned NB,large_scale_comparison,Wald,-0.597837000755621,-0.532470340660847,-0.980965980081934,-0.0839747012397605,0.228824305827085,,,,,,,,,
87,phase_and_ascertainment,ITS,large_scale_comparison,Wald,-0.597837000755621,-0.828742934869839,-1.10760115285782,-0.549884716881854,0.142274601014278,,,,,,,,,
87,phase_and_ascertainment,GAM,large_scale_comparison,Wald,-0.597837000755621,-0.36199624357721,-0.47079092270929,-0.25320156444513,0.0555074893531023,,,,,,,,,
87,phase_and_ascertainment,Aligned NB,large_scale_comparison,Wald,-0.597837000755621,-0.904434303279266,-1.17762061654459,-0.631247990013943,0.139380772074145,,,,,,,,,
88,phase_and_ascertainment,ITS,large_scale_comparison,Wald,-0.597837000755621,-0.579540081716771,-0.874332734956209,-0.284747428477333,0.150404414918081,,,,,,,,,
88,phase_and_ascertainment,GAM,large_scale_comparison,Wald,-0.597837000755621,-0.863363268528684,-0.979749735355989,-0.746976801701378,0.0593808504220947,,,,,,,,,
88,phase_and_ascertainment,Aligned NB,large_scale_comparison,Wald,-0.597837000755621,-0.607011157671816,-0.896299605463012,-0.317722709880619,0.147596146832243,,,,,,,,,
89,phase_and_ascertainment,ITS,large_scale_comparison,Wald,-0.597837000755621,-0.586459821329068,-1.10526780051464,-0.0676518421434993,0.264697948564066,,,,,,,,,
89,phase_and_ascertainment,GAM,large_scale_comparison,Wald,-0.597837000755621,-0.633418658305838,-0.719016456670094,-0.547820859941582,0.0436723461042124,,,,,,,,,
89,phase_and_ascertainment,Aligned NB,large_scale_comparison,Wald,-0.597837000755621,-0.594256864858134,-1.10079740703192,-0.0877163226843478,0.258439052129483,,,,,,,,,
90,phase_and_ascertainment,ITS,large_scale_comparison,Wald,-0.597837000755621,-0.656085261140138,-0.920227763889164,-0.391942758391111,0.134766583035218,,,,,,,,,
90,phase_and_ascertainment,GAM,large_scale_comparison,Wald,-0.597837000755621,-0.566488938426553,-0.644409272631588,-0.488568604221517,0.0397552725535894,,,,,,,,,
90,phase_and_ascertainment,Aligned NB,large_scale_comparison,Wald,-0.597837000755621,-0.701465146225952,-0.957905180012957,-0.445025112438948,0.130836751932145,,,,,,,,,
91,phase_and_ascertainment,ITS,large_scale_comparison,Wald,-0.597837000755621,-0.384503888867303,-0.653960316873923,-0.115047460860683,0.137477769391133,,,,,,,,,
91,phase_and_ascertainment,GAM,large_scale_comparison,Wald,-0.597837000755621,-0.632485872098863,-0.715405474587935,-0.549566269609792,0.0423059196372814,,,,,,,,,
91,phase_and_ascertainment,Aligned NB,large_scale_comparison,Wald,-0.597837000755621,-0.393594902023707,-0.660223214387831,-0.126966589659584,0.136034853247002,,,,,,,,,
92,phase_and_ascertainment,ITS,large_scale_comparison,Wald,-0.597837000755621,-0.822625333808941,-1.17201277702385,-0.473237890594027,0.178258899599446,,,,,,,,,
92,phase_and_ascertainment,GAM,large_scale_comparison,Wald,-0.597837000755621,-0.535339918901752,-0.6147023749394,-0.455977462864105,0.0404910489987998,,,,,,,,,
92,phase_and_ascertainment,Aligned NB,large_scale_comparison,Wald,-0.597837000755621,-0.847134242216275,-1.1921329574896,-0.50213552694295,0.176019752690472,,,,,,,,,
93,phase_and_ascertainment,ITS,large_scale_comparison,Wald,-0.597837000755621,-0.910032802901549,-1.24673610803397,-0.573329497769133,0.171787400577763,,,,,,,,,
93,phase_and_ascertainment,GAM,large_scale_comparison,Wald,-0.597837000755621,-0.73663423559151,-0.851814249832635,-0.621454221350385,0.0587653133883293,,,,,,,,,
93,phase_and_ascertainment,Aligned NB,large_scale_comparison,Wald,-0.597837000755621,-0.982094344266713,-1.30545947735632,-0.658729211177106,0.164982210760004,,,,,,,,,
94,phase_and_ascertainment,ITS,large_scale_comparison,Wald,-0.597837000755621,-0.610921837764436,-1.00155105846331,-0.220292617065558,0.19930062280555,,,,,,,,,
94,phase_and_ascertainment,GAM,large_scale_comparison,Wald,-0.597837000755621,-0.722742806544819,-0.841232520392505,-0.604253092697132,0.0604539356365746,,,,,,,,,
94,phase_and_ascertainment,Aligned NB,large_scale_comparison,Wald,-0.597837000755621,-0.640397377182752,-1.0243585166224,-0.256436237743099,0.195898540530435,,,,,,,,,
95,phase_and_ascertainment,ITS,large_scale_comparison,Wald,-0.597837000755621,-0.673782233449703,-0.975750997150439,-0.371813469748968,0.154065695765681,,,,,,,,,
95,phase_and_ascertainment,GAM,large_scale_comparison,Wald,-0.597837000755621,-0.52210142918197,-0.614525474019833,-0.429677384344107,0.0471551249172772,,,,,,,,,
95,phase_and_ascertainment,Aligned NB,large_scale_comparison,Wald,-0.597837000755621,-0.722884109505773,-1.01755104955556,-0.428217169455987,0.150340275535605,,,,,,,,,
96,phase_and_ascertainment,ITS,large_scale_comparison,Wald,-0.597837000755621,-0.706802749006044,-1.00128986522151,-0.412315632790581,0.150248528681359,,,,,,,,,
96,phase_and_ascertainment,GAM,large_scale_comparison,Wald,-0.597837000755621,-0.603936588685685,-0.712337480706539,-0.495535696664831,0.0553065775616603,,,,,,,,,
96,phase_and_ascertainment,Aligned NB,large_scale_comparison,Wald,-0.597837000755621,-0.750838025847097,-1.03974143588135,-0.46193461581284,0.14739969899707,,,,,,,,,
97,phase_and_ascertainment,ITS,large_scale_comparison,Wald,-0.597837000755621,-0.926424557834738,-1.31138928678603,-0.54145982888344,0.19641057599556,,,,,,,,,
97,phase_and_ascertainment,GAM,large_scale_comparison,Wald,-0.597837000755621,-0.631339197989338,-0.745266062321125,-0.517412333657551,0.0581259511896872,,,,,,,,,
97,phase_and_ascertainment,Aligned NB,large_scale_comparison,Wald,-0.597837000755621,-0.973717699976135,-1.35078597554517,-0.596649424407103,0.192381773249506,,,,,,,,,
98,phase_and_ascertainment,ITS,large_scale_comparison,Wald,-0.597837000755621,-0.679225077919166,-1.05417279421405,-0.304277361624281,0.191299855252492,,,,,,,,,
98,phase_and_ascertainment,GAM,large_scale_comparison,Wald,-0.597837000755621,-0.910177597967333,-1.03738842670699,-0.782966769227674,0.0649034840508468,,,,,,,,,
98,phase_and_ascertainment,Aligned NB,large_scale_comparison,Wald,-0.597837000755621,-0.760053512705457,-1.12546422604089,-0.394642799370023,0.186434037416038,,,,,,,,,
99,phase_and_ascertainment,ITS,large_scale_comparison,Wald,-0.597837000755621,-0.888379229238078,-1.1797995151515,-0.596958943324661,0.14868381934358,,,,,,,,,
99,phase_and_ascertainment,GAM,large_scale_comparison,Wald,-0.597837000755621,-0.671246514219445,-0.788984064550858,-0.553508963888031,0.0600701787405171,,,,,,,,,
99,phase_and_ascertainment,Aligned NB,large_scale_comparison,Wald,-0.597837000755621,-0.886492993752142,-1.17748741421386,-0.595498573290428,0.148466541051895,,,,,,,,,
100,phase_and_ascertainment,ITS,large_scale_comparison,Wald,-0.597837000755621,-0.677917163265042,-1.01741835702582,-0.338415969504259,0.17321489477591,,,,,,,,,
100,phase_and_ascertainment,GAM,large_scale_comparison,Wald,-0.597837000755621,-0.413841476600316,-0.527772181107662,-0.299910772092971,0.0581279104629314,,,,,,,,,
100,phase_and_ascertainment,Aligned NB,large_scale_comparison,Wald,-0.597837000755621,-0.692422191092086,-1.02987766354583,-0.354966718638346,0.172171159415173,,,,,,,,,
101,phase_and_ascertainment,ITS,large_scale_comparison,Wald,-0.597837000755621,-0.947528617188929,-1.28996600010335,-0.605091234274505,0.174712950466543,,,,,,,,,
101,phase_and_ascertainment,GAM,large_scale_comparison,Wald,-0.597837000755621,-0.933922738066507,-1.05476615967939,-0.813079316453626,0.0616548069453477,,,,,,,,,
101,phase_and_ascertainment,Aligned NB,large_scale_comparison,Wald,-0.597837000755621,-0.955319197827761,-1.29693644487857,-0.613701950776955,0.174294513801432,,,,,,,,,
102,phase_and_ascertainment,ITS,large_scale_comparison,Wald,-0.597837000755621,-0.796588372338747,-1.10117720717615,-0.491999537501349,0.155402466753775,,,,,,,,,
102,phase_and_ascertainment,GAM,large_scale_comparison,Wald,-0.597837000755621,-0.581901749398115,-0.686167010872406,-0.477636487923825,0.0531965619766788,,,,,,,,,
102,phase_and_ascertainment,Aligned NB,large_scale_comparison,Wald,-0.597837000755621,-0.848815852520935,-1.14870311556413,-0.548928589477742,0.153003705634282,,,,,,,,,
103,phase_and_ascertainment,ITS,large_scale_comparison,Wald,-0.597837000755621,-0.100856834020107,-0.422246980356852,0.220533312316639,0.163974564457523,,,,,,,,,
103,phase_and_ascertainment,GAM,large_scale_comparison,Wald,-0.597837000755621,-0.56958801379788,-0.645320800749724,-0.493855226846037,0.0386391770162466,,,,,,,,,
103,phase_and_ascertainment,Aligned NB,large_scale_comparison,Wald,-0.597837000755621,-0.100319311252106,-0.421013339255185,0.220374716750973,0.163619402042387,,,,,,,,,
104,phase_and_ascertainment,ITS,large_scale_comparison,Wald,-0.597837000755621,-0.728893035091952,-1.01518879083441,-0.442597279349489,0.14606926313391,,,,,,,,,
104,phase_and_ascertainment,GAM,large_scale_comparison,Wald,-0.597837000755621,-0.534910225089609,-0.647262873806126,-0.422557576373093,0.0573227799574063,,,,,,,,,
104,phase_and_ascertainment,Aligned NB,large_scale_comparison,Wald,-0.597837000755621,-0.762304863494315,-1.04405146790427,-0.480558259084358,0.1437482675561,,,,,,,,,
105,phase_and_ascertainment,ITS,large_scale_comparison,Wald,-0.597837000755621,-1.35900240238937,-1.86030669228853,-0.857698112490208,0.255767494846511,,,,,,,,,
105,phase_and_ascertainment,GAM,large_scale_comparison,Wald,-0.597837000755621,-0.642872289452253,-0.726328745802812,-0.559415833101693,0.0425798246686528,,,,,,,,,
105,phase_and_ascertainment,Aligned NB,large_scale_comparison,Wald,-0.597837000755621,-1.35791550386182,-1.8567255832375,-0.859105424486146,0.254494938456977,,,,,,,,,
106,phase_and_ascertainment,ITS,large_scale_comparison,Wald,-0.597837000755621,-0.613079209635057,-0.951153343749893,-0.275005075520221,0.172486803119814,,,,,,,,,
106,phase_and_ascertainment,GAM,large_scale_comparison,Wald,-0.597837000755621,-0.476428901256369,-0.600400729391522,-0.352457073121215,0.0632509327220171,,,,,,,,,
106,phase_and_ascertainment,Aligned NB,large_scale_comparison,Wald,-0.597837000755621,-0.6474319602377,-0.97992199437916,-0.314941926096239,0.169637772521153,,,,,,,,,
107,phase_and_ascertainment,ITS,large_scale_comparison,Wald,-0.597837000755621,-0.778458765229014,-1.12500016673113,-0.4319173637269,0.176806837501079,,,,,,,,,
107,phase_and_ascertainment,GAM,large_scale_comparison,Wald,-0.597837000755621,-0.627366447044809,-0.729687655687842,-0.525045238401775,0.0522046982872622,,,,,,,,,
107,phase_and_ascertainment,Aligned NB,large_scale_comparison,Wald,-0.597837000755621,-0.840300567233044,-1.18184668640587,-0.498754448060217,0.174258224067769,,,,,,,,,
108,phase_and_ascertainment,ITS,large_scale_comparison,Wald,-0.597837000755621,-0.563006430804572,-0.881622089577801,-0.244390772031343,0.162559009578178,,,,,,,,,
108,phase_and_ascertainment,GAM,large_scale_comparison,Wald,-0.597837000755621,-0.398801602410147,-0.508585126993402,-0.289018077826891,0.0560120023383955,,,,,,,,,
108,phase_and_ascertainment,Aligned NB,large_scale_comparison,Wald,-0.597837000755621,-0.608251083907471,-0.920780578496326,-0.295721589318616,0.159453823769824,,,,,,,,,
109,phase_and_ascertainment,ITS,large_scale_comparison,Wald,-0.597837000755621,-0.497891943401598,-0.832795064917082,-0.162988821886114,0.170868939548716,,,,,,,,,
109,phase_and_ascertainment,GAM,large_scale_comparison,Wald,-0.597837000755621,-0.798678336588334,-0.91586890916282,-0.681487764013848,0.0597911084563702,,,,,,,,,
109,phase_and_ascertainment,Aligned NB,large_scale_comparison,Wald,-0.597837000755621,-0.537138173653042,-0.86356670277974,-0.210709644526344,0.166545167921785,,,,,,,,,
110,phase_and_ascertainment,ITS,large_scale_comparison,Wald,-0.597837000755621,-1.10416840935465,-1.47390780852728,-0.734429010182027,0.188642550598278,,,,,,,,,
110,phase_and_ascertainment,GAM,large_scale_comparison,Wald,-0.597837000755621,-0.426457409514475,-0.537004145907189,-0.315910673121762,0.0564013961187314,,,,,,,,,
110,phase_and_ascertainment,Aligned NB,large_scale_comparison,Wald,-0.597837000755621,-1.15002219421032,-1.51614384107673,-0.783900547343919,0.186796758605309,,,,,,,,,
111,phase_and_ascertainment,ITS,large_scale_comparison,Wald,-0.597837000755621,-0.16588633257759,-0.466726290863535,0.134953625708355,0.153489774635686,,,,,,,,,
111,phase_and_ascertainment,GAM,large_scale_comparison,Wald,-0.597837000755621,-0.7083891724041,-0.815906451810809,-0.600871892997391,0.0548557547993414,,,,,,,,,
111,phase_and_ascertainment,Aligned NB,large_scale_comparison,Wald,-0.597837000755621,-0.188634020441404,-0.481699118191449,0.104431077308641,0.149523009056145,,,,,,,,,
112,phase_and_ascertainment,ITS,large_scale_comparison,Wald,-0.597837000755621,-0.833549602478508,-1.15101732267877,-0.516081882278246,0.161973326632786,,,,,,,,,
112,phase_and_ascertainment,GAM,large_scale_comparison,Wald,-0.597837000755621,-0.583213871997578,-0.703201440943505,-0.46322630305165,0.0612181474213915,,,,,,,,,
112,phase_and_ascertainment,Aligned NB,large_scale_comparison,Wald,-0.597837000755621,-0.992178947283858,-1.30040397672088,-0.683953917846836,0.157257668080113,,,,,,,,,
113,phase_and_ascertainment,ITS,large_scale_comparison,Wald,-0.597837000755621,-0.82038902067177,-1.09634172801718,-0.544436313326357,0.140792197625211,,,,,,,,,
113,phase_and_ascertainment,GAM,large_scale_comparison,Wald,-0.597837000755621,-0.726894805395077,-0.832940614824645,-0.62084899596551,0.0541050048110037,,,,,,,,,
113,phase_and_ascertainment,Aligned NB,large_scale_comparison,Wald,-0.597837000755621,-0.846109269222751,-1.11813165871928,-0.574086879726218,0.138786933416598,,,,,,,,,
114,phase_and_ascertainment,ITS,large_scale_comparison,Wald,-0.597837000755621,-0.847728725104349,-1.33698160897207,-0.358475841236633,0.249618818299855,,,,,,,,,
114,phase_and_ascertainment,GAM,large_scale_comparison,Wald,-0.597837000755621,-1.18384070137563,-1.30111620857293,-1.06656519417833,0.0598344424476032,,,,,,,,,
114,phase_and_ascertainment,Aligned NB,large_scale_comparison,Wald,-0.597837000755621,-0.888276201083835,-1.37396571688331,-0.402586685284357,0.24780077336708,,,,,,,,,
115,phase_and_ascertainment,ITS,large_scale_comparison,Wald,-0.597837000755621,-0.512064156996272,-0.81891480337955,-0.205213510612994,0.156556452236366,,,,,,,,,
115,phase_and_ascertainment,GAM,large_scale_comparison,Wald,-0.597837000755621,-0.413504214398576,-0.531153496354754,-0.295854932442397,0.0600251438551931,,,,,,,,,
115,phase_and_ascertainment,Aligned NB,large_scale_comparison,Wald,-0.597837000755621,-0.552322684135288,-0.857064356516922,-0.247581011753654,0.15548044509267,,,,,,,,,
116,phase_and_ascertainment,ITS,large_scale_comparison,Wald,-0.597837000755621,-0.623864049223972,-0.990589206248309,-0.257138892199635,0.187104671951192,,,,,,,,,
116,phase_and_ascertainment,GAM,large_scale_comparison,Wald,-0.597837000755621,-0.53371405860576,-0.61611048126712,-0.4513176359444,0.042038991153755,,,,,,,,,
116,phase_and_ascertainment,Aligned NB,large_scale_comparison,Wald,-0.597837000755621,-0.634317962368954,-0.998286249923749,-0.270349674814159,0.185698105895304,,,,,,,,,
117,phase_and_ascertainment,ITS,large_scale_comparison,Wald,-0.597837000755621,-0.639511458529463,-0.993131841382029,-0.285891075676897,0.180418562679881,,,,,,,,,
117,phase_and_ascertainment,GAM,large_scale_comparison,Wald,-0.597837000755621,-0.629857855112662,-0.733867257695605,-0.525848452529718,0.0530660217259917,,,,,,,,,
117,phase_and_ascertainment,Aligned NB,large_scale_comparison,Wald,-0.597837000755621,-0.659210547400277,-1.00993773381602,-0.308483360984536,0.178942442048847,,,,,,,,,
118,phase_and_ascertainment,ITS,large_scale_comparison,Wald,-0.597837000755621,-0.53837946279611,-0.774392117276996,-0.302366808315224,0.120414619633105,,,,,,,,,
118,phase_and_ascertainment,GAM,large_scale_comparison,Wald,-0.597837000755621,-0.619036268341253,-0.721140084464704,-0.516932452217803,0.0520937837364545,,,,,,,,,
118,phase_and_ascertainment,Aligned NB,large_scale_comparison,Wald,-0.597837000755621,-0.543562783743456,-0.777256356248197,-0.309869211238715,0.119231414543235,,,,,,,,,
119,phase_and_ascertainment,ITS,large_scale_comparison,Wald,-0.597837000755621,-0.3517026914022,-0.720783859939157,0.0173784771347569,0.188306718641305,,,,,,,,,
119,phase_and_ascertainment,GAM,large_scale_comparison,Wald,-0.597837000755621,-0.522312267537619,-0.63666987919964,-0.407954655875597,0.0583457202357252,,,,,,,,,
119,phase_and_ascertainment,Aligned NB,large_scale_comparison,Wald,-0.597837000755621,-0.359345227797772,-0.724505247360373,0.00581479176482813,0.186306132429898,,,,,,,,,
120,phase_and_ascertainment,ITS,large_scale_comparison,Wald,-0.597837000755621,-0.658474623129951,-0.884915965494555,-0.432033280765348,0.115531297124798,,,,,,,,,
120,phase_and_ascertainment,GAM,large_scale_comparison,Wald,-0.597837000755621,-0.813253475401158,-0.921188156219091,-0.705318794583226,0.0550687147030268,,,,,,,,,
120,phase_and_ascertainment,Aligned NB,large_scale_comparison,Wald,-0.597837000755621,-0.678804704477401,-0.90252683972366,-0.455082569231141,0.114143946554214,,,,,,,,,
121,phase_and_ascertainment,ITS,large_scale_comparison,Wald,-0.597837000755621,-0.808546025689091,-1.04875866179947,-0.568333389578713,0.122557467403254,,,,,,,,,
121,phase_and_ascertainment,GAM,large_scale_comparison,Wald,-0.597837000755621,-0.593810025585592,-0.671913281280792,-0.515706769890393,0.0398485998444893,,,,,,,,,
121,phase_and_ascertainment,Aligned NB,large_scale_comparison,Wald,-0.597837000755621,-0.845425602866985,-1.08079303959062,-0.610058166143351,0.120085426899813,,,,,,,,,
122,phase_and_ascertainment,ITS,large_scale_comparison,Wald,-0.597837000755621,-0.763507657591028,-0.99626486106131,-0.530750454120747,0.118753675239939,,,,,,,,,
122,phase_and_ascertainment,GAM,large_scale_comparison,Wald,-0.597837000755621,-0.593978020544664,-0.667515608414875,-0.520440432674453,0.0375191774848013,,,,,,,,,
122,phase_and_ascertainment,Aligned NB,large_scale_comparison,Wald,-0.597837000755621,-0.768529124639836,-0.99995364293309,-0.537104606346583,0.118073733823088,,,,,,,,,
123,phase_and_ascertainment,ITS,large_scale_comparison,Wald,-0.597837000755621,-0.0620551211062543,-0.48940577249053,0.365295530278022,0.218036046624631,,,,,,,,,
123,phase_and_ascertainment,GAM,large_scale_comparison,Wald,-0.597837000755621,-0.64438396636501,-0.722507344153657,-0.566260588576362,0.0398588662186977,,,,,,,,,
123,phase_and_ascertainment,Aligned NB,large_scale_comparison,Wald,-0.597837000755621,-0.0976626156390229,-0.518172558474578,0.322847327196532,0.214545889201814,,,,,,,,,
124,phase_and_ascertainment,ITS,large_scale_comparison,Wald,-0.597837000755621,-0.743327720107849,-1.03311477564947,-0.453540664566226,0.147850538541644,,,,,,,,,
124,phase_and_ascertainment,GAM,large_scale_comparison,Wald,-0.597837000755621,-0.585850127361213,-0.662634731616663,-0.509065523105764,0.0391758184976784,,,,,,,,,
124,phase_and_ascertainment,Aligned NB,large_scale_comparison,Wald,-0.597837000755621,-0.752678274011849,-1.03718122281349,-0.468175325210208,0.145154565715123,,,,,,,,,
125,phase_and_ascertainment,ITS,large_scale_comparison,Wald,-0.597837000755621,-0.523399967387929,-0.822042642513846,-0.224757292262011,0.152368711798937,,,,,,,,,
125,phase_and_ascertainment,GAM,large_scale_comparison,Wald,-0.597837000755621,-1.03329335453646,-1.15078688464159,-0.915799824431328,0.0599456786250664,,,,,,,,,
125,phase_and_ascertainment,Aligned NB,large_scale_comparison,Wald,-0.597837000755621,-0.538767487166549,-0.836365590345675,-0.241169383987423,0.151835766928126,,,,,,,,,
126,phase_and_ascertainment,ITS,large_scale_comparison,Wald,-0.597837000755621,-0.62491256852532,-0.948001182369342,-0.301823954681297,0.164841129512257,,,,,,,,,
126,phase_and_ascertainment,GAM,large_scale_comparison,Wald,-0.597837000755621,-0.436224933965824,-0.508229575296817,-0.364220292634831,0.0367370619035678,,,,,,,,,
126,phase_and_ascertainment,Aligned NB,large_scale_comparison,Wald,-0.597837000755621,-0.639115600488625,-0.958831238127528,-0.319399962849722,0.163120223285155,,,,,,,,,
127,phase_and_ascertainment,ITS,large_scale_comparison,Wald,-0.597837000755621,-0.634478291206201,-0.879995577000567,-0.388961005411835,0.125263921323656,,,,,,,,,
127,phase_and_ascertainment,GAM,large_scale_comparison,Wald,-0.597837000755621,-0.368777992429606,-0.475715824566306,-0.261840160292905,0.0545601184370919,,,,,,,,,
127,phase_and_ascertainment,Aligned NB,large_scale_comparison,Wald,-0.597837000755621,-0.661912868076316,-0.903921788885203,-0.41990394726743,0.123473939188207,,,,,,,,,
128,phase_and_ascertainment,ITS,large_scale_comparison,Wald,-0.597837000755621,-0.611430754347367,-0.804998520860499,-0.417862987834235,0.0987590645475163,,,,,,,,,
128,phase_and_ascertainment,GAM,large_scale_comparison,Wald,-0.597837000755621,-0.665105452048071,-0.763511735317773,-0.56669916877837,0.0502072873825009,,,,,,,,,
128,phase_and_ascertainment,Aligned NB,large_scale_comparison,Wald,-0.597837000755621,-0.628472419534857,-0.820619564457741,-0.436325274611974,0.0980342576137161,,,,,,,,,
129,phase_and_ascertainment,ITS,large_scale_comparison,Wald,-0.597837000755621,-0.890168599870094,-1.11007346023239,-0.670263739507797,0.112196357327703,,,,,,,,,
129,phase_and_ascertainment,GAM,large_scale_comparison,Wald,-0.597837000755621,-0.889102855453508,-1.01543101573432,-0.762774695172698,0.0644531430004131,,,,,,,,,
129,phase_and_ascertainment,Aligned NB,large_scale_comparison,Wald,-0.597837000755621,-0.939880606372892,-1.15520323991579,-0.724557972829997,0.109858486501477,,,,,,,,,
130,phase_and_ascertainment,ITS,large_scale_comparison,Wald,-0.597837000755621,-0.586641018335316,-0.875813610846436,-0.297468425824197,0.147537036995469,,,,,,,,,
130,phase_and_ascertainment,GAM,large_scale_comparison,Wald,-0.597837000755621,-0.459316095830777,-0.559831838093337,-0.358800353568217,0.0512835419706938,,,,,,,,,
130,phase_and_ascertainment,Aligned NB,large_scale_comparison,Wald,-0.597837000755621,-0.606413037783236,-0.894770416565416,-0.318055659001055,0.147121111623562,,,,,,,,,
131,phase_and_ascertainment,ITS,large_scale_comparison,Wald,-0.597837000755621,-0.787789199560966,-1.08748947563268,-0.488088923489254,0.15290830411822,,,,,,,,,
131,phase_and_ascertainment,GAM,large_scale_comparison,Wald,-0.597837000755621,-0.912068603611364,-0.992765303153757,-0.831371904068971,0.0411717854808128,,,,,,,,,
131,phase_and_ascertainment,Aligned NB,large_scale_comparison,Wald,-0.597837000755621,-0.796811803992724,-1.09544409318041,-0.498179514805035,0.152363412850862,,,,,,,,,
132,phase_and_ascertainment,ITS,large_scale_comparison,Wald,-0.597837000755621,-0.755875520466866,-1.04845794793523,-0.463293092998499,0.14927674870835,,,,,,,,,
132,phase_and_ascertainment,GAM,large_scale_comparison,Wald,-0.597837000755621,-0.728315242392099,-0.840851450889885,-0.615779033894313,0.0574164329070336,,,,,,,,,
132,phase_and_ascertainment,Aligned NB,large_scale_comparison,Wald,-0.597837000755621,-0.820405288682983,-1.10547336496674,-0.535337212399228,0.145442896063141,,,,,,,,,
133,phase_and_ascertainment,ITS,large_scale_comparison,Wald,-0.597837000755621,-0.953876036456108,-1.18360770843081,-0.724144364481406,0.117210036721787,,,,,,,,,
133,phase_and_ascertainment,GAM,large_scale_comparison,Wald,-0.597837000755621,-0.805428719560963,-0.921506035802481,-0.689351403319446,0.0592231205313864,,,,,,,,,
133,phase_and_ascertainment,Aligned NB,large_scale_comparison,Wald,-0.597837000755621,-0.971480260450671,-1.19982224777112,-0.74313827313022,0.116501013939006,,,,,,,,,
134,phase_and_ascertainment,ITS,large_scale_comparison,Wald,-0.597837000755621,-0.277116991142018,-0.598560587912981,0.0443266056289447,0.164001835087226,,,,,,,,,
134,phase_and_ascertainment,GAM,large_scale_comparison,Wald,-0.597837000755621,-0.4517502249042,-0.562030361027874,-0.341470088780526,0.0562653755733033,,,,,,,,,
134,phase_and_ascertainment,Aligned NB,large_scale_comparison,Wald,-0.597837000755621,-0.30658196498197,-0.620743526040575,0.00757959607663467,0.160286510744186,,,,,,,,,
135,phase_and_ascertainment,ITS,large_scale_comparison,Wald,-0.597837000755621,-1.00800192660161,-1.29520970552742,-0.720794147675793,0.146534581084599,,,,,,,,,
135,phase_and_ascertainment,GAM,large_scale_comparison,Wald,-0.597837000755621,-0.575891595586746,-0.674512616995002,-0.47727057417849,0.0503168476572735,,,,,,,,,
135,phase_and_ascertainment,Aligned NB,large_scale_comparison,Wald,-0.597837000755621,-1.05947404250797,-1.3381965495374,-0.780751535478532,0.142205360729304,,,,,,,,,
136,phase_and_ascertainment,ITS,large_scale_comparison,Wald,-0.597837000755621,-1.0209085930518,-1.42150637781828,-0.620310808285324,0.204386624880856,,,,,,,,,
136,phase_and_ascertainment,GAM,large_scale_comparison,Wald,-0.597837000755621,-0.709040246665348,-0.782254420975173,-0.635826072355522,0.0373541705662375,,,,,,,,,
136,phase_and_ascertainment,Aligned NB,large_scale_comparison,Wald,-0.597837000755621,-1.07286712655219,-1.46372831370759,-0.682005939396793,0.199418973038468,,,,,,,,,
137,phase_and_ascertainment,ITS,large_scale_comparison,Wald,-0.597837000755621,-0.410039383277911,-0.7654704941559,-0.0546082723999209,0.181342403509178,,,,,,,,,
137,phase_and_ascertainment,GAM,large_scale_comparison,Wald,-0.597837000755621,-0.718076941952862,-0.821608194415624,-0.6145456894901,0.0528220675830418,,,,,,,,,
137,phase_and_ascertainment,Aligned NB,large_scale_comparison,Wald,-0.597837000755621,-0.425835270273495,-0.778754779931249,-0.0729157606157403,0.180060974315181,,,,,,,,,
138,phase_and_ascertainment,ITS,large_scale_comparison,Wald,-0.597837000755621,-0.687399550791379,-0.960140180871663,-0.414658920711094,0.139153382694023,,,,,,,,,
138,phase_and_ascertainment,GAM,large_scale_comparison,Wald,-0.597837000755621,-0.356873898731318,-0.461286520229197,-0.252461277233438,0.0532717456621837,,,,,,,,,
138,phase_and_ascertainment,Aligned NB,large_scale_comparison,Wald,-0.597837000755621,-0.730526302423286,-0.997291770441133,-0.46376083440544,0.13610483062135,,,,,,,,,
139,phase_and_ascertainment,ITS,large_scale_comparison,Wald,-0.597837000755621,-0.599029713373419,-0.886935070469278,-0.311124356277559,0.146890488314214,,,,,,,,,
139,phase_and_ascertainment,GAM,large_scale_comparison,Wald,-0.597837000755621,-0.311236828944917,-0.422937244328067,-0.199536413561766,0.0569900078485461,,,,,,,,,
139,phase_and_ascertainment,Aligned NB,large_scale_comparison,Wald,-0.597837000755621,-0.598706115297722,-0.885730544056047,-0.311681686539397,0.146441035080778,,,,,,,,,
140,phase_and_ascertainment,ITS,large_scale_comparison,Wald,-0.597837000755621,-0.730990488675118,-1.00988504270581,-0.452095934644425,0.142293139811578,,,,,,,,,
140,phase_and_ascertainment,GAM,large_scale_comparison,Wald,-0.597837000755621,-0.764323976720726,-0.879760501265937,-0.648887452175516,0.0588961859924544,,,,,,,,,
140,phase_and_ascertainment,Aligned NB,large_scale_comparison,Wald,-0.597837000755621,-0.743550827617595,-1.01788483163174,-0.469216823603455,0.139966328578643,,,,,,,,,
141,phase_and_ascertainment,ITS,large_scale_comparison,Wald,-0.597837000755621,-0.58317295129847,-0.811029082178954,-0.355316820417987,0.116253128000247,,,,,,,,,
141,phase_and_ascertainment,GAM,large_scale_comparison,Wald,-0.597837000755621,-0.447383548271558,-0.54137434203134,-0.353392754511776,0.0479544866121338,,,,,,,,,
141,phase_and_ascertainment,Aligned NB,large_scale_comparison,Wald,-0.597837000755621,-0.60811992019076,-0.831679225180043,-0.384560615201477,0.114060869892491,,,,,,,,,
142,phase_and_ascertainment,ITS,large_scale_comparison,Wald,-0.597837000755621,-0.656155664086655,-0.959969479901885,-0.352341848271425,0.155007048885321,,,,,,,,,
142,phase_and_ascertainment,GAM,large_scale_comparison,Wald,-0.597837000755621,-0.674557929512967,-0.779285922328681,-0.569829936697252,0.0534326493957728,,,,,,,,,
142,phase_and_ascertainment,Aligned NB,large_scale_comparison,Wald,-0.597837000755621,-0.693705930292305,-0.992944475481576,-0.394467385103035,0.152672727137383,,,,,,,,,
143,phase_and_ascertainment,ITS,large_scale_comparison,Wald,-0.597837000755621,-0.916052139350755,-1.24512440572295,-0.586979872978559,0.167894013455202,,,,,,,,,
143,phase_and_ascertainment,GAM,large_scale_comparison,Wald,-0.597837000755621,-0.577409830014676,-0.692335922176416,-0.462483737852936,0.0586357613070102,,,,,,,,,
143,phase_and_ascertainment,Aligned NB,large_scale_comparison,Wald,-0.597837000755621,-0.945992134118225,-1.27309631880787,-0.61888794942858,0.166889890147778,,,,,,,,,
144,phase_and_ascertainment,ITS,large_scale_comparison,Wald,-0.597837000755621,-0.673512490190526,-0.979965756324911,-0.367059224056141,0.156353707211421,,,,,,,,,
144,phase_and_ascertainment,GAM,large_scale_comparison,Wald,-0.597837000755621,-0.340062048934013,-0.4440731868517,-0.236050911016327,0.0530669071008606,,,,,,,,,
144,phase_and_ascertainment,Aligned NB,large_scale_comparison,Wald,-0.597837000755621,-0.722889062028517,-1.02222452231283,-0.423553601744207,0.152722173614444,,,,,,,,,
145,phase_and_ascertainment,ITS,large_scale_comparison,Wald,-0.597837000755621,-0.413966447573672,-0.678332641634826,-0.149600253512517,0.134880711255691,,,,,,,,,
145,phase_and_ascertainment,GAM,large_scale_comparison,Wald,-0.597837000755621,-0.433542313902031,-0.538234010509755,-0.328850617294307,0.053414130922308,,,,,,,,,
145,phase_and_ascertainment,Aligned NB,large_scale_comparison,Wald,-0.597837000755621,-0.436039315019347,-0.696392701303024,-0.175685928735671,0.132833360348815,,,,,,,,,
146,phase_and_ascertainment,ITS,large_scale_comparison,Wald,-0.597837000755621,-0.792404802679172,-1.05978544905752,-0.52502415630082,0.136418697131812,,,,,,,,,
146,phase_and_ascertainment,GAM,large_scale_comparison,Wald,-0.597837000755621,-0.669498466972935,-0.782601305489764,-0.556395628456107,0.0577055298555249,,,,,,,,,
146,phase_and_ascertainment,Aligned NB,large_scale_comparison,Wald,-0.597837000755621,-0.853524213681274,-1.11288990216917,-0.594158525193377,0.132329432901988,,,,,,,,,
147,phase_and_ascertainment,ITS,large_scale_comparison,Wald,-0.597837000755621,-0.869668449041558,-1.13791361132488,-0.601423286758234,0.136859776675166,,,,,,,,,
147,phase_and_ascertainment,GAM,large_scale_comparison,Wald,-0.597837000755621,-0.93912830019941,-1.0518762736672,-0.826380326731619,0.0575244762590769,,,,,,,,,
147,phase_and_ascertainment,Aligned NB,large_scale_comparison,Wald,-0.597837000755621,-0.935495052050544,-1.19885581862346,-0.672134285477632,0.134367738047404,,,,,,,,,
148,phase_and_ascertainment,ITS,large_scale_comparison,Wald,-0.597837000755621,-1.08708719750308,-1.50610553531578,-0.668068859690385,0.213784866230969,,,,,,,,,
148,phase_and_ascertainment,GAM,large_scale_comparison,Wald,-0.597837000755621,-0.673415066610448,-0.789731573915181,-0.557098559305715,0.0593451567881292,,,,,,,,,
148,phase_and_ascertainment,Aligned NB,large_scale_comparison,Wald,-0.597837000755621,-1.13767293125207,-1.54972144873679,-0.725624413767345,0.210228835451389,,,,,,,,,
149,phase_and_ascertainment,ITS,large_scale_comparison,Wald,-0.597837000755621,-0.549552544771298,-0.777861786737295,-0.321243302805302,0.116484307125508,,,,,,,,,
149,phase_and_ascertainment,GAM,large_scale_comparison,Wald,-0.597837000755621,-0.5223388977645,-0.625737083820745,-0.418940711708255,0.0527541765593087,,,,,,,,,
149,phase_and_ascertainment,Aligned NB,large_scale_comparison,Wald,-0.597837000755621,-0.602887671129427,-0.823047713066042,-0.382727629192812,0.112326552008477,,,,,,,,,
150,phase_and_ascertainment,ITS,large_scale_comparison,Wald,-0.597837000755621,-0.922386588536409,-1.27498521273024,-0.569787964342581,0.179897257241749,,,,,,,,,
150,phase_and_ascertainment,GAM,large_scale_comparison,Wald,-0.597837000755621,-1.21198667580071,-1.34373845481085,-1.08023489679058,0.0672202954133337,,,,,,,,,
150,phase_and_ascertainment,Aligned NB,large_scale_comparison,Wald,-0.597837000755621,-0.95415208713846,-1.30146664238706,-0.606837531889865,0.177201303698263,,,,,,,,,
151,phase_and_ascertainment,ITS,large_scale_comparison,Wald,-0.597837000755621,-0.652354007781828,-0.906726216515267,-0.397981799048389,0.129781739149714,,,,,,,,,
151,phase_and_ascertainment,GAM,large_scale_comparison,Wald,-0.597837000755621,-0.650202170197045,-0.731737034725393,-0.568667305668696,0.0415994206777289,,,,,,,,,
151,phase_and_ascertainment,Aligned NB,large_scale_comparison,Wald,-0.597837000755621,-0.701471450474452,-0.952618379973932,-0.450324520974972,0.128136188520143,,,,,,,,,
152,phase_and_ascertainment,ITS,large_scale_comparison,Wald,-0.597837000755621,-0.201534011879218,-0.491680915991068,0.0886128922326317,0.148034134750944,,,,,,,,,
152,phase_and_ascertainment,GAM,large_scale_comparison,Wald,-0.597837000755621,-0.232016953228593,-0.332868643289483,-0.131165263167704,0.051454943908617,,,,,,,,,
152,phase_and_ascertainment,Aligned NB,large_scale_comparison,Wald,-0.597837000755621,-0.237166945187391,-0.512465401707905,0.0381315113331234,0.140458396183936,,,,,,,,,
153,phase_and_ascertainment,ITS,large_scale_comparison,Wald,-0.597837000755621,-1.01770444482634,-1.38624789728159,-0.649160992371087,0.188032373701658,,,,,,,,,
153,phase_and_ascertainment,GAM,large_scale_comparison,Wald,-0.597837000755621,-0.720695350117715,-0.805438098735253,-0.635952601500178,0.0432360962334375,,,,,,,,,
153,phase_and_ascertainment,Aligned NB,large_scale_comparison,Wald,-0.597837000755621,-1.08830317758374,-1.44530772569833,-0.731298629469143,0.182145177609487,,,,,,,,,
154,phase_and_ascertainment,ITS,large_scale_comparison,Wald,-0.597837000755621,-0.844890834191102,-1.18161424736124,-0.508167421020961,0.171797659780684,,,,,,,,,
154,phase_and_ascertainment,GAM,large_scale_comparison,Wald,-0.597837000755621,-1.08711703330263,-1.21461445986825,-0.959619606737009,0.0650497074314398,,,,,,,,,
154,phase_and_ascertainment,Aligned NB,large_scale_comparison,Wald,-0.597837000755621,-0.86689318520917,-1.20158619005761,-0.532200180360726,0.170761737167574,,,,,,,,,
155,phase_and_ascertainment,ITS,large_scale_comparison,Wald,-0.597837000755621,-0.471254679536171,-0.723335345079041,-0.219174013993302,0.128612584460648,,,,,,,,,
155,phase_and_ascertainment,GAM,large_scale_comparison,Wald,-0.597837000755621,-0.365635474900944,-0.433219388711179,-0.298051561090709,0.0344815886786913,,,,,,,,,
155,phase_and_ascertainment,Aligned NB,large_scale_comparison,Wald,-0.597837000755621,-0.498011194107848,-0.740190111546491,-0.255832276669205,0.123560672162573,,,,,,,,,
156,phase_and_ascertainment,ITS,large_scale_comparison,Wald,-0.597837000755621,-0.363978675924146,-0.721155419217524,-0.00680193263076734,0.18223303229254,,,,,,,,,
156,phase_and_ascertainment,GAM,large_scale_comparison,Wald,-0.597837000755621,-0.47967293692429,-0.590201314687974,-0.369144559160605,0.0563920294712677,,,,,,,,,
156,phase_and_ascertainment,Aligned NB,large_scale_comparison,Wald,-0.597837000755621,-0.475059346917567,-0.81498606376007,-0.135132630075064,0.173431998389032,,,,,,,,,
157,phase_and_ascertainment,ITS,large_scale_comparison,Wald,-0.597837000755621,-0.422761665570173,-0.701235732883785,-0.144287598256561,0.142078605772251,,,,,,,,,
157,phase_and_ascertainment,GAM,large_scale_comparison,Wald,-0.597837000755621,-0.542198249420031,-0.650936885295191,-0.433459613544872,0.0554788958546731,,,,,,,,,
157,phase_and_ascertainment,Aligned NB,large_scale_comparison,Wald,-0.597837000755621,-0.42456402921035,-0.701960219992561,-0.14716783842814,0.141528668766434,,,,,,,,,
158,phase_and_ascertainment,ITS,large_scale_comparison,Wald,-0.597837000755621,-0.588002859577414,-0.885132118779599,-0.290873600375229,0.151596560817441,,,,,,,,,
158,phase_and_ascertainment,GAM,large_scale_comparison,Wald,-0.597837000755621,-0.374249546023162,-0.492875440619542,-0.255623651426782,0.0605234156103977,,,,,,,,,
158,phase_and_ascertainment,Aligned NB,large_scale_comparison,Wald,-0.597837000755621,-0.598948573398352,-0.893409741092024,-0.304487405704681,0.150235289639628,,,,,,,,,
159,phase_and_ascertainment,ITS,large_scale_comparison,Wald,-0.597837000755621,-0.667073859976742,-1.03621120717452,-0.297936512778966,0.188335381223355,,,,,,,,,
159,phase_and_ascertainment,GAM,large_scale_comparison,Wald,-0.597837000755621,-0.562671433066349,-0.689247948615548,-0.43609491751715,0.0645798548720403,,,,,,,,,
159,phase_and_ascertainment,Aligned NB,large_scale_comparison,Wald,-0.597837000755621,-0.67436447652716,-1.03863143190363,-0.310097521150691,0.185850487436974,,,,,,,,,
160,phase_and_ascertainment,ITS,large_scale_comparison,Wald,-0.597837000755621,-0.577602966894665,-0.882737252485296,-0.272468681304034,0.155680757954404,,,,,,,,,
160,phase_and_ascertainment,GAM,large_scale_comparison,Wald,-0.597837000755621,-0.828256513266023,-0.929650721328323,-0.726862305203722,0.0517317388072961,,,,,,,,,
160,phase_and_ascertainment,Aligned NB,large_scale_comparison,Wald,-0.597837000755621,-0.592581539220217,-0.895735853424229,-0.289427225016205,0.154670568471435,,,,,,,,,
161,phase_and_ascertainment,ITS,large_scale_comparison,Wald,-0.597837000755621,-0.580820591364561,-0.916106014573731,-0.24553516815539,0.17106399143325,,,,,,,,,
161,phase_and_ascertainment,GAM,large_scale_comparison,Wald,-0.597837000755621,-0.360134900326612,-0.472831232374079,-0.247438568279145,0.0574981285956465,,,,,,,,,
161,phase_and_ascertainment,Aligned NB,large_scale_comparison,Wald,-0.597837000755621,-0.597298583965221,-0.930650987563755,-0.263946180366686,0.170077756938028,,,,,,,,,
162,phase_and_ascertainment,ITS,large_scale_comparison,Wald,-0.597837000755621,-0.579976498665846,-0.772766793799709,-0.387186203531983,0.0983623954764607,,,,,,,,,
162,phase_and_ascertainment,GAM,large_scale_comparison,Wald,-0.597837000755621,-0.702586697026563,-0.775311617632047,-0.629861776421079,0.0371045513293284,,,,,,,,,
162,phase_and_ascertainment,Aligned NB,large_scale_comparison,Wald,-0.597837000755621,-0.633422385174558,-0.821892285543304,-0.444952484805813,0.0961581124330333,,,,,,,,,
163,phase_and_ascertainment,ITS,large_scale_comparison,Wald,-0.597837000755621,-0.450184578575238,-0.73889991271484,-0.161469244435637,0.14730374190796,,,,,,,,,
163,phase_and_ascertainment,GAM,large_scale_comparison,Wald,-0.597837000755621,-0.728856958115424,-0.826973002676738,-0.63074091355411,0.0500592064088337,,,,,,,,,
163,phase_and_ascertainment,Aligned NB,large_scale_comparison,Wald,-0.597837000755621,-0.466557596283781,-0.751141419985677,-0.181973772581886,0.145195828419335,,,,,,,,,
164,phase_and_ascertainment,ITS,large_scale_comparison,Wald,-0.597837000755621,-0.611255251994013,-0.899741793040264,-0.322768710947763,0.147187010737883,,,,,,,,,
164,phase_and_ascertainment,GAM,large_scale_comparison,Wald,-0.597837000755621,-0.495529241131315,-0.606574827142547,-0.384483655120082,0.0566559112302207,,,,,,,,,
164,phase_and_ascertainment,Aligned NB,large_scale_comparison,Wald,-0.597837000755621,-0.671625299365349,-0.95187656635313,-0.391374032377568,0.142985340299888,,,,,,,,,
165,phase_and_ascertainment,ITS,large_scale_comparison,Wald,-0.597837000755621,-0.653841167792651,-1.0287141831922,-0.278968152393102,0.19126174255079,,,,,,,,,
165,phase_and_ascertainment,GAM,large_scale_comparison,Wald,-0.597837000755621,-0.329631961486932,-0.445993914272541,-0.213270008701322,0.059368343257964,,,,,,,,,
165,phase_and_ascertainment,Aligned NB,large_scale_comparison,Wald,-0.597837000755621,-0.702962716528666,-1.06628210234817,-0.339643330709161,0.18536703358138,,,,,,,,,
166,phase_and_ascertainment,ITS,large_scale_comparison,Wald,-0.597837000755621,-0.488945971645849,-0.687878851608397,-0.290013091683302,0.10149636732783,,,,,,,,,
166,phase_and_ascertainment,GAM,large_scale_comparison,Wald,-0.597837000755621,-0.596109845427225,-0.673464483480074,-0.518755207374375,0.0394666520677804,,,,,,,,,
166,phase_and_ascertainment,Aligned NB,large_scale_comparison,Wald,-0.597837000755621,-0.548753145037736,-0.743215747537406,-0.354290542538066,0.0992156135202399,,,,,,,,,
167,phase_and_ascertainment,ITS,large_scale_comparison,Wald,-0.597837000755621,-0.503850928936676,-0.8354428763122,-0.172258981561151,0.169179564987513,,,,,,,,,
167,phase_and_ascertainment,GAM,large_scale_comparison,Wald,-0.597837000755621,-0.80942635539712,-0.925596956913677,-0.693255753880563,0.059270715059468,,,,,,,,,
167,phase_and_ascertainment,Aligned NB,large_scale_comparison,Wald,-0.597837000755621,-0.519023826096773,-0.846528847295885,-0.19151880489766,0.167094398570976,,,,,,,,,
168,phase_and_ascertainment,ITS,large_scale_comparison,Wald,-0.597837000755621,-0.720422252454236,-1.08263252103931,-0.358211983869158,0.184801157441366,,,,,,,,,
168,phase_and_ascertainment,GAM,large_scale_comparison,Wald,-0.597837000755621,-0.601522308792415,-0.702769528006337,-0.500275089578493,0.0516567444968989,,,,,,,,,
168,phase_and_ascertainment,Aligned NB,large_scale_comparison,Wald,-0.597837000755621,-0.757654979525723,-1.11731202630435,-0.397997932747098,0.183498493254401,,,,,,,,,
169,phase_and_ascertainment,ITS,large_scale_comparison,Wald,-0.597837000755621,-0.541084559530145,-0.822718111820741,-0.259451007239549,0.143690587903365,,,,,,,,,
169,phase_and_ascertainment,GAM,large_scale_comparison,Wald,-0.597837000755621,-0.609618595010822,-0.715847334682781,-0.503389855338864,0.0541983365673257,,,,,,,,,
169,phase_and_ascertainment,Aligned NB,large_scale_comparison,Wald,-0.597837000755621,-0.569501324102817,-0.846537140866107,-0.292465507339528,0.141344804471066,,,,,,,,,
170,phase_and_ascertainment,ITS,large_scale_comparison,Wald,-0.597837000755621,-0.884861454569691,-1.15698524138582,-0.612737667753562,0.138838666742923,,,,,,,,,
170,phase_and_ascertainment,GAM,large_scale_comparison,Wald,-0.597837000755621,-0.782023508255044,-0.883405170705231,-0.680641845804857,0.0517253379847894,,,,,,,,,
170,phase_and_ascertainment,Aligned NB,large_scale_comparison,Wald,-0.597837000755621,-0.959602045354193,-1.22572346218631,-0.693480628522076,0.135776233077611,,,,,,,,,
171,phase_and_ascertainment,ITS,large_scale_comparison,Wald,-0.597837000755621,-1.127764433463,-1.5199640964187,-0.735564770507295,0.20010186885495,,,,,,,,,
171,phase_and_ascertainment,GAM,large_scale_comparison,Wald,-0.597837000755621,-0.795439628755341,-0.91768627017333,-0.673192987337351,0.0623707354173416,,,,,,,,,
171,phase_and_ascertainment,Aligned NB,large_scale_comparison,Wald,-0.597837000755621,-1.14996288342763,-1.53964181312668,-0.760283953728567,0.198815780458703,,,,,,,,,
172,phase_and_ascertainment,ITS,large_scale_comparison,Wald,-0.597837000755621,-0.67208895192212,-0.99649287366211,-0.34768503018213,0.165512204969383,,,,,,,,,
172,phase_and_ascertainment,GAM,large_scale_comparison,Wald,-0.597837000755621,-0.642729799375173,-0.719402978132486,-0.56605662061786,0.0391189687537311,,,,,,,,,
172,phase_and_ascertainment,Aligned NB,large_scale_comparison,Wald,-0.597837000755621,-0.725553502684563,-1.04415487816659,-0.406952127202533,0.162551722184709,,,,,,,,,
173,phase_and_ascertainment,ITS,large_scale_comparison,Wald,-0.597837000755621,-0.382037936415211,-0.649116878461267,-0.114958994369155,0.136264766350028,,,,,,,,,
173,phase_and_ascertainment,GAM,large_scale_comparison,Wald,-0.597837000755621,-0.688040906477846,-0.761660248757251,-0.61442156419844,0.0375608889180642,,,,,,,,,
173,phase_and_ascertainment,Aligned NB,large_scale_comparison,Wald,-0.597837000755621,-0.38413756335815,-0.64848507336565,-0.119790053350651,0.134871178575255,,,,,,,,,
174,phase_and_ascertainment,ITS,large_scale_comparison,Wald,-0.597837000755621,-0.25643796405268,-0.573040008945164,0.0601640808398046,0.16153165555739,,,,,,,,,
174,phase_and_ascertainment,GAM,large_scale_comparison,Wald,-0.597837000755621,-0.590564949088109,-0.703750316767768,-0.47737958140845,0.0577476365712544,,,,,,,,,
174,phase_and_ascertainment,Aligned NB,large_scale_comparison,Wald,-0.597837000755621,-0.267441960501344,-0.580958962586274,0.0460750415835857,0.159957654124964,,,,,,,,,
175,phase_and_ascertainment,ITS,large_scale_comparison,Wald,-0.597837000755621,-0.721444443285834,-1.0027563088405,-0.440132577731168,0.143526462017687,,,,,,,,,
175,phase_and_ascertainment,GAM,large_scale_comparison,Wald,-0.597837000755621,-0.464053186584122,-0.541726429871316,-0.386379943296927,0.0396292057587727,,,,,,,,,
175,phase_and_ascertainment,Aligned NB,large_scale_comparison,Wald,-0.597837000755621,-0.769822909972865,-1.04396149041547,-0.495684329530261,0.139866622674798,,,,,,,,,
176,phase_and_ascertainment,ITS,large_scale_comparison,Wald,-0.597837000755621,-0.850460258659048,-1.12648986618463,-0.574430651133467,0.140831432411011,,,,,,,,,
176,phase_and_ascertainment,GAM,large_scale_comparison,Wald,-0.597837000755621,-0.605257342167839,-0.687608533332091,-0.522906151003587,0.0420159138593125,,,,,,,,,
176,phase_and_ascertainment,Aligned NB,large_scale_comparison,Wald,-0.597837000755621,-0.891542937601194,-1.16328174148009,-0.6198041337223,0.138642246876987,,,,,,,,,
177,phase_and_ascertainment,ITS,large_scale_comparison,Wald,-0.597837000755621,-0.838421409141385,-1.07266204726544,-0.60418077101733,0.11951052965513,,,,,,,,,
177,phase_and_ascertainment,GAM,large_scale_comparison,Wald,-0.597837000755621,-0.471731022681945,-0.570817752944365,-0.372644292419526,0.0505544542155202,,,,,,,,,
177,phase_and_ascertainment,Aligned NB,large_scale_comparison,Wald,-0.597837000755621,-0.880988363299953,-1.11137647123569,-0.650600255364219,0.117544953028436,,,,,,,,,
178,phase_and_ascertainment,ITS,large_scale_comparison,Wald,-0.597837000755621,-0.714152811161602,-0.919835347449755,-0.508470274873449,0.104940069534772,,,,,,,,,
178,phase_and_ascertainment,GAM,large_scale_comparison,Wald,-0.597837000755621,-0.843838566273258,-0.94302503089344,-0.744652101653077,0.0506053390919294,,,,,,,,,
178,phase_and_ascertainment,Aligned NB,large_scale_comparison,Wald,-0.597837000755621,-0.718059541082952,-0.922745184913634,-0.51337389725227,0.104431450934022,,,,,,,,,
179,phase_and_ascertainment,ITS,large_scale_comparison,Wald,-0.597837000755621,-0.383102791144183,-0.753957426050735,-0.0122481562376318,0.18921154842171,,,,,,,,,
179,phase_and_ascertainment,GAM,large_scale_comparison,Wald,-0.597837000755621,-0.621528452319616,-0.736164482917103,-0.506892421722129,0.0584877707130034,,,,,,,,,
179,phase_and_ascertainment,Aligned NB,large_scale_comparison,Wald,-0.597837000755621,-0.403102504994574,-0.769381401982805,-0.0368236080063425,0.186876988259302,,,,,,,,,
180,phase_and_ascertainment,ITS,large_scale_comparison,Wald,-0.597837000755621,-0.643809598329372,-1.04324899267373,-0.244370203985012,0.203795609359367,,,,,,,,,
180,phase_and_ascertainment,GAM,large_scale_comparison,Wald,-0.597837000755621,-0.527994578161384,-0.642936722881279,-0.413052433441488,0.0586439513877018,,,,,,,,,
180,phase_and_ascertainment,Aligned NB,large_scale_comparison,Wald,-0.597837000755621,-0.663058177073304,-1.05917200664777,-0.266944347498842,0.202098892640032,,,,,,,,,
181,phase_and_ascertainment,ITS,large_scale_comparison,Wald,-0.597837000755621,-1.19194977494004,-1.50334167916484,-0.880557870715229,0.158873420522861,,,,,,,,,
181,phase_and_ascertainment,GAM,large_scale_comparison,Wald,-0.597837000755621,-0.434219677175187,-0.544621818973952,-0.323817535376422,0.0563276233667169,,,,,,,,,
181,phase_and_ascertainment,Aligned NB,large_scale_comparison,Wald,-0.597837000755621,-1.2006187215105,-1.5114022313557,-0.889835211665298,0.158563015227142,,,,,,,,,
182,phase_and_ascertainment,ITS,large_scale_comparison,Wald,-0.597837000755621,-0.660915759004204,-0.904453469439334,-0.417378048569074,0.124253933895474,,,,,,,,,
182,phase_and_ascertainment,GAM,large_scale_comparison,Wald,-0.597837000755621,-0.620158840575754,-0.695082730284429,-0.545234950867079,0.0382264743411607,,,,,,,,,
182,phase_and_ascertainment,Aligned NB,large_scale_comparison,Wald,-0.597837000755621,-0.687746669252898,-0.929022493104096,-0.446470845401701,0.123099910128162,,,,,,,,,
183,phase_and_ascertainment,ITS,large_scale_comparison,Wald,-0.597837000755621,-0.736967281617964,-1.07692295489448,-0.397011608341453,0.173446772079853,,,,,,,,,
183,phase_and_ascertainment,GAM,large_scale_comparison,Wald,-0.597837000755621,-0.447062556349998,-0.553349486982214,-0.340775625717783,0.0542280258327631,,,,,,,,,
183,phase_and_ascertainment,Aligned NB,large_scale_comparison,Wald,-0.597837000755621,-0.746272919518862,-1.08419793895899,-0.40834790007873,0.172410724204149,,,,,,,,,
184,phase_and_ascertainment,ITS,large_scale_comparison,Wald,-0.597837000755621,-0.660061727536012,-0.990256235181926,-0.329867219890098,0.16846658553363,,,,,,,,,
184,phase_and_ascertainment,GAM,large_scale_comparison,Wald,-0.597837000755621,-0.973487853715975,-1.0821945668196,-0.864781140612351,0.0554626087263385,,,,,,,,,
184,phase_and_ascertainment,Aligned NB,large_scale_comparison,Wald,-0.597837000755621,-0.664831303631969,-0.99172290183635,-0.337939705427589,0.166781427655296,,,,,,,,,
185,phase_and_ascertainment,ITS,large_scale_comparison,Wald,-0.597837000755621,-0.280971794610522,-0.633218956370385,0.0712753671493406,0.179717939673399,,,,,,,,,
185,phase_and_ascertainment,GAM,large_scale_comparison,Wald,-0.597837000755621,-0.87980853104844,-1.00423430807842,-0.75538275401846,0.0634825393010103,,,,,,,,,
185,phase_and_ascertainment,Aligned NB,large_scale_comparison,Wald,-0.597837000755621,-0.290074266795385,-0.638551282185695,0.0584027485949245,0.177794395607301,,,,,,,,,
186,phase_and_ascertainment,ITS,large_scale_comparison,Wald,-0.597837000755621,-0.465867784689105,-0.764975323483641,-0.166760245894568,0.15260588714007,,,,,,,,,
186,phase_and_ascertainment,GAM,large_scale_comparison,Wald,-0.597837000755621,-0.866528767652408,-0.982596466890245,-0.750461068414571,0.0592182138968557,,,,,,,,,
186,phase_and_ascertainment,Aligned NB,large_scale_comparison,Wald,-0.597837000755621,-0.485418890558698,-0.781879978926265,-0.188957802191131,0.151255657330391,,,,,,,,,
187,phase_and_ascertainment,ITS,large_scale_comparison,Wald,-0.597837000755621,-0.84944979786707,-1.12176764078747,-0.577131954946667,0.138937674959389,,,,,,,,,
187,phase_and_ascertainment,GAM,large_scale_comparison,Wald,-0.597837000755621,-0.555020307098751,-0.638148982044127,-0.471891632153375,0.0424125892578448,,,,,,,,,
187,phase_and_ascertainment,Aligned NB,large_scale_comparison,Wald,-0.597837000755621,-0.973737748041995,-1.23407571597486,-0.713399780109131,0.132825493843298,,,,,,,,,
188,phase_and_ascertainment,ITS,large_scale_comparison,Wald,-0.597837000755621,-0.548411284727742,-0.819639612970722,-0.277182956484761,0.13838180012397,,,,,,,,,
188,phase_and_ascertainment,GAM,large_scale_comparison,Wald,-0.597837000755621,-0.480712485347423,-0.573258587012496,-0.38816638368235,0.0472173988087107,,,,,,,,,
188,phase_and_ascertainment,Aligned NB,large_scale_comparison,Wald,-0.597837000755621,-0.558797218247287,-0.827541300549995,-0.29005313594458,0.137114327705463,,,,,,,,,
189,phase_and_ascertainment,ITS,large_scale_comparison,Wald,-0.597837000755621,-0.596664913575697,-0.859346046464583,-0.333983780686812,0.134020986167799,,,,,,,,,
189,phase_and_ascertainment,GAM,large_scale_comparison,Wald,-0.597837000755621,-0.580898211350547,-0.675823928550755,-0.48597249415034,0.0484314883674528,,,,,,,,,
189,phase_and_ascertainment,Aligned NB,large_scale_comparison,Wald,-0.597837000755621,-0.647959570210922,-0.901227434050792,-0.394691706371051,0.129218297877485,,,,,,,,,
190,phase_and_ascertainment,ITS,large_scale_comparison,Wald,-0.597837000755621,-0.865989812699506,-1.51894900999681,-0.213030615402199,0.333142447600667,,,,,,,,,
190,phase_and_ascertainment,GAM,large_scale_comparison,Wald,-0.597837000755621,-0.747269155429762,-0.866904604644203,-0.627633706215322,0.0610384944971635,,,,,,,,,
190,phase_and_ascertainment,Aligned NB,large_scale_comparison,Wald,-0.597837000755621,-0.888633456560739,-1.53318152994947,-0.24408538317201,0.328851057851392,,,,,,,,,
191,phase_and_ascertainment,ITS,large_scale_comparison,Wald,-0.597837000755621,-0.804757193210671,-1.10075009048721,-0.508764295934133,0.151016784324764,,,,,,,,,
191,phase_and_ascertainment,GAM,large_scale_comparison,Wald,-0.597837000755621,-0.424987406461463,-0.525430698315279,-0.324544114607647,0.0512465774764368,,,,,,,,,
191,phase_and_ascertainment,Aligned NB,large_scale_comparison,Wald,-0.597837000755621,-0.824528950822721,-1.11550502050218,-0.533552881143257,0.14845717840789,,,,,,,,,
192,phase_and_ascertainment,ITS,large_scale_comparison,Wald,-0.597837000755621,-0.688406986911655,-0.973272455375509,-0.403541518447801,0.145339524726456,,,,,,,,,
192,phase_and_ascertainment,GAM,large_scale_comparison,Wald,-0.597837000755621,-0.722350106661399,-0.804125268566272,-0.640574944756525,0.0417220213800374,,,,,,,,,
192,phase_and_ascertainment,Aligned NB,large_scale_comparison,Wald,-0.597837000755621,-0.714780953333,-0.995609651778978,-0.433952254887023,0.143279948186723,,,,,,,,,
193,phase_and_ascertainment,ITS,large_scale_comparison,Wald,-0.597837000755621,-0.684237190464359,-0.93082128739286,-0.437653093535858,0.125808212718623,,,,,,,,,
193,phase_and_ascertainment,GAM,large_scale_comparison,Wald,-0.597837000755621,-0.598760753082682,-0.671831804141313,-0.525689702024051,0.0372811484993015,,,,,,,,,
193,phase_and_ascertainment,Aligned NB,large_scale_comparison,Wald,-0.597837000755621,-0.69810313356983,-0.943363231545321,-0.452843035594339,0.12513270304872,,,,,,,,,
194,phase_and_ascertainment,ITS,large_scale_comparison,Wald,-0.597837000755621,-0.525607506406895,-0.860673323871829,-0.190541688941962,0.170951947686191,,,,,,,,,
194,phase_and_ascertainment,GAM,large_scale_comparison,Wald,-0.597837000755621,-0.734240445411061,-0.833780446808334,-0.634700444013788,0.0507857149986087,,,,,,,,,
194,phase_and_ascertainment,Aligned NB,large_scale_comparison,Wald,-0.597837000755621,-0.556095191061614,-0.886011270241832,-0.226179111881396,0.168324530193989,,,,,,,,,
195,phase_and_ascertainment,ITS,large_scale_comparison,Wald,-0.597837000755621,-0.496359479645185,-0.812357127798725,-0.180361831491645,0.161223289874255,,,,,,,,,
195,phase_and_ascertainment,GAM,large_scale_comparison,Wald,-0.597837000755621,-0.504524365125825,-0.576610344236426,-0.432438386015223,0.0367785607707151,,,,,,,,,
195,phase_and_ascertainment,Aligned NB,large_scale_comparison,Wald,-0.597837000755621,-0.492193402222937,-0.808206382661419,-0.176180421784454,0.161231112468613,,,,,,,,,
196,phase_and_ascertainment,ITS,large_scale_comparison,Wald,-0.597837000755621,-0.614306223256098,-0.913888856225845,-0.314723590286352,0.152848282127422,,,,,,,,,
196,phase_and_ascertainment,GAM,large_scale_comparison,Wald,-0.597837000755621,-0.416999096213519,-0.525898740254013,-0.308099452173025,0.0555610428778031,,,,,,,,,
196,phase_and_ascertainment,Aligned NB,large_scale_comparison,Wald,-0.597837000755621,-0.619133669628149,-0.91848264306976,-0.319784696186538,0.152729068082455,,,,,,,,,
197,phase_and_ascertainment,ITS,large_scale_comparison,Wald,-0.597837000755621,-0.93765109460332,-1.18290476126646,-0.692397427940176,0.12512942176691,,,,,,,,,
197,phase_and_ascertainment,GAM,large_scale_comparison,Wald,-0.597837000755621,-0.588041695762045,-0.677894729719801,-0.498188661804289,0.0458433846723244,,,,,,,,,
197,phase_and_ascertainment,Aligned NB,large_scale_comparison,Wald,-0.597837000755621,-0.977534989116839,-1.21920737632747,-0.735862601906205,0.123302238372773,,,,,,,,,
198,phase_and_ascertainment,ITS,large_scale_comparison,Wald,-0.597837000755621,-0.493866192136967,-0.8399425721774,-0.147789812096534,0.176569581653282,,,,,,,,,
198,phase_and_ascertainment,GAM,large_scale_comparison,Wald,-0.597837000755621,-0.4837335208944,-0.595686962944565,-0.371780078844234,0.057119103086819,,,,,,,,,
198,phase_and_ascertainment,Aligned NB,large_scale_comparison,Wald,-0.597837000755621,-0.534749101909382,-0.871789373122682,-0.197708830696082,0.171959322047602,,,,,,,,,
199,phase_and_ascertainment,ITS,large_scale_comparison,Wald,-0.597837000755621,-0.563526174704812,-0.841952824590983,-0.285099524818641,0.14205441320723,,,,,,,,,
199,phase_and_ascertainment,GAM,large_scale_comparison,Wald,-0.597837000755621,-0.480299401117855,-0.579113178698816,-0.381485623536893,0.0504151926433477,,,,,,,,,
199,phase_and_ascertainment,Aligned NB,large_scale_comparison,Wald,-0.597837000755621,-0.60235226840113,-0.879433659537833,-0.325270877264428,0.141368056702399,,,,,,,,,
200,phase_and_ascertainment,ITS,large_scale_comparison,Wald,-0.597837000755621,-1.06887335962805,-1.33202687047305,-0.805719848783051,0.134261995329082,,,,,,,,,
200,phase_and_ascertainment,GAM,large_scale_comparison,Wald,-0.597837000755621,-0.938451212950353,-1.04510672009623,-0.831795705804477,0.0544160750744268,,,,,,,,,
200,phase_and_ascertainment,Aligned NB,large_scale_comparison,Wald,-0.597837000755621,-1.08252354893132,-1.34492302372154,-0.820124074141109,0.133877283056232,,,,,,,,,
201,phase_and_ascertainment,ITS,large_scale_comparison,Wald,-0.597837000755621,-0.491913388542801,-1.17136201143447,0.18753523434887,0.346657460659016,,,,,,,,,
201,phase_and_ascertainment,GAM,large_scale_comparison,Wald,-0.597837000755621,-0.534247397136945,-0.651704368885218,-0.416790425388673,0.0599270264021799,,,,,,,,,
201,phase_and_ascertainment,Aligned NB,large_scale_comparison,Wald,-0.597837000755621,-0.529486604712569,-1.18317010282277,0.124196893397631,0.333511988831734,,,,,,,,,
202,phase_and_ascertainment,ITS,large_scale_comparison,Wald,-0.597837000755621,-0.601801278985073,-0.952129761449925,-0.251472796520221,0.178739021665741,,,,,,,,,
202,phase_and_ascertainment,GAM,large_scale_comparison,Wald,-0.597837000755621,-0.680270707217018,-0.767112082008684,-0.593429332425351,0.0443068238732993,,,,,,,,,
202,phase_and_ascertainment,Aligned NB,large_scale_comparison,Wald,-0.597837000755621,-0.614083868504299,-0.962505952293093,-0.265661784715505,0.177766369279997,,,,,,,,,
203,phase_and_ascertainment,ITS,large_scale_comparison,Wald,-0.597837000755621,-0.452790910461727,-0.808235689408587,-0.0973461315148667,0.181349377013704,,,,,,,,,
203,phase_and_ascertainment,GAM,large_scale_comparison,Wald,-0.597837000755621,-0.726636207371971,-0.83347087987077,-0.619801534873173,0.0545074859687749,,,,,,,,,
203,phase_and_ascertainment,Aligned NB,large_scale_comparison,Wald,-0.597837000755621,-0.508640145659277,-0.85664249919878,-0.160637792119774,0.177552221193624,,,,,,,,,
204,phase_and_ascertainment,ITS,large_scale_comparison,Wald,-0.597837000755621,-0.985248731706849,-1.2411561820562,-0.729341281357494,0.130565025688446,,,,,,,,,
204,phase_and_ascertainment,GAM,large_scale_comparison,Wald,-0.597837000755621,-0.600477494225479,-0.707056351291983,-0.493898637158975,0.0543769678910735,,,,,,,,,
204,phase_and_ascertainment,Aligned NB,large_scale_comparison,Wald,-0.597837000755621,-0.999348675349728,-1.25411943265982,-0.744577918039637,0.129985080260251,,,,,,,,,
205,phase_and_ascertainment,ITS,large_scale_comparison,Wald,-0.597837000755621,-1.02778917466694,-1.34645016778225,-0.709128181551628,0.162582139344547,,,,,,,,,
205,phase_and_ascertainment,GAM,large_scale_comparison,Wald,-0.597837000755621,-0.478136518481814,-0.589334948826019,-0.36693808813761,0.0567338930327574,,,,,,,,,
205,phase_and_ascertainment,Aligned NB,large_scale_comparison,Wald,-0.597837000755621,-1.07684094558932,-1.39062881869628,-0.763053072482355,0.160095853626,,,,,,,,,
206,phase_and_ascertainment,ITS,large_scale_comparison,Wald,-0.597837000755621,-0.723386849766247,-1.03394938857239,-0.412824310960108,0.158450274901091,,,,,,,,,
206,phase_and_ascertainment,GAM,large_scale_comparison,Wald,-0.597837000755621,-0.839894657014983,-0.920309542908775,-0.75947977112119,0.0410280030070369,,,,,,,,,
206,phase_and_ascertainment,Aligned NB,large_scale_comparison,Wald,-0.597837000755621,-0.798237338662596,-1.1029009045621,-0.493573772763094,0.155440594846685,,,,,,,,,
207,phase_and_ascertainment,ITS,large_scale_comparison,Wald,-0.597837000755621,-0.141929829920404,-0.611193724547362,0.327334064706554,0.239420354401509,,,,,,,,,
207,phase_and_ascertainment,GAM,large_scale_comparison,Wald,-0.597837000755621,-0.82686282359898,-0.909762296961823,-0.743963350236138,0.0422956496749197,,,,,,,,,
207,phase_and_ascertainment,Aligned NB,large_scale_comparison,Wald,-0.597837000755621,-0.161844301678602,-0.628121201955786,0.304432598598583,0.237896377692441,,,,,,,,,
208,phase_and_ascertainment,ITS,large_scale_comparison,Wald,-0.597837000755621,-0.694349902339454,-1.00532061498938,-0.383379189689523,0.15865852686221,,,,,,,,,
208,phase_and_ascertainment,GAM,large_scale_comparison,Wald,-0.597837000755621,-0.625903576882249,-0.737526809254245,-0.514280344510253,0.0569506287612226,,,,,,,,,
208,phase_and_ascertainment,Aligned NB,large_scale_comparison,Wald,-0.597837000755621,-0.71831292654953,-1.02535970906653,-0.411266144032531,0.156656521692347,,,,,,,,,
209,phase_and_ascertainment,ITS,large_scale_comparison,Wald,-0.597837000755621,-0.533023904454951,-0.825226906634138,-0.240820902275764,0.149083164377136,,,,,,,,,
209,phase_and_ascertainment,GAM,large_scale_comparison,Wald,-0.597837000755621,-0.799041299268479,-0.914209446671226,-0.683873151865731,0.0587592588789526,,,,,,,,,
209,phase_and_ascertainment,Aligned NB,large_scale_comparison,Wald,-0.597837000755621,-0.544505672736107,-0.831907473547594,-0.25710387192462,0.146633571842595,,,,,,,,,
210,phase_and_ascertainment,ITS,large_scale_comparison,Wald,-0.597837000755621,-0.494913986111445,-0.725636087976651,-0.264191884246239,0.117715358094493,,,,,,,,,
210,phase_and_ascertainment,GAM,large_scale_comparison,Wald,-0.597837000755621,-0.740918462449008,-0.818943413853656,-0.662893511044359,0.039808648675841,,,,,,,,,
210,phase_and_ascertainment,Aligned NB,large_scale_comparison,Wald,-0.597837000755621,-0.501561819383885,-0.730348779662864,-0.272774859104905,0.116728040958663,,,,,,,,,
211,phase_and_ascertainment,ITS,large_scale_comparison,Wald,-0.597837000755621,-0.666019945565752,-0.935278185307878,-0.396761705823627,0.137376652929656,,,,,,,,,
211,phase_and_ascertainment,GAM,large_scale_comparison,Wald,-0.597837000755621,-0.572710835306588,-0.677724715880304,-0.467696954732872,0.0535785104967939,,,,,,,,,
211,phase_and_ascertainment,Aligned NB,large_scale_comparison,Wald,-0.597837000755621,-0.742869088119955,-1.00346357802159,-0.482274598218316,0.132956372398795,,,,,,,,,
212,phase_and_ascertainment,ITS,large_scale_comparison,Wald,-0.597837000755621,-0.402787227766541,-0.687942331347153,-0.11763212418593,0.14548729774521,,,,,,,,,
212,phase_and_ascertainment,GAM,large_scale_comparison,Wald,-0.597837000755621,-0.591149103465296,-0.697372921093895,-0.484925285836698,0.0541958253207135,,,,,,,,,
212,phase_and_ascertainment,Aligned NB,large_scale_comparison,Wald,-0.597837000755621,-0.437793870106071,-0.715546280432749,-0.160041459779393,0.141710413431979,,,,,,,,,
213,phase_and_ascertainment,ITS,large_scale_comparison,Wald,-0.597837000755621,-0.934934700290442,-1.14337206978195,-0.726497330798931,0.106345596679342,,,,,,,,,
213,phase_and_ascertainment,GAM,large_scale_comparison,Wald,-0.597837000755621,-0.572956981080566,-0.644871874783905,-0.501042087377226,0.0366912722976224,,,,,,,,,
213,phase_and_ascertainment,Aligned NB,large_scale_comparison,Wald,-0.597837000755621,-1.01880998704957,-1.2201583905307,-0.817461583568437,0.102728777286291,,,,,,,,,
214,phase_and_ascertainment,ITS,large_scale_comparison,Wald,-0.597837000755621,-0.695085949698774,-0.928146878292037,-0.462025021105511,0.118908637037379,,,,,,,,,
214,phase_and_ascertainment,GAM,large_scale_comparison,Wald,-0.597837000755621,-0.61520516550723,-0.694183187185931,-0.536227143828528,0.0402949090197455,,,,,,,,,
214,phase_and_ascertainment,Aligned NB,large_scale_comparison,Wald,-0.597837000755621,-0.708162780975599,-0.940353512126518,-0.475972049824681,0.118464658750468,,,,,,,,,
215,phase_and_ascertainment,ITS,large_scale_comparison,Wald,-0.597837000755621,-0.698408902863941,-0.970743852422217,-0.426073953305664,0.138946402835855,,,,,,,,,
215,phase_and_ascertainment,GAM,large_scale_comparison,Wald,-0.597837000755621,-0.817917082832995,-0.929275212721769,-0.70655895294422,0.056815372392232,,,,,,,,,
215,phase_and_ascertainment,Aligned NB,large_scale_comparison,Wald,-0.597837000755621,-0.712271378469887,-0.981217078662737,-0.443325678277037,0.137217193975944,,,,,,,,,
216,phase_and_ascertainment,ITS,large_scale_comparison,Wald,-0.597837000755621,-0.784847699797849,-1.01918527101834,-0.550510128577357,0.119559985316578,,,,,,,,,
216,phase_and_ascertainment,GAM,large_scale_comparison,Wald,-0.597837000755621,-0.578669579026891,-0.659111779688541,-0.49822737836524,0.0410419391130869,,,,,,,,,
216,phase_and_ascertainment,Aligned NB,large_scale_comparison,Wald,-0.597837000755621,-0.789708139881619,-1.02398411344347,-0.555432166319768,0.11952855793972,,,,,,,,,
217,phase_and_ascertainment,ITS,large_scale_comparison,Wald,-0.597837000755621,-0.390635950920603,-0.588734170559575,-0.192537731281632,0.101070520223965,,,,,,,,,
217,phase_and_ascertainment,GAM,large_scale_comparison,Wald,-0.597837000755621,-0.331612169434223,-0.431285628931461,-0.231938709936986,0.0508538058659376,,,,,,,,,
217,phase_and_ascertainment,Aligned NB,large_scale_comparison,Wald,-0.597837000755621,-0.395653116986316,-0.591414398531385,-0.199891835441248,0.099878204869933,,,,,,,,,
218,phase_and_ascertainment,ITS,large_scale_comparison,Wald,-0.597837000755621,-0.892647387156067,-1.29825197020846,-0.487042804103678,0.206941113802239,,,,,,,,,
218,phase_and_ascertainment,GAM,large_scale_comparison,Wald,-0.597837000755621,-0.484059004432534,-0.591438568335982,-0.376679440529085,0.0547854917874736,,,,,,,,,
218,phase_and_ascertainment,Aligned NB,large_scale_comparison,Wald,-0.597837000755621,-0.884969670033763,-1.27774934228131,-0.492189997786211,0.200397791963037,,,,,,,,,
219,phase_and_ascertainment,ITS,large_scale_comparison,Wald,-0.597837000755621,-0.956440752972112,-1.44216952944488,-0.470711976499346,0.24782080432284,,,,,,,,,
219,phase_and_ascertainment,GAM,large_scale_comparison,Wald,-0.597837000755621,-0.713684042158618,-0.803517245069333,-0.623850839247903,0.0458332667911812,,,,,,,,,
219,phase_and_ascertainment,Aligned NB,large_scale_comparison,Wald,-0.597837000755621,-1.01872595014071,-1.5000965192579,-0.537355381023515,0.245597229141426,,,,,,,,,
220,phase_and_ascertainment,ITS,large_scale_comparison,Wald,-0.597837000755621,-0.943928487275974,-1.24886438890079,-0.638992585651153,0.155579541645317,,,,,,,,,
220,phase_and_ascertainment,GAM,large_scale_comparison,Wald,-0.597837000755621,-0.563519992010373,-0.641285956154134,-0.485754027866611,0.0396765123182457,,,,,,,,,
220,phase_and_ascertainment,Aligned NB,large_scale_comparison,Wald,-0.597837000755621,-0.969128012837856,-1.26997261185437,-0.668283413821345,0.153492142355363,,,,,,,,,
221,phase_and_ascertainment,ITS,large_scale_comparison,Wald,-0.597837000755621,-0.298920926220907,-0.582379933688824,-0.0154619187529891,0.144621942585672,,,,,,,,,
221,phase_and_ascertainment,GAM,large_scale_comparison,Wald,-0.597837000755621,-0.200847513693772,-0.313835974807763,-0.0878590525797817,0.0576471740377502,,,,,,,,,
221,phase_and_ascertainment,Aligned NB,large_scale_comparison,Wald,-0.597837000755621,-0.320177137588472,-0.599886875429645,-0.0404673997472995,0.142709049918966,,,,,,,,,
222,phase_and_ascertainment,ITS,large_scale_comparison,Wald,-0.597837000755621,-0.462793319933311,-0.767305551296566,-0.158281088570057,0.155363383348599,,,,,,,,,
222,phase_and_ascertainment,GAM,large_scale_comparison,Wald,-0.597837000755621,-0.601062623582118,-0.707505279270042,-0.494619967894194,0.0543074773917979,,,,,,,,,
222,phase_and_ascertainment,Aligned NB,large_scale_comparison,Wald,-0.597837000755621,-0.452776355119742,-0.756562537511668,-0.148990172727817,0.154992950199962,,,,,,,,,
223,phase_and_ascertainment,ITS,large_scale_comparison,Wald,-0.597837000755621,-0.68884873604333,-1.15053950057578,-0.227157971510881,0.235556512516555,,,,,,,,,
223,phase_and_ascertainment,GAM,large_scale_comparison,Wald,-0.597837000755621,-0.505747110856064,-0.581470226212809,-0.43002399549932,0.0386342425289512,,,,,,,,,
223,phase_and_ascertainment,Aligned NB,large_scale_comparison,Wald,-0.597837000755621,-0.759321405787261,-1.20506018041992,-0.313582631154597,0.227417742159522,,,,,,,,,
224,phase_and_ascertainment,ITS,large_scale_comparison,Wald,-0.597837000755621,-0.501548992323044,-0.781418281911453,-0.221679702734635,0.142790453871637,,,,,,,,,
224,phase_and_ascertainment,GAM,large_scale_comparison,Wald,-0.597837000755621,-0.815040901418258,-0.923070979787322,-0.707010823049193,0.0551173869229922,,,,,,,,,
224,phase_and_ascertainment,Aligned NB,large_scale_comparison,Wald,-0.597837000755621,-0.519562230782242,-0.796929705400582,-0.242194756163901,0.141514017662419,,,,,,,,,
225,phase_and_ascertainment,ITS,large_scale_comparison,Wald,-0.597837000755621,-0.805026893475443,-1.14900419758321,-0.461049589367677,0.175498624544779,,,,,,,,,
225,phase_and_ascertainment,GAM,large_scale_comparison,Wald,-0.597837000755621,-0.715773236682255,-0.821506765776691,-0.61003970758782,0.0539456781094058,,,,,,,,,
225,phase_and_ascertainment,Aligned NB,large_scale_comparison,Wald,-0.597837000755621,-0.832984266684888,-1.17521369171327,-0.490754841656507,0.174606849504276,,,,,,,,,
226,phase_and_ascertainment,ITS,large_scale_comparison,Wald,-0.597837000755621,-0.703445484878963,-1.04876578009838,-0.358125189659543,0.176183824091541,,,,,,,,,
226,phase_and_ascertainment,GAM,large_scale_comparison,Wald,-0.597837000755621,-0.622546235990416,-0.721280743015497,-0.523811728965335,0.050374748482184,,,,,,,,,
226,phase_and_ascertainment,Aligned NB,large_scale_comparison,Wald,-0.597837000755621,-0.730071680933419,-1.07295481179921,-0.387188550067625,0.174940372890711,,,,,,,,,
227,phase_and_ascertainment,ITS,large_scale_comparison,Wald,-0.597837000755621,-0.872038027674536,-1.15698386844828,-0.587092186900791,0.145380531007013,,,,,,,,,
227,phase_and_ascertainment,GAM,large_scale_comparison,Wald,-0.597837000755621,-0.510314659380686,-0.582753732018282,-0.43787558674309,0.0369587105293857,,,,,,,,,
227,phase_and_ascertainment,Aligned NB,large_scale_comparison,Wald,-0.597837000755621,-0.916860155629478,-1.19779157563799,-0.635928735620967,0.143332357147199,,,,,,,,,
228,phase_and_ascertainment,ITS,large_scale_comparison,Wald,-0.597837000755621,-0.740198718403213,-0.951186143823364,-0.529211292983061,0.107646645622526,,,,,,,,,
228,phase_and_ascertainment,GAM,large_scale_comparison,Wald,-0.597837000755621,-0.631641790597877,-0.712536243148694,-0.55074733804706,0.0412726798728658,,,,,,,,,
228,phase_and_ascertainment,Aligned NB,large_scale_comparison,Wald,-0.597837000755621,-0.775356280293797,-0.984160569640231,-0.566551990947364,0.106532800686956,,,,,,,,,
229,phase_and_ascertainment,ITS,large_scale_comparison,Wald,-0.597837000755621,-1.00497112627468,-1.32903650141131,-0.680905751138048,0.165339477110526,,,,,,,,,
229,phase_and_ascertainment,GAM,large_scale_comparison,Wald,-0.597837000755621,-1.00088180261138,-1.12307186881698,-0.878691736405788,0.062341870513058,,,,,,,,,
229,phase_and_ascertainment,Aligned NB,large_scale_comparison,Wald,-0.597837000755621,-1.01741039954898,-1.34005378915081,-0.694767009947147,0.164613974286648,,,,,,,,,
230,phase_and_ascertainment,ITS,large_scale_comparison,Wald,-0.597837000755621,-0.608762923558414,-0.88392373846707,-0.333602108649758,0.140388170871763,,,,,,,,,
230,phase_and_ascertainment,GAM,large_scale_comparison,Wald,-0.597837000755621,-0.42875531106701,-0.520940024190201,-0.336570597943818,0.0470330168995874,,,,,,,,,
230,phase_and_ascertainment,Aligned NB,large_scale_comparison,Wald,-0.597837000755621,-0.659012302816871,-0.928288086690608,-0.389736518943133,0.137385604017213,,,,,,,,,
231,phase_and_ascertainment,ITS,large_scale_comparison,Wald,-0.597837000755621,-0.54917022003425,-0.811189407064424,-0.287151033004075,0.133683258688865,,,,,,,,,
231,phase_and_ascertainment,GAM,large_scale_comparison,Wald,-0.597837000755621,-0.723553923344305,-0.827337685803003,-0.619770160885607,0.0529508992136213,,,,,,,,,
231,phase_and_ascertainment,Aligned NB,large_scale_comparison,Wald,-0.597837000755621,-0.564673607445269,-0.824359020454388,-0.304988194436151,0.132492557657714,,,,,,,,,
232,phase_and_ascertainment,ITS,large_scale_comparison,Wald,-0.597837000755621,-0.937284888675733,-1.21019914896252,-0.664370628388946,0.139241969534075,,,,,,,,,
232,phase_and_ascertainment,GAM,large_scale_comparison,Wald,-0.597837000755621,-0.932823962559756,-1.01628310875432,-0.849364816365193,0.0425811970380426,,,,,,,,,
232,phase_and_ascertainment,Aligned NB,large_scale_comparison,Wald,-0.597837000755621,-0.991808519597761,-1.25925628397742,-0.724360755218102,0.13645294101003,,,,,,,,,
233,phase_and_ascertainment,ITS,large_scale_comparison,Wald,-0.597837000755621,-0.889914289324087,-1.28765711992934,-0.492171458718831,0.202930015614927,,,,,,,,,
233,phase_and_ascertainment,GAM,large_scale_comparison,Wald,-0.597837000755621,-0.769177808372984,-0.882237108420074,-0.656118508325894,0.0576833163505561,,,,,,,,,
233,phase_and_ascertainment,Aligned NB,large_scale_comparison,Wald,-0.597837000755621,-0.891901403972332,-1.28891655641632,-0.494886251528341,0.202558751246934,,,,,,,,,
234,phase_and_ascertainment,ITS,large_scale_comparison,Wald,-0.597837000755621,-0.576813256276181,-1.05488314641341,-0.0987433661389489,0.24391320925369,,,,,,,,,
234,phase_and_ascertainment,GAM,large_scale_comparison,Wald,-0.597837000755621,-0.581645755470386,-0.679958899171894,-0.483332611768877,0.0501597671946472,,,,,,,,,
234,phase_and_ascertainment,Aligned NB,large_scale_comparison,Wald,-0.597837000755621,-0.638591538071452,-1.10376831412176,-0.173414762021143,0.237335089821586,,,,,,,,,
235,phase_and_ascertainment,ITS,large_scale_comparison,Wald,-0.597837000755621,-0.746364980535079,-1.10754651644032,-0.385183444629841,0.184276293829203,,,,,,,,,
235,phase_and_ascertainment,GAM,large_scale_comparison,Wald,-0.597837000755621,-0.685800125740725,-0.796088557057597,-0.575511694423853,0.0562696078147305,,,,,,,,,
235,phase_and_ascertainment,Aligned NB,large_scale_comparison,Wald,-0.597837000755621,-0.772940400896306,-1.13252968463314,-0.413351117159469,0.183463920273896,,,,,,,,,
236,phase_and_ascertainment,ITS,large_scale_comparison,Wald,-0.597837000755621,-0.666158813555676,-0.872466663845446,-0.459850963265906,0.105259107290699,,,,,,,,,
236,phase_and_ascertainment,GAM,large_scale_comparison,Wald,-0.597837000755621,-0.712882144391692,-0.820537794429754,-0.60522649435363,0.0549263520602357,,,,,,,,,
236,phase_and_ascertainment,Aligned NB,large_scale_comparison,Wald,-0.597837000755621,-0.69864419800982,-0.89997248542708,-0.49731591059256,0.102718513988398,,,,,,,,,
237,phase_and_ascertainment,ITS,large_scale_comparison,Wald,-0.597837000755621,-0.375265647429825,-0.785993929972307,0.0354626351126562,0.209555246195144,,,,,,,,,
237,phase_and_ascertainment,GAM,large_scale_comparison,Wald,-0.597837000755621,-0.596965968651469,-0.724338371520736,-0.469593565782202,0.0649859198312587,,,,,,,,,
237,phase_and_ascertainment,Aligned NB,large_scale_comparison,Wald,-0.597837000755621,-0.395416715353203,-0.796460319087863,0.00562688838145697,0.204614083538092,,,,,,,,,
238,phase_and_ascertainment,ITS,large_scale_comparison,Wald,-0.597837000755621,-0.673039807598884,-0.95895723463361,-0.387122380564158,0.145876238283023,,,,,,,,,
238,phase_and_ascertainment,GAM,large_scale_comparison,Wald,-0.597837000755621,-0.707216246728511,-0.815786244919486,-0.598646248537536,0.0553928562198852,,,,,,,,,
238,phase_and_ascertainment,Aligned NB,large_scale_comparison,Wald,-0.597837000755621,-0.725504506701111,-1.00612424749803,-0.444884765904189,0.143173337141287,,,,,,,,,
239,phase_and_ascertainment,ITS,large_scale_comparison,Wald,-0.597837000755621,-0.827996598553629,-1.07788892244182,-0.578104274665441,0.127496083616423,,,,,,,,,
239,phase_and_ascertainment,GAM,large_scale_comparison,Wald,-0.597837000755621,-0.799962011533228,-0.90401678223207,-0.695907240834386,0.0530891687238989,,,,,,,,,
239,phase_and_ascertainment,Aligned NB,large_scale_comparison,Wald,-0.597837000755621,-0.849386968340689,-1.09848868659308,-0.600285250088295,0.127092713394079,,,,,,,,,
240,phase_and_ascertainment,ITS,large_scale_comparison,Wald,-0.597837000755621,-0.465213148710668,-0.690040158265109,-0.240386139156227,0.114707657935939,,,,,,,,,
240,phase_and_ascertainment,GAM,large_scale_comparison,Wald,-0.597837000755621,-0.569780868388964,-0.673245544425006,-0.466316192352921,0.0527881000183891,,,,,,,,,
240,phase_and_ascertainment,Aligned NB,large_scale_comparison,Wald,-0.597837000755621,-0.493761255458319,-0.716438570386398,-0.27108394053024,0.113610874963306,,,,,,,,,
241,phase_and_ascertainment,ITS,large_scale_comparison,Wald,-0.597837000755621,-0.627352146763131,-0.832385613886597,-0.422318679639665,0.104608911797687,,,,,,,,,
241,phase_and_ascertainment,GAM,large_scale_comparison,Wald,-0.597837000755621,-0.606118387524818,-0.69990570019009,-0.512331074859545,0.0478506697271798,,,,,,,,,
241,phase_and_ascertainment,Aligned NB,large_scale_comparison,Wald,-0.597837000755621,-0.685815223731724,-0.884888157721279,-0.486742289742169,0.101567823464059,,,,,,,,,
242,phase_and_ascertainment,ITS,large_scale_comparison,Wald,-0.597837000755621,-0.6668568134439,-0.831721402523895,-0.501992224363905,0.0841145862653036,,,,,,,,,
242,phase_and_ascertainment,GAM,large_scale_comparison,Wald,-0.597837000755621,-0.537477427874158,-0.619760390732713,-0.455194465015603,0.0419811034992626,,,,,,,,,
242,phase_and_ascertainment,Aligned NB,large_scale_comparison,Wald,-0.597837000755621,-0.720322207361846,-0.880398773417492,-0.560245641306201,0.0816717173753293,,,,,,,,,
243,phase_and_ascertainment,ITS,large_scale_comparison,Wald,-0.597837000755621,-1.03517379657262,-1.27647304802673,-0.793874545118498,0.123111862986795,,,,,,,,,
243,phase_and_ascertainment,GAM,large_scale_comparison,Wald,-0.597837000755621,-0.581328433297051,-0.680880671045452,-0.48177619554865,0.0507919580348984,,,,,,,,,
243,phase_and_ascertainment,Aligned NB,large_scale_comparison,Wald,-0.597837000755621,-1.04933951557437,-1.29014881420692,-0.808530216941813,0.122861887057425,,,,,,,,,
244,phase_and_ascertainment,ITS,large_scale_comparison,Wald,-0.597837000755621,-0.864366335021175,-1.26988309163424,-0.458849578408107,0.206896304394422,,,,,,,,,
244,phase_and_ascertainment,GAM,large_scale_comparison,Wald,-0.597837000755621,-0.40260670576945,-0.524060785872252,-0.281152625666648,0.0619663673993888,,,,,,,,,
244,phase_and_ascertainment,Aligned NB,large_scale_comparison,Wald,-0.597837000755621,-0.927224419623623,-1.32335913299255,-0.531089706254699,0.202109547637206,,,,,,,,,
245,phase_and_ascertainment,ITS,large_scale_comparison,Wald,-0.597837000755621,-1.00807213996682,-1.33660139810192,-0.679542881831728,0.167616968436273,,,,,,,,,
245,phase_and_ascertainment,GAM,large_scale_comparison,Wald,-0.597837000755621,-0.633837576292462,-0.744381065206363,-0.523294087378561,0.0563997392417863,,,,,,,,,
245,phase_and_ascertainment,Aligned NB,large_scale_comparison,Wald,-0.597837000755621,-1.01139571532042,-1.33955424094055,-0.683237189700282,0.167427819193946,,,,,,,,,
246,phase_and_ascertainment,ITS,large_scale_comparison,Wald,-0.597837000755621,-0.689792407821372,-0.89835349098114,-0.481231324661604,0.106408715897841,,,,,,,,,
246,phase_and_ascertainment,GAM,large_scale_comparison,Wald,-0.597837000755621,-0.573823463298736,-0.63797588457979,-0.509671042017682,0.0327308271842113,,,,,,,,,
246,phase_and_ascertainment,Aligned NB,large_scale_comparison,Wald,-0.597837000755621,-0.770794376263151,-0.973146244587232,-0.56844250793907,0.103240749144939,,,,,,,,,
247,phase_and_ascertainment,ITS,large_scale_comparison,Wald,-0.597837000755621,-0.400978659712403,-0.715986430521257,-0.0859708889035483,0.160718250412681,,,,,,,,,
247,phase_and_ascertainment,GAM,large_scale_comparison,Wald,-0.597837000755621,-0.731660289265498,-0.831061538339674,-0.632259040191322,0.0507149229970284,,,,,,,,,
247,phase_and_ascertainment,Aligned NB,large_scale_comparison,Wald,-0.597837000755621,-0.416208058571996,-0.728536262006154,-0.103879855137839,0.159351124201101,,,,,,,,,
248,phase_and_ascertainment,ITS,large_scale_comparison,Wald,-0.597837000755621,-1.06619183519213,-1.48678670399239,-0.645596966391874,0.214589218775641,,,,,,,,,
248,phase_and_ascertainment,GAM,large_scale_comparison,Wald,-0.597837000755621,-1.00904501187965,-1.13371578073009,-0.88437424302921,0.0636075351277751,,,,,,,,,
248,phase_and_ascertainment,Aligned NB,large_scale_comparison,Wald,-0.597837000755621,-1.11185657464371,-1.52940470086718,-0.694308448420235,0.213034758277282,,,,,,,,,
249,phase_and_ascertainment,ITS,large_scale_comparison,Wald,-0.597837000755621,-0.590465056394915,-0.881255293753725,-0.299674819036105,0.148362365999393,,,,,,,,,
249,phase_and_ascertainment,GAM,large_scale_comparison,Wald,-0.597837000755621,-0.574461629835429,-0.64746667775958,-0.501456581911279,0.0372474734306892,,,,,,,,,
249,phase_and_ascertainment,Aligned NB,large_scale_comparison,Wald,-0.597837000755621,-0.6163321481772,-0.902506847041252,-0.330157449313148,0.146007499420435,,,,,,,,,
250,phase_and_ascertainment,ITS,large_scale_comparison,Wald,-0.597837000755621,-0.366988194577274,-0.664239340320198,-0.0697370488343505,0.151658747828022,,,,,,,,,
250,phase_and_ascertainment,GAM,large_scale_comparison,Wald,-0.597837000755621,-0.417235673893232,-0.524152009283981,-0.310319338502484,0.0545491507095654,,,,,,,,,
250,phase_and_ascertainment,Aligned NB,large_scale_comparison,Wald,-0.597837000755621,-0.373766409283267,-0.668962430716035,-0.0785703878505,0.150610215016718,,,,,,,,,
251,phase_and_ascertainment,ITS,large_scale_comparison,Wald,-0.597837000755621,-0.87619011521607,-1.2901865032731,-0.462193727159039,0.211222646967873,,,,,,,,,
251,phase_and_ascertainment,GAM,large_scale_comparison,Wald,-0.597837000755621,-1.07746002974252,-1.21059519169944,-0.944324867785599,0.0679261030392439,,,,,,,,,
251,phase_and_ascertainment,Aligned NB,large_scale_comparison,Wald,-0.597837000755621,-0.892252482510646,-1.30390248047492,-0.480602484546368,0.210025509165448,,,,,,,,,
252,phase_and_ascertainment,ITS,large_scale_comparison,Wald,-0.597837000755621,-0.724032569629529,-1.00109238906569,-0.446972750193369,0.141357050732735,,,,,,,,,
252,phase_and_ascertainment,GAM,large_scale_comparison,Wald,-0.597837000755621,-0.566774035078761,-0.664698667833292,-0.468849402324229,0.0499615473237406,,,,,,,,,
252,phase_and_ascertainment,Aligned NB,large_scale_comparison,Wald,-0.597837000755621,-0.767825828607493,-1.039649275006,-0.496002382208989,0.138685431835971,,,,,,,,,
253,phase_and_ascertainment,ITS,large_scale_comparison,Wald,-0.597837000755621,-0.768797321084705,-1.15573899061253,-0.381855651556876,0.197419219146852,,,,,,,,,
253,phase_and_ascertainment,GAM,large_scale_comparison,Wald,-0.597837000755621,-0.914648366199111,-1.03696996810041,-0.79232676429781,0.062408980561888,,,,,,,,,
253,phase_and_ascertainment,Aligned NB,large_scale_comparison,Wald,-0.597837000755621,-0.817129262664476,-1.19501984373757,-0.439238681591383,0.192801316874027,,,,,,,,,
254,phase_and_ascertainment,ITS,large_scale_comparison,Wald,-0.597837000755621,-0.645292911435596,-0.836926524576538,-0.453659298294653,0.0977722516025218,,,,,,,,,
254,phase_and_ascertainment,GAM,large_scale_comparison,Wald,-0.597837000755621,-0.724833159582548,-0.828699652951273,-0.620966666213823,0.0529931088615944,,,,,,,,,
254,phase_and_ascertainment,Aligned NB,large_scale_comparison,Wald,-0.597837000755621,-0.696096901617573,-0.883264994102442,-0.508928809132704,0.0954939247371779,,,,,,,,,
255,phase_and_ascertainment,ITS,large_scale_comparison,Wald,-0.597837000755621,-0.614049080734609,-0.973385285449841,-0.254712876019377,0.183334798324098,,,,,,,,,
255,phase_and_ascertainment,GAM,large_scale_comparison,Wald,-0.597837000755621,-0.718712729095112,-0.803554350045694,-0.633871108144531,0.0432865413013172,,,,,,,,,
255,phase_and_ascertainment,Aligned NB,large_scale_comparison,Wald,-0.597837000755621,-0.622243630553101,-0.978142489870381,-0.26634477123582,0.181581050672082,,,,,,,,,
256,phase_and_ascertainment,ITS,large_scale_comparison,Wald,-0.597837000755621,-0.747372373483518,-1.0343589089055,-0.460385838061539,0.146421701745908,,,,,,,,,
256,phase_and_ascertainment,GAM,large_scale_comparison,Wald,-0.597837000755621,-0.632951545688159,-0.70140675539039,-0.564496335985929,0.0349261273990974,,,,,,,,,
256,phase_and_ascertainment,Aligned NB,large_scale_comparison,Wald,-0.597837000755621,-0.766767713451584,-1.05048133912172,-0.483054087781451,0.144751849831701,,,,,,,,,
257,phase_and_ascertainment,ITS,large_scale_comparison,Wald,-0.597837000755621,-0.723899241732084,-1.10205199549166,-0.345746487972505,0.192935078448765,,,,,,,,,
257,phase_and_ascertainment,GAM,large_scale_comparison,Wald,-0.597837000755621,-0.308600157380222,-0.417351976237143,-0.199848338523301,0.055485621865776,,,,,,,,,
257,phase_and_ascertainment,Aligned NB,large_scale_comparison,Wald,-0.597837000755621,-0.728892544554132,-1.09575698491675,-0.362028104191513,0.187175734878887,,,,,,,,,
258,phase_and_ascertainment,ITS,large_scale_comparison,Wald,-0.597837000755621,-0.908826468631549,-1.20948745513753,-0.608165482125567,0.153398462503052,,,,,,,,,
258,phase_and_ascertainment,GAM,large_scale_comparison,Wald,-0.597837000755621,-0.616961785906009,-0.727095880227923,-0.506827691584094,0.0561908644499563,,,,,,,,,
258,phase_and_ascertainment,Aligned NB,large_scale_comparison,Wald,-0.597837000755621,-0.948749533922294,-1.24449765455177,-0.653001413292814,0.150891898280347,,,,,,,,,
259,phase_and_ascertainment,ITS,large_scale_comparison,Wald,-0.597837000755621,-0.700408297863985,-1.02137407363423,-0.379442522093742,0.163758048862369,,,,,,,,,
259,phase_and_ascertainment,GAM,large_scale_comparison,Wald,-0.597837000755621,-0.795956314478888,-0.917754378593434,-0.674158250364341,0.0621418694461973,,,,,,,,,
259,phase_and_ascertainment,Aligned NB,large_scale_comparison,Wald,-0.597837000755621,-0.709034249775051,-1.02769789706147,-0.390370602488633,0.162583493513478,,,,,,,,,
260,phase_and_ascertainment,ITS,large_scale_comparison,Wald,-0.597837000755621,-0.738980127106526,-1.04753109945694,-0.430429154756113,0.157423965484905,,,,,,,,,
260,phase_and_ascertainment,GAM,large_scale_comparison,Wald,-0.597837000755621,-0.758963241796175,-0.840479688587116,-0.677446795005234,0.0415900238729291,,,,,,,,,
260,phase_and_ascertainment,Aligned NB,large_scale_comparison,Wald,-0.597837000755621,-0.762055825493135,-1.06648168438114,-0.45762996660513,0.155319315759186,,,,,,,,,
261,phase_and_ascertainment,ITS,large_scale_comparison,Wald,-0.597837000755621,-0.549281885759371,-0.74046163055503,-0.358102140963711,0.0975406861202343,,,,,,,,,
261,phase_and_ascertainment,GAM,large_scale_comparison,Wald,-0.597837000755621,-0.420814433467494,-0.515535366079834,-0.326093500855155,0.0483270064348671,,,,,,,,,
261,phase_and_ascertainment,Aligned NB,large_scale_comparison,Wald,-0.597837000755621,-0.58482307552954,-0.772842964340471,-0.396803186718608,0.095928514699455,,,,,,,,,
262,phase_and_ascertainment,ITS,large_scale_comparison,Wald,-0.597837000755621,-0.538852976859091,-0.955277535809177,-0.122428417909006,0.212461509668411,,,,,,,,,
262,phase_and_ascertainment,GAM,large_scale_comparison,Wald,-0.597837000755621,-0.846559736832322,-0.932348792396902,-0.760770681267741,0.0437699263084594,,,,,,,,,
262,phase_and_ascertainment,Aligned NB,large_scale_comparison,Wald,-0.597837000755621,-0.554038041198156,-0.968884165319726,-0.139191917076587,0.211656185776311,,,,,,,,,
263,phase_and_ascertainment,ITS,large_scale_comparison,Wald,-0.597837000755621,-0.891766563588611,-1.18765215811469,-0.595880969062536,0.150962038023508,,,,,,,,,
263,phase_and_ascertainment,GAM,large_scale_comparison,Wald,-0.597837000755621,-0.946794310746417,-1.05182228459683,-0.841766336896001,0.0535857009440899,,,,,,,,,
263,phase_and_ascertainment,Aligned NB,large_scale_comparison,Wald,-0.597837000755621,-1.01348350762277,-1.30628456667879,-0.720682448566752,0.149388295436744,,,,,,,,,
264,phase_and_ascertainment,ITS,large_scale_comparison,Wald,-0.597837000755621,-0.678194541134306,-0.998337013279154,-0.358052068989458,0.163337995992269,,,,,,,,,
264,phase_and_ascertainment,GAM,large_scale_comparison,Wald,-0.597837000755621,-0.571341352534901,-0.683134177562774,-0.459548527507029,0.0570371556264655,,,,,,,,,
264,phase_and_ascertainment,Aligned NB,large_scale_comparison,Wald,-0.597837000755621,-0.713069140928515,-1.02813332849948,-0.398004953357546,0.160747034474984,,,,,,,,,
265,phase_and_ascertainment,ITS,large_scale_comparison,Wald,-0.597837000755621,-0.442017894922157,-0.729137240299668,-0.154898549544646,0.146489461927302,,,,,,,,,
265,phase_and_ascertainment,GAM,large_scale_comparison,Wald,-0.597837000755621,-0.625379680433985,-0.707684258477572,-0.543075102390399,0.041992131654891,,,,,,,,,
265,phase_and_ascertainment,Aligned NB,large_scale_comparison,Wald,-0.597837000755621,-0.448171294375007,-0.733458112479364,-0.16288447627065,0.145554499032835,,,,,,,,,
266,phase_and_ascertainment,ITS,large_scale_comparison,Wald,-0.597837000755621,-0.50975057525715,-0.835929591611891,-0.183571558902408,0.166417865487113,,,,,,,,,
266,phase_and_ascertainment,GAM,large_scale_comparison,Wald,-0.597837000755621,-0.628420222089476,-0.742236663249915,-0.514603780929037,0.0580696128369587,,,,,,,,,
266,phase_and_ascertainment,Aligned NB,large_scale_comparison,Wald,-0.597837000755621,-0.525190713288131,-0.843030769706847,-0.207350656869416,0.162163294091181,,,,,,,,,
267,phase_and_ascertainment,ITS,large_scale_comparison,Wald,-0.597837000755621,-0.574475799214014,-0.974908097717621,-0.174043500710408,0.204302193114085,,,,,,,,,
267,phase_and_ascertainment,GAM,large_scale_comparison,Wald,-0.597837000755621,-0.228423999591724,-0.351927183615894,-0.104920815567553,0.0630118285837606,,,,,,,,,
267,phase_and_ascertainment,Aligned NB,large_scale_comparison,Wald,-0.597837000755621,-0.664253286210565,-1.04963966820893,-0.2788669042122,0.196625705101207,,,,,,,,,
268,phase_and_ascertainment,ITS,large_scale_comparison,Wald,-0.597837000755621,-0.545731683532024,-0.845630534408618,-0.245832832655429,0.153009617794181,,,,,,,,,
268,phase_and_ascertainment,GAM,large_scale_comparison,Wald,-0.597837000755621,-0.64461947586575,-0.725532766873311,-0.56370618485819,0.0412822913303881,,,,,,,,,
268,phase_and_ascertainment,Aligned NB,large_scale_comparison,Wald,-0.597837000755621,-0.59818755463581,-0.891099140924369,-0.305275968347252,0.149444686881918,,,,,,,,,
269,phase_and_ascertainment,ITS,large_scale_comparison,Wald,-0.597837000755621,-0.620423599236668,-0.853808111914307,-0.387039086559028,0.119073730957979,,,,,,,,,
269,phase_and_ascertainment,GAM,large_scale_comparison,Wald,-0.597837000755621,-0.258595750220087,-0.353373537281196,-0.163817963158978,0.0483560138066884,,,,,,,,,
269,phase_and_ascertainment,Aligned NB,large_scale_comparison,Wald,-0.597837000755621,-0.667113588641984,-0.895792307724702,-0.438434869559265,0.11667281585853,,,,,,,,,
270,phase_and_ascertainment,ITS,large_scale_comparison,Wald,-0.597837000755621,-0.687865923739292,-0.953940733902486,-0.421791113576097,0.135752454164895,,,,,,,,,
270,phase_and_ascertainment,GAM,large_scale_comparison,Wald,-0.597837000755621,-0.612997596020302,-0.718574351721824,-0.50742084031878,0.0538656916844502,,,,,,,,,
270,phase_and_ascertainment,Aligned NB,large_scale_comparison,Wald,-0.597837000755621,-0.716924778613606,-0.980670345779829,-0.453179211447384,0.134564064880726,,,,,,,,,
271,phase_and_ascertainment,ITS,large_scale_comparison,Wald,-0.597837000755621,-0.543480098971912,-0.837499595649335,-0.249460602294489,0.150009947284399,,,,,,,,,
271,phase_and_ascertainment,GAM,large_scale_comparison,Wald,-0.597837000755621,-0.868702145182998,-0.974773050098132,-0.762631240267863,0.0541178086301707,,,,,,,,,
271,phase_and_ascertainment,Aligned NB,large_scale_comparison,Wald,-0.597837000755621,-0.588636032796706,-0.874558514483401,-0.302713551110011,0.145878817187089,,,,,,,,,
272,phase_and_ascertainment,ITS,large_scale_comparison,Wald,-0.597837000755621,-0.619118544943788,-0.904692220106786,-0.33354486978079,0.145700854674999,,,,,,,,,
272,phase_and_ascertainment,GAM,large_scale_comparison,Wald,-0.597837000755621,-0.728757164319305,-0.839889903394727,-0.617624425243883,0.0567003770792971,,,,,,,,,
272,phase_and_ascertainment,Aligned NB,large_scale_comparison,Wald,-0.597837000755621,-0.666493738324664,-0.947245515070266,-0.385741961579063,0.143240702421225,,,,,,,,,
273,phase_and_ascertainment,ITS,large_scale_comparison,Wald,-0.597837000755621,-0.329705347896386,-0.876201884348503,0.216791188555731,0.278824763495978,,,,,,,,,
273,phase_and_ascertainment,GAM,large_scale_comparison,Wald,-0.597837000755621,-0.379577618850632,-0.484003138831648,-0.275152098869617,0.0532783265209262,,,,,,,,,
273,phase_and_ascertainment,Aligned NB,large_scale_comparison,Wald,-0.597837000755621,-0.330353300428455,-0.880053278739793,0.219346677882883,0.280459172607825,,,,,,,,,
274,phase_and_ascertainment,ITS,large_scale_comparison,Wald,-0.597837000755621,-0.852546617878009,-1.10744926848829,-0.597643967267732,0.130052372760346,,,,,,,,,
274,phase_and_ascertainment,GAM,large_scale_comparison,Wald,-0.597837000755621,-0.574939936572175,-0.676525926547693,-0.473353946596657,0.0518295867222029,,,,,,,,,
274,phase_and_ascertainment,Aligned NB,large_scale_comparison,Wald,-0.597837000755621,-0.894162331844123,-1.14433337420502,-0.643991289483221,0.127638286918828,,,,,,,,,
275,phase_and_ascertainment,ITS,large_scale_comparison,Wald,-0.597837000755621,-0.62739129098725,-0.942145554104223,-0.312637027870276,0.160588909753558,,,,,,,,,
275,phase_and_ascertainment,GAM,large_scale_comparison,Wald,-0.597837000755621,-0.354292099636292,-0.476993923891631,-0.231590275380954,0.0626029715588462,,,,,,,,,
275,phase_and_ascertainment,Aligned NB,large_scale_comparison,Wald,-0.597837000755621,-0.649510982331751,-0.957877897706458,-0.341144066957043,0.157330058864647,,,,,,,,,
276,phase_and_ascertainment,ITS,large_scale_comparison,Wald,-0.597837000755621,-0.568482719731437,-0.761279247859924,-0.37568619160295,0.0983655755757586,,,,,,,,,
276,phase_and_ascertainment,GAM,large_scale_comparison,Wald,-0.597837000755621,-0.646104252194263,-0.717928711882919,-0.574279792505607,0.0366451324942121,,,,,,,,,
276,phase_and_ascertainment,Aligned NB,large_scale_comparison,Wald,-0.597837000755621,-0.588648519661719,-0.778771261908625,-0.398525777414813,0.0970013991055642,,,,,,,,,
277,phase_and_ascertainment,ITS,large_scale_comparison,Wald,-0.597837000755621,-0.59869967050001,-0.845754249198662,-0.351645091801358,0.126048254438088,,,,,,,,,
277,phase_and_ascertainment,GAM,large_scale_comparison,Wald,-0.597837000755621,-0.744459793255235,-0.83577484346911,-0.653144743041359,0.04658931133361,,,,,,,,,
277,phase_and_ascertainment,Aligned NB,large_scale_comparison,Wald,-0.597837000755621,-0.648785352774396,-0.891815774028067,-0.405754931520726,0.123995112884526,,,,,,,,,
278,phase_and_ascertainment,ITS,large_scale_comparison,Wald,-0.597837000755621,-0.669693026670024,-1.02165739920134,-0.317728654138708,0.179573659454753,,,,,,,,,
278,phase_and_ascertainment,GAM,large_scale_comparison,Wald,-0.597837000755621,-0.596120458377282,-0.706958797482804,-0.485282119271761,0.0565501730130213,,,,,,,,,
278,phase_and_ascertainment,Aligned NB,large_scale_comparison,Wald,-0.597837000755621,-0.696390409011577,-1.04445481327958,-0.348326004743574,0.177583879728573,,,,,,,,,
279,phase_and_ascertainment,ITS,large_scale_comparison,Wald,-0.597837000755621,-0.610053927833456,-0.990834888316767,-0.229272967350145,0.194276000246587,,,,,,,,,
279,phase_and_ascertainment,GAM,large_scale_comparison,Wald,-0.597837000755621,-0.693768135215627,-0.781588498851709,-0.605947771579546,0.0448063079775925,,,,,,,,,
279,phase_and_ascertainment,Aligned NB,large_scale_comparison,Wald,-0.597837000755621,-0.683633433726179,-1.05127115015974,-0.315995717292613,0.187570263486513,,,,,,,,,
280,phase_and_ascertainment,ITS,large_scale_comparison,Wald,-0.597837000755621,-0.722878317000628,-1.06459613619268,-0.381160497808579,0.174345826118393,,,,,,,,,
280,phase_and_ascertainment,GAM,large_scale_comparison,Wald,-0.597837000755621,-0.57261565678789,-0.690214233639518,-0.455017079936262,0.059999273903892,,,,,,,,,
280,phase_and_ascertainment,Aligned NB,large_scale_comparison,Wald,-0.597837000755621,-0.731357420923555,-1.07164630596943,-0.391068535877678,0.173616778084631,,,,,,,,,
281,phase_and_ascertainment,ITS,large_scale_comparison,Wald,-0.597837000755621,-0.717632045955254,-1.10887123143072,-0.326392860479785,0.199611829324219,,,,,,,,,
281,phase_and_ascertainment,GAM,large_scale_comparison,Wald,-0.597837000755621,-0.460066882484627,-0.543238822496722,-0.376894942472532,0.0424346632714771,,,,,,,,,
281,phase_and_ascertainment,Aligned NB,large_scale_comparison,Wald,-0.597837000755621,-0.762777179203223,-1.14664971565446,-0.378904642751988,0.1958533349241,,,,,,,,,
282,phase_and_ascertainment,ITS,large_scale_comparison,Wald,-0.597837000755621,-0.795085061000337,-1.07134380670869,-0.518826315291988,0.140948339647117,,,,,,,,,
282,phase_and_ascertainment,GAM,large_scale_comparison,Wald,-0.597837000755621,-0.567876983489764,-0.646084543902843,-0.489669423076686,0.0399018165372849,,,,,,,,,
282,phase_and_ascertainment,Aligned NB,large_scale_comparison,Wald,-0.597837000755621,-0.855622967527232,-1.12314516777212,-0.588100767282347,0.136490918492288,,,,,,,,,
283,phase_and_ascertainment,ITS,large_scale_comparison,Wald,-0.597837000755621,-1.13781892858092,-1.54294501528433,-0.732692841877509,0.206696983011945,,,,,,,,,
283,phase_and_ascertainment,GAM,large_scale_comparison,Wald,-0.597837000755621,-0.967825811246671,-1.06708092215196,-0.868570700341385,0.0506403627067783,,,,,,,,,
283,phase_and_ascertainment,Aligned NB,large_scale_comparison,Wald,-0.597837000755621,-1.1823197614886,-1.58395882428713,-0.780680698690069,0.204917889182924,,,,,,,,,
284,phase_and_ascertainment,ITS,large_scale_comparison,Wald,-0.597837000755621,-0.404321581690723,-0.746011117816166,-0.0626320455652802,0.174331395982369,,,,,,,,,
284,phase_and_ascertainment,GAM,large_scale_comparison,Wald,-0.597837000755621,-0.664627101850165,-0.781698205299858,-0.547555998400473,0.0597301548212718,,,,,,,,,
284,phase_and_ascertainment,Aligned NB,large_scale_comparison,Wald,-0.597837000755621,-0.40473350102307,-0.745307037114726,-0.0641599649314142,0.173762008210028,,,,,,,,,
285,phase_and_ascertainment,ITS,large_scale_comparison,Wald,-0.597837000755621,-0.777265962059073,-1.04615089633698,-0.50838102778117,0.137186190958114,,,,,,,,,
285,phase_and_ascertainment,GAM,large_scale_comparison,Wald,-0.597837000755621,-0.478960290229791,-0.589871237451289,-0.368049343008292,0.0565872179701524,,,,,,,,,
285,phase_and_ascertainment,Aligned NB,large_scale_comparison,Wald,-0.597837000755621,-0.806987248928778,-1.07186229062214,-0.542112207235415,0.135140327394573,,,,,,,,,
286,phase_and_ascertainment,ITS,large_scale_comparison,Wald,-0.597837000755621,-0.729928243265784,-0.986556569327932,-0.473299917203635,0.130932819419464,,,,,,,,,
286,phase_and_ascertainment,GAM,large_scale_comparison,Wald,-0.597837000755621,-0.755063304322685,-0.83615936955216,-0.673967239093211,0.0413755434844256,,,,,,,,,
286,phase_and_ascertainment,Aligned NB,large_scale_comparison,Wald,-0.597837000755621,-0.762737460087352,-1.0165484037906,-0.508926516384106,0.129495379440432,,,,,,,,,
287,phase_and_ascertainment,ITS,large_scale_comparison,Wald,-0.597837000755621,-0.551839919229198,-0.812723399140454,-0.290956439317942,0.133103816281253,,,,,,,,,
287,phase_and_ascertainment,GAM,large_scale_comparison,Wald,-0.597837000755621,-0.245750823643869,-0.359480264459551,-0.132021382828188,0.05802522490596,,,,,,,,,
287,phase_and_ascertainment,Aligned NB,large_scale_comparison,Wald,-0.597837000755621,-0.601492703069732,-0.854295453308641,-0.348689952830823,0.128980995019851,,,,,,,,,
288,phase_and_ascertainment,ITS,large_scale_comparison,Wald,-0.597837000755621,-0.552992019150478,-0.810195267880266,-0.295788770420691,0.131226147311116,,,,,,,,,
288,phase_and_ascertainment,GAM,large_scale_comparison,Wald,-0.597837000755621,-0.509675906891555,-0.596987718230395,-0.422364095552714,0.0445468425198166,,,,,,,,,
288,phase_and_ascertainment,Aligned NB,large_scale_comparison,Wald,-0.597837000755621,-0.569185218035829,-0.826045703274015,-0.312324732797643,0.131051267978667,,,,,,,,,
289,phase_and_ascertainment,ITS,large_scale_comparison,Wald,-0.597837000755621,-0.708381275151988,-1.08633343054414,-0.330429119759835,0.192832732342935,,,,,,,,,
289,phase_and_ascertainment,GAM,large_scale_comparison,Wald,-0.597837000755621,-0.436496851992152,-0.509710951558911,-0.363282752425393,0.0373541324320201,,,,,,,,,
289,phase_and_ascertainment,Aligned NB,large_scale_comparison,Wald,-0.597837000755621,-0.767396194379766,-1.13977656885777,-0.395015819901761,0.189989986978574,,,,,,,,,
290,phase_and_ascertainment,ITS,large_scale_comparison,Wald,-0.597837000755621,-0.416275315099521,-0.719689773393989,-0.112860856805052,0.154803295048198,,,,,,,,,
290,phase_and_ascertainment,GAM,large_scale_comparison,Wald,-0.597837000755621,-0.467529079990828,-0.568854594974693,-0.366203565006964,0.0516966913182982,,,,,,,,,
290,phase_and_ascertainment,Aligned NB,large_scale_comparison,Wald,-0.597837000755621,-0.424874254177478,-0.726944247019365,-0.122804261335592,0.154117343286677,,,,,,,,,
291,phase_and_ascertainment,ITS,large_scale_comparison,Wald,-0.597837000755621,-0.605006101996835,-0.980725923065586,-0.229286280928084,0.191693786259567,,,,,,,,,
291,phase_and_ascertainment,GAM,large_scale_comparison,Wald,-0.597837000755621,-0.513055760190507,-0.591050542027243,-0.435060978353771,0.039793256039151,,,,,,,,,
291,phase_and_ascertainment,Aligned NB,large_scale_comparison,Wald,-0.597837000755621,-0.730543929455768,-1.08752522088103,-0.373562638030507,0.182133311951664,,,,,,,,,
292,phase_and_ascertainment,ITS,large_scale_comparison,Wald,-0.597837000755621,-0.314179599656125,-0.646227538928916,0.0178683396166668,0.169412213914689,,,,,,,,,
292,phase_and_ascertainment,GAM,large_scale_comparison,Wald,-0.597837000755621,-0.593917425430724,-0.695247452472655,-0.492587398388794,0.0516989933887399,,,,,,,,,
292,phase_and_ascertainment,Aligned NB,large_scale_comparison,Wald,-0.597837000755621,-0.37702112980885,-0.687520136558171,-0.0665221230595284,0.158417860586388,,,,,,,,,
293,phase_and_ascertainment,ITS,large_scale_comparison,Wald,-0.597837000755621,-0.887864783318613,-1.16334423100228,-0.612385335634941,0.140550738614118,,,,,,,,,
293,phase_and_ascertainment,GAM,large_scale_comparison,Wald,-0.597837000755621,-0.522135433177676,-0.623250204562424,-0.421020661792927,0.0515891690738512,,,,,,,,,
293,phase_and_ascertainment,Aligned NB,large_scale_comparison,Wald,-0.597837000755621,-0.96715737146466,-1.2353726151928,-0.698942127736516,0.136844512106196,,,,,,,,,
294,phase_and_ascertainment,ITS,large_scale_comparison,Wald,-0.597837000755621,-0.979923518099781,-1.31667079986814,-0.64317623633142,0.171809837636919,,,,,,,,,
294,phase_and_ascertainment,GAM,large_scale_comparison,Wald,-0.597837000755621,-0.872004597594027,-0.979823033239865,-0.764186161948188,0.0550094059417543,,,,,,,,,
294,phase_and_ascertainment,Aligned NB,large_scale_comparison,Wald,-0.597837000755621,-1.02642467656916,-1.35325709531898,-0.699592257819336,0.166751234056031,,,,,,,,,
295,phase_and_ascertainment,ITS,large_scale_comparison,Wald,-0.597837000755621,-0.849902567412546,-1.27433238849397,-0.425472746331117,0.216545827082362,,,,,,,,,
295,phase_and_ascertainment,GAM,large_scale_comparison,Wald,-0.597837000755621,-1.00465690050014,-1.1294988671349,-0.879814933865377,0.0636948809361034,,,,,,,,,
295,phase_and_ascertainment,Aligned NB,large_scale_comparison,Wald,-0.597837000755621,-0.930840912511516,-1.34018025103266,-0.52150157399037,0.208846601286299,,,,,,,,,
296,phase_and_ascertainment,ITS,large_scale_comparison,Wald,-0.597837000755621,-0.572459710864289,-0.928122262622045,-0.216797159106533,0.181460485590692,,,,,,,,,
296,phase_and_ascertainment,GAM,large_scale_comparison,Wald,-0.597837000755621,-0.653585312076536,-0.737403989643494,-0.569766634509578,0.0427646314117135,,,,,,,,,
296,phase_and_ascertainment,Aligned NB,large_scale_comparison,Wald,-0.597837000755621,-0.608308543162822,-0.956270671795131,-0.260346414530514,0.17753169828179,,,,,,,,,
297,phase_and_ascertainment,ITS,large_scale_comparison,Wald,-0.597837000755621,-0.615091217387388,-0.887629615832478,-0.342552818942298,0.139050203288311,,,,,,,,,
297,phase_and_ascertainment,GAM,large_scale_comparison,Wald,-0.597837000755621,-0.471481102383725,-0.585967437195141,-0.35699476757231,0.0584113953119465,,,,,,,,,
297,phase_and_ascertainment,Aligned NB,large_scale_comparison,Wald,-0.597837000755621,-0.657562114546198,-0.922517154127414,-0.392607074964983,0.135181142643477,,,,,,,,,
298,phase_and_ascertainment,ITS,large_scale_comparison,Wald,-0.597837000755621,-0.557306507585346,-0.992257272279965,-0.122355742890727,0.221913655456438,,,,,,,,,
298,phase_and_ascertainment,GAM,large_scale_comparison,Wald,-0.597837000755621,-0.70989999106992,-0.818754391804902,-0.601045590334939,0.055537959558664,,,,,,,,,
298,phase_and_ascertainment,Aligned NB,large_scale_comparison,Wald,-0.597837000755621,-0.617736679037225,-1.04456871575404,-0.19090464232041,0.217771447304497,,,,,,,,,
299,phase_and_ascertainment,ITS,large_scale_comparison,Wald,-0.597837000755621,-0.655730365998177,-0.920646754284136,-0.390813977712217,0.135161422594877,,,,,,,,,
299,phase_and_ascertainment,GAM,large_scale_comparison,Wald,-0.597837000755621,-0.740511902087214,-0.849247362140772,-0.631776442033656,0.0554772755375293,,,,,,,,,
299,phase_and_ascertainment,Aligned NB,large_scale_comparison,Wald,-0.597837000755621,-0.701484592107147,-0.962208026157874,-0.44076115805642,0.133022160229963,,,,,,,,,
300,phase_and_ascertainment,ITS,large_scale_comparison,Wald,-0.597837000755621,-0.0465556113348631,-0.53638829797322,0.443277075303494,0.249914636039978,,,,,,,,,
300,phase_and_ascertainment,GAM,large_scale_comparison,Wald,-0.597837000755621,-0.941234794601414,-1.02421941351884,-0.858250175683985,0.042339091284403,,,,,,,,,
300,phase_and_ascertainment,Aligned NB,large_scale_comparison,Wald,-0.597837000755621,-0.142455990744725,-0.62068441348483,0.335772431995381,0.243994093234748,,,,,,,,,
301,phase_and_ascertainment,ITS,large_scale_comparison,Wald,-0.597837000755621,-0.399090674948901,-0.730627989625216,-0.0675533602725852,0.169151691161385,,,,,,,,,
301,phase_and_ascertainment,GAM,large_scale_comparison,Wald,-0.597837000755621,-0.882820765145143,-0.990059463115898,-0.775582067174389,0.0547136214136504,,,,,,,,,
301,phase_and_ascertainment,Aligned NB,large_scale_comparison,Wald,-0.597837000755621,-0.422915456646707,-0.749213217125012,-0.0966176961684017,0.166478449223625,,,,,,,,,
302,phase_and_ascertainment,ITS,large_scale_comparison,Wald,-0.597837000755621,-0.647794506381086,-0.968556211127065,-0.327032801635106,0.163653930992847,,,,,,,,,
302,phase_and_ascertainment,GAM,large_scale_comparison,Wald,-0.597837000755621,-0.936596718296074,-1.02427412609374,-0.848919310498404,0.0447333713253419,,,,,,,,,
302,phase_and_ascertainment,Aligned NB,large_scale_comparison,Wald,-0.597837000755621,-0.660297389756352,-0.977429938791936,-0.343164840720768,0.161802320936523,,,,,,,,,
303,phase_and_ascertainment,ITS,large_scale_comparison,Wald,-0.597837000755621,-0.849163128870862,-1.18597164634092,-0.512354611400807,0.171841080341865,,,,,,,,,
303,phase_and_ascertainment,GAM,large_scale_comparison,Wald,-0.597837000755621,-0.831316080077909,-0.926137772605464,-0.736494387550355,0.0483784145548748,,,,,,,,,
303,phase_and_ascertainment,Aligned NB,large_scale_comparison,Wald,-0.597837000755621,-0.86622150236217,-1.2021316142118,-0.530311390512536,0.171382710127364,,,,,,,,,
304,phase_and_ascertainment,ITS,large_scale_comparison,Wald,-0.597837000755621,-0.620898740435753,-0.950062319200896,-0.29173516167061,0.167940601410787,,,,,,,,,
304,phase_and_ascertainment,GAM,large_scale_comparison,Wald,-0.597837000755621,-0.455334804872693,-0.566088818096235,-0.34458079164915,0.0565071496038481,,,,,,,,,
304,phase_and_ascertainment,Aligned NB,large_scale_comparison,Wald,-0.597837000755621,-0.65907149217625,-0.982318776542342,-0.335824207810157,0.164922083860251,,,,,,,,,
305,phase_and_ascertainment,ITS,large_scale_comparison,Wald,-0.597837000755621,-0.664424844525905,-0.971883169503147,-0.356966519548662,0.156866492335328,,,,,,,,,
305,phase_and_ascertainment,GAM,large_scale_comparison,Wald,-0.597837000755621,-0.645653011514746,-0.722835764942188,-0.568470258087304,0.0393789558303277,,,,,,,,,
305,phase_and_ascertainment,Aligned NB,large_scale_comparison,Wald,-0.597837000755621,-0.693553700124648,-0.998923643831061,-0.388183756418236,0.155800991686945,,,,,,,,,
306,phase_and_ascertainment,ITS,large_scale_comparison,Wald,-0.597837000755621,-0.837202638975315,-1.0920555067124,-0.582349771238229,0.130026973335248,,,,,,,,,
306,phase_and_ascertainment,GAM,large_scale_comparison,Wald,-0.597837000755621,-0.740723377230535,-0.819003095375175,-0.662443659085896,0.0399386317064487,,,,,,,,,
306,phase_and_ascertainment,Aligned NB,large_scale_comparison,Wald,-0.597837000755621,-0.874893795626488,-1.12879342369486,-0.620994167558112,0.129540626565498,,,,,,,,,
307,phase_and_ascertainment,ITS,large_scale_comparison,Wald,-0.597837000755621,-0.748784564587678,-1.08492694311687,-0.412642186058486,0.171501213535302,,,,,,,,,
307,phase_and_ascertainment,GAM,large_scale_comparison,Wald,-0.597837000755621,-0.58410931034906,-0.698252915520262,-0.469965705177858,0.0582365332506131,,,,,,,,,
307,phase_and_ascertainment,Aligned NB,large_scale_comparison,Wald,-0.597837000755621,-0.790652800550727,-1.12179187113415,-0.459513729967301,0.168948505399707,,,,,,,,,
308,phase_and_ascertainment,ITS,large_scale_comparison,Wald,-0.597837000755621,0.069360431607725,-0.382785607407884,0.521506470623334,0.2306867545998,,,,,,,,,
308,phase_and_ascertainment,GAM,large_scale_comparison,Wald,-0.597837000755621,-0.498023609481292,-0.617779222789566,-0.378267996173017,0.0610998027083034,,,,,,,,,
308,phase_and_ascertainment,Aligned NB,large_scale_comparison,Wald,-0.597837000755621,0.0621165842112905,-0.370320401344184,0.494553569766765,0.220631115079324,,,,,,,,,
309,phase_and_ascertainment,ITS,large_scale_comparison,Wald,-0.597837000755621,-0.428827546165452,-0.739665185608085,-0.11798990672282,0.15859063236869,,,,,,,,,
309,phase_and_ascertainment,GAM,large_scale_comparison,Wald,-0.597837000755621,-0.813615793184649,-0.932954269688716,-0.694277316680582,0.0608869778081975,,,,,,,,,
309,phase_and_ascertainment,Aligned NB,large_scale_comparison,Wald,-0.597837000755621,-0.462948527396885,-0.769711571815135,-0.156185482978635,0.15651175735625,,,,,,,,,
310,phase_and_ascertainment,ITS,large_scale_comparison,Wald,-0.597837000755621,-0.585413434638879,-0.809928940139167,-0.360897929138591,0.114548727296065,,,,,,,,,
310,phase_and_ascertainment,GAM,large_scale_comparison,Wald,-0.597837000755621,-0.49965277914184,-0.58990655567466,-0.40939900260902,0.0460478451698061,,,,,,,,,
310,phase_and_ascertainment,Aligned NB,large_scale_comparison,Wald,-0.597837000755621,-0.624075773522851,-0.84384486133196,-0.404306685713743,0.112127085616892,,,,,,,,,
311,phase_and_ascertainment,ITS,large_scale_comparison,Wald,-0.597837000755621,-0.951590472836941,-1.25043619178844,-0.652744753885439,0.152472305587501,,,,,,,,,
311,phase_and_ascertainment,GAM,large_scale_comparison,Wald,-0.597837000755621,-0.54516816781724,-0.661570962440221,-0.428765373194258,0.0593891809300926,,,,,,,,,
311,phase_and_ascertainment,Aligned NB,large_scale_comparison,Wald,-0.597837000755621,-0.97821287049596,-1.27232395764309,-0.684101783348825,0.150056677115885,,,,,,,,,
312,phase_and_ascertainment,ITS,large_scale_comparison,Wald,-0.597837000755621,-0.754129866045208,-1.01017218220313,-0.498087549887285,0.130633834774451,,,,,,,,,
312,phase_and_ascertainment,GAM,large_scale_comparison,Wald,-0.597837000755621,-0.498622730688082,-0.590020687679192,-0.407224773696972,0.0466316107097501,,,,,,,,,
312,phase_and_ascertainment,Aligned NB,large_scale_comparison,Wald,-0.597837000755621,-0.839640904011975,-1.08700114849106,-0.592280659532892,0.126204206366879,,,,,,,,,
313,phase_and_ascertainment,ITS,large_scale_comparison,Wald,-0.597837000755621,-0.830087927641852,-1.04742545576656,-0.612750399517142,0.110886493941178,,,,,,,,,
313,phase_and_ascertainment,GAM,large_scale_comparison,Wald,-0.597837000755621,-0.372253164235876,-0.477047988482157,-0.267458339989595,0.0534667470644291,,,,,,,,,
313,phase_and_ascertainment,Aligned NB,large_scale_comparison,Wald,-0.597837000755621,-0.911991661846935,-1.12427069584993,-0.699712627843937,0.108305629593366,,,,,,,,,
314,phase_and_ascertainment,ITS,large_scale_comparison,Wald,-0.597837000755621,-0.333850038019612,-0.622984595747924,-0.0447154802913002,0.147517631494037,,,,,,,,,
314,phase_and_ascertainment,GAM,large_scale_comparison,Wald,-0.597837000755621,-0.553611153331168,-0.658549220889072,-0.448673085773263,0.0535398303866861,,,,,,,,,
314,phase_and_ascertainment,Aligned NB,large_scale_comparison,Wald,-0.597837000755621,-0.340494225850468,-0.627626175262089,-0.0533622764388481,0.146495892556949,,,,,,,,,
315,phase_and_ascertainment,ITS,large_scale_comparison,Wald,-0.597837000755621,-0.776955720528958,-1.17436659259519,-0.37954484846273,0.202760649013382,,,,,,,,,
315,phase_and_ascertainment,GAM,large_scale_comparison,Wald,-0.597837000755621,-0.689127017147987,-0.806094634883834,-0.57215939941214,0.0596773559876771,,,,,,,,,
315,phase_and_ascertainment,Aligned NB,large_scale_comparison,Wald,-0.597837000755621,-0.832453863689964,-1.2230620011137,-0.441845726266233,0.199289866032516,,,,,,,,,
316,phase_and_ascertainment,ITS,large_scale_comparison,Wald,-0.597837000755621,-0.473871109302396,-0.885258951511587,-0.0624832670932048,0.209891756229179,,,,,,,,,
316,phase_and_ascertainment,GAM,large_scale_comparison,Wald,-0.597837000755621,-0.485474403901754,-0.61376321925012,-0.357185588553388,0.0654534772185541,,,,,,,,,
316,phase_and_ascertainment,Aligned NB,large_scale_comparison,Wald,-0.597837000755621,-0.504622332206992,-0.902304213746219,-0.106940450667765,0.202898919152667,,,,,,,,,
317,phase_and_ascertainment,ITS,large_scale_comparison,Wald,-0.597837000755621,-0.908309734517664,-1.3236211452058,-0.492998323829531,0.2118935768817,,,,,,,,,
317,phase_and_ascertainment,GAM,large_scale_comparison,Wald,-0.597837000755621,-0.647197503833347,-0.767858070022838,-0.526536937643856,0.0615615133619851,,,,,,,,,
317,phase_and_ascertainment,Aligned NB,large_scale_comparison,Wald,-0.597837000755621,-0.901984104329267,-1.31124026355214,-0.49272794510639,0.208804162868815,,,,,,,,,
318,phase_and_ascertainment,ITS,large_scale_comparison,Wald,-0.597837000755621,-0.676722696208845,-0.934932258722767,-0.418513133694923,0.131739572711185,,,,,,,,,
318,phase_and_ascertainment,GAM,large_scale_comparison,Wald,-0.597837000755621,-0.914952573131687,-1.00550207015805,-0.824403076105319,0.0461987229726365,,,,,,,,,
318,phase_and_ascertainment,Aligned NB,large_scale_comparison,Wald,-0.597837000755621,-0.720702393204274,-0.977004005650513,-0.464400780758036,0.130766128799101,,,,,,,,,
319,phase_and_ascertainment,ITS,large_scale_comparison,Wald,-0.597837000755621,-0.64281033856003,-1.03112959208031,-0.254491085039746,0.198122068122594,,,,,,,,,
319,phase_and_ascertainment,GAM,large_scale_comparison,Wald,-0.597837000755621,-0.776772780941754,-0.854168225109928,-0.699377336773579,0.0394874715143747,,,,,,,,,
319,phase_and_ascertainment,Aligned NB,large_scale_comparison,Wald,-0.597837000755621,-0.683688920509671,-1.06620973685626,-0.301168104163085,0.195163681809483,,,,,,,,,
320,phase_and_ascertainment,ITS,large_scale_comparison,Wald,-0.597837000755621,-0.530264874544201,-1.05740894609131,-0.00312080299708795,0.268951056911793,,,,,,,,,
320,phase_and_ascertainment,GAM,large_scale_comparison,Wald,-0.597837000755621,-0.433750946939505,-0.516870829962265,-0.350631063916745,0.0424081035830409,,,,,,,,,
320,phase_and_ascertainment,Aligned NB,large_scale_comparison,Wald,-0.597837000755621,-0.544041019785195,-1.06698794115795,-0.0210940984124406,0.26680965376161,,,,,,,,,
321,phase_and_ascertainment,ITS,large_scale_comparison,Wald,-0.597837000755621,-0.974562844303806,-1.29897055707773,-0.650155131529882,0.165514139170369,,,,,,,,,
321,phase_and_ascertainment,GAM,large_scale_comparison,Wald,-0.597837000755621,-0.93513859851545,-1.04787016621196,-0.822407030818944,0.0575161059676053,,,,,,,,,
321,phase_and_ascertainment,Aligned NB,large_scale_comparison,Wald,-0.597837000755621,-1.00006798718067,-1.32256867700436,-0.677567297356979,0.164541168277393,,,,,,,,,
322,phase_and_ascertainment,ITS,large_scale_comparison,Wald,-0.597837000755621,-0.852608611833355,-1.087756837067,-0.617460386599714,0.119973584302878,,,,,,,,,
322,phase_and_ascertainment,GAM,large_scale_comparison,Wald,-0.597837000755621,-0.359279920902301,-0.427383719819547,-0.291176121985055,0.0347468361822684,,,,,,,,,
322,phase_and_ascertainment,Aligned NB,large_scale_comparison,Wald,-0.597837000755621,-0.870124248035033,-1.1035012914341,-0.636747204635963,0.119069920101566,,,,,,,,,
323,phase_and_ascertainment,ITS,large_scale_comparison,Wald,-0.597837000755621,-0.704220050492366,-1.03672460375222,-0.371715497232516,0.169645180234618,,,,,,,,,
323,phase_and_ascertainment,GAM,large_scale_comparison,Wald,-0.597837000755621,-0.896806545149175,-0.991443604617394,-0.802169485680956,0.0482842140143974,,,,,,,,,
323,phase_and_ascertainment,Aligned NB,large_scale_comparison,Wald,-0.597837000755621,-0.721809849319585,-1.05027758297739,-0.393342115661775,0.167585578396842,,,,,,,,,
324,phase_and_ascertainment,ITS,large_scale_comparison,Wald,-0.597837000755621,-0.604369463250079,-0.901173954014357,-0.3075649724858,0.151430862634836,,,,,,,,,
324,phase_and_ascertainment,GAM,large_scale_comparison,Wald,-0.597837000755621,-0.767690244280458,-0.874317081523365,-0.661063407037551,0.0544014475729118,,,,,,,,,
324,phase_and_ascertainment,Aligned NB,large_scale_comparison,Wald,-0.597837000755621,-0.635063958043744,-0.9252519795811,-0.344875936506388,0.148055113029263,,,,,,,,,
325,phase_and_ascertainment,ITS,large_scale_comparison,Wald,-0.597837000755621,-0.746512343545065,-0.981404189342933,-0.511620497747198,0.1198427784683,,,,,,,,,
325,phase_and_ascertainment,GAM,large_scale_comparison,Wald,-0.597837000755621,-0.759420260859936,-0.851157708945663,-0.667682812774209,0.0468048204519015,,,,,,,,,
325,phase_and_ascertainment,Aligned NB,large_scale_comparison,Wald,-0.597837000755621,-0.781006211495379,-1.01298574173153,-0.549026681259226,0.118356903181711,,,,,,,,,
326,phase_and_ascertainment,ITS,large_scale_comparison,Wald,-0.597837000755621,-1.0500024841826,-1.35509478269902,-0.744910185666176,0.155659335977767,,,,,,,,,
326,phase_and_ascertainment,GAM,large_scale_comparison,Wald,-0.597837000755621,-0.753805422518365,-0.839811230985564,-0.667799614051167,0.0438805145240809,,,,,,,,,
326,phase_and_ascertainment,Aligned NB,large_scale_comparison,Wald,-0.597837000755621,-1.07419680712001,-1.37731514632678,-0.771078467913243,0.154652213881004,,,,,,,,,
327,phase_and_ascertainment,ITS,large_scale_comparison,Wald,-0.597837000755621,-0.449524122917072,-0.714108179444037,-0.184940066390108,0.134991865574982,,,,,,,,,
327,phase_and_ascertainment,GAM,large_scale_comparison,Wald,-0.597837000755621,-0.454057154021156,-0.563770583142737,-0.344343724899574,0.0559762393477458,,,,,,,,,
327,phase_and_ascertainment,Aligned NB,large_scale_comparison,Wald,-0.597837000755621,-0.457915052053008,-0.719633977568472,-0.196196126537544,0.133530064038502,,,,,,,,,
328,phase_and_ascertainment,ITS,large_scale_comparison,Wald,-0.597837000755621,-1.02260747858615,-1.51274777058028,-0.532467186592021,0.250071577548026,,,,,,,,,
328,phase_and_ascertainment,GAM,large_scale_comparison,Wald,-0.597837000755621,-0.585878887782673,-0.669178454050659,-0.502579321514687,0.0424997787081561,,,,,,,,,
328,phase_and_ascertainment,Aligned NB,large_scale_comparison,Wald,-0.597837000755621,-1.07571524832239,-1.55537845042558,-0.596052046219199,0.244726123522036,,,,,,,,,
329,phase_and_ascertainment,ITS,large_scale_comparison,Wald,-0.597837000755621,-0.68365784719112,-1.00298779838469,-0.364327895997547,0.162923444486517,,,,,,,,,
329,phase_and_ascertainment,GAM,large_scale_comparison,Wald,-0.597837000755621,-0.283396290071273,-0.383018553157981,-0.183774026984564,0.0508276852483206,,,,,,,,,
329,phase_and_ascertainment,Aligned NB,large_scale_comparison,Wald,-0.597837000755621,-0.743643022936029,-1.05542716009526,-0.431858885776802,0.159073539366953,,,,,,,,,
330,phase_and_ascertainment,ITS,large_scale_comparison,Wald,-0.597837000755621,-0.402506407225896,-0.688726226980568,-0.116286587471223,0.146030520282996,,,,,,,,,
330,phase_and_ascertainment,GAM,large_scale_comparison,Wald,-0.597837000755621,-0.504959135104279,-0.575886337309237,-0.434031932899322,0.0361873480637539,,,,,,,,,
330,phase_and_ascertainment,Aligned NB,large_scale_comparison,Wald,-0.597837000755621,-0.478690393198082,-0.757040899068523,-0.20033988732764,0.142015564219613,,,,,,,,,
331,phase_and_ascertainment,ITS,large_scale_comparison,Wald,-0.597837000755621,-0.235923688653636,-0.4926674119184,0.0208200346111275,0.130991695543247,,,,,,,,,
331,phase_and_ascertainment,GAM,large_scale_comparison,Wald,-0.597837000755621,-0.427392265061301,-0.526387632378478,-0.328396897744125,0.0505078404679473,,,,,,,,,
331,phase_and_ascertainment,Aligned NB,large_scale_comparison,Wald,-0.597837000755621,-0.252878761957076,-0.504448027243839,-0.00130949667031205,0.128351665962635,,,,,,,,,
332,phase_and_ascertainment,ITS,large_scale_comparison,Wald,-0.597837000755621,-0.704958332617065,-1.17834125726725,-0.23157540796688,0.241521900331727,,,,,,,,,
332,phase_and_ascertainment,GAM,large_scale_comparison,Wald,-0.597837000755621,-1.13289506450128,-1.2685695049841,-0.997220624018462,0.0692216533075616,,,,,,,,,
332,phase_and_ascertainment,Aligned NB,large_scale_comparison,Wald,-0.597837000755621,-0.711721089890006,-1.1753972809614,-0.248044898818608,0.236569485240509,,,,,,,,,
333,phase_and_ascertainment,ITS,large_scale_comparison,Wald,-0.597837000755621,-0.474896400756155,-0.850062178571584,-0.0997306229407265,0.191411111130321,,,,,,,,,
333,phase_and_ascertainment,GAM,large_scale_comparison,Wald,-0.597837000755621,-0.378193855302746,-0.496751561928015,-0.259636148677476,0.0604886258292193,,,,,,,,,
333,phase_and_ascertainment,Aligned NB,large_scale_comparison,Wald,-0.597837000755621,-0.485153264898511,-0.855899942166702,-0.11440658763032,0.189156467993975,,,,,,,,,
334,phase_and_ascertainment,ITS,large_scale_comparison,Wald,-0.597837000755621,-0.693354100247046,-0.940565303245272,-0.446142897248819,0.126128164795014,,,,,,,,,
334,phase_and_ascertainment,GAM,large_scale_comparison,Wald,-0.597837000755621,-0.434244607588751,-0.512324499167642,-0.356164716009861,0.0398366793769849,,,,,,,,,
334,phase_and_ascertainment,Aligned NB,large_scale_comparison,Wald,-0.597837000755621,-0.717934452244715,-0.961295554760493,-0.474573349728937,0.124163827814172,,,,,,,,,
335,phase_and_ascertainment,ITS,large_scale_comparison,Wald,-0.597837000755621,-1.14469048161552,-1.59303785416316,-0.696343109067883,0.228748659463081,,,,,,,,,
335,phase_and_ascertainment,GAM,large_scale_comparison,Wald,-0.597837000755621,-0.555949907034314,-0.670113131433282,-0.441786682635346,0.058246543060698,,,,,,,,,
335,phase_and_ascertainment,Aligned NB,large_scale_comparison,Wald,-0.597837000755621,-1.32397759146886,-1.75425147439427,-0.893703708543448,0.219527491288475,,,,,,,,,
336,phase_and_ascertainment,ITS,large_scale_comparison,Wald,-0.597837000755621,-0.736771167214904,-0.979313920739201,-0.494228413690606,0.123746302818519,,,,,,,,,
336,phase_and_ascertainment,GAM,large_scale_comparison,Wald,-0.597837000755621,-0.732367570704938,-0.826824680706144,-0.637910460703731,0.0481924030618401,,,,,,,,,
336,phase_and_ascertainment,Aligned NB,large_scale_comparison,Wald,-0.597837000755621,-0.8454597921546,-1.07901427904363,-0.611905305265573,0.119160452494401,,,,,,,,,
337,phase_and_ascertainment,ITS,large_scale_comparison,Wald,-0.597837000755621,-0.584181646661153,-0.842836429292988,-0.325526864029318,0.131966725832569,,,,,,,,,
337,phase_and_ascertainment,GAM,large_scale_comparison,Wald,-0.597837000755621,-0.729434205316473,-0.806954208520303,-0.651914202112643,0.0395510220427706,,,,,,,,,
337,phase_and_ascertainment,Aligned NB,large_scale_comparison,Wald,-0.597837000755621,-0.614500833863326,-0.868591602697902,-0.360410065028749,0.12963814736458,,,,,,,,,
338,phase_and_ascertainment,ITS,large_scale_comparison,Wald,-0.597837000755621,-0.637637269719421,-1.03380436510577,-0.241470174333069,0.202126069074669,,,,,,,,,
338,phase_and_ascertainment,GAM,large_scale_comparison,Wald,-0.597837000755621,-0.356972005630254,-0.470443698697155,-0.243500312563352,0.0578937209525007,,,,,,,,,
338,phase_and_ascertainment,Aligned NB,large_scale_comparison,Wald,-0.597837000755621,-0.65070802585983,-1.04630865421903,-0.255107397500631,0.201837055285306,,,,,,,,,
339,phase_and_ascertainment,ITS,large_scale_comparison,Wald,-0.597837000755621,-0.875277496421674,-1.23154376339111,-0.519011229452238,0.181768503555834,,,,,,,,,
339,phase_and_ascertainment,GAM,large_scale_comparison,Wald,-0.597837000755621,-1.01111544527418,-1.13380904945906,-0.888421841089301,0.0625987776453471,,,,,,,,,
339,phase_and_ascertainment,Aligned NB,large_scale_comparison,Wald,-0.597837000755621,-0.923706785038539,-1.2736712296971,-0.573742340379976,0.178553288091104,,,,,,,,,
340,phase_and_ascertainment,ITS,large_scale_comparison,Wald,-0.597837000755621,-0.574086818344903,-0.80512606226016,-0.343047574429645,0.117877165262887,,,,,,,,,
340,phase_and_ascertainment,GAM,large_scale_comparison,Wald,-0.597837000755621,-0.581324187493958,-0.677135813146829,-0.485512561841088,0.0488834824759544,,,,,,,,,
340,phase_and_ascertainment,Aligned NB,large_scale_comparison,Wald,-0.597837000755621,-0.599621908371784,-0.827314649286994,-0.371929167456573,0.116169765773067,,,,,,,,,
341,phase_and_ascertainment,ITS,large_scale_comparison,Wald,-0.597837000755621,-1.08362172126614,-1.62995226556352,-0.537291176968759,0.278740073621114,,,,,,,,,
341,phase_and_ascertainment,GAM,large_scale_comparison,Wald,-0.597837000755621,-0.814830717604777,-0.93629820180888,-0.693363233400673,0.0619732062265834,,,,,,,,,
341,phase_and_ascertainment,Aligned NB,large_scale_comparison,Wald,-0.597837000755621,-1.11565728980738,-1.65404737253776,-0.577267207077007,0.27468881771958,,,,,,,,,
342,phase_and_ascertainment,ITS,large_scale_comparison,Wald,-0.597837000755621,-0.765094287635701,-1.04290053446874,-0.487288040802664,0.141737881037264,,,,,,,,,
342,phase_and_ascertainment,GAM,large_scale_comparison,Wald,-0.597837000755621,-0.81987856122798,-0.938360016077576,-0.701397106378384,0.0604497218620386,,,,,,,,,
342,phase_and_ascertainment,Aligned NB,large_scale_comparison,Wald,-0.597837000755621,-0.776138959176315,-1.05320060536196,-0.499077312990669,0.141357982747779,,,,,,,,,
343,phase_and_ascertainment,ITS,large_scale_comparison,Wald,-0.597837000755621,-0.392752057722609,-0.672590437894614,-0.112913677550603,0.142774683761227,,,,,,,,,
343,phase_and_ascertainment,GAM,large_scale_comparison,Wald,-0.597837000755621,-0.427133311193201,-0.533253306598325,-0.321013315788078,0.0541428547985325,,,,,,,,,
343,phase_and_ascertainment,Aligned NB,large_scale_comparison,Wald,-0.597837000755621,-0.406816238249655,-0.683514453920733,-0.130118022578577,0.141172559015856,,,,,,,,,
344,phase_and_ascertainment,ITS,large_scale_comparison,Wald,-0.597837000755621,-0.768014068145102,-1.09670489745462,-0.439323238835586,0.167699402708937,,,,,,,,,
344,phase_and_ascertainment,GAM,large_scale_comparison,Wald,-0.597837000755621,-0.47227886015011,-0.580168034569491,-0.36438968573073,0.0550454971527451,,,,,,,,,
344,phase_and_ascertainment,Aligned NB,large_scale_comparison,Wald,-0.597837000755621,-0.820001236253425,-1.14513799256077,-0.494864479946074,0.165886100156811,,,,,,,,,
345,phase_and_ascertainment,ITS,large_scale_comparison,Wald,-0.597837000755621,-0.689854167905807,-0.883041045109875,-0.496667290701739,0.0985647332673817,,,,,,,,,
345,phase_and_ascertainment,GAM,large_scale_comparison,Wald,-0.597837000755621,-0.580054956662527,-0.672181263867229,-0.487928649457825,0.0470032179615827,,,,,,,,,
345,phase_and_ascertainment,Aligned NB,large_scale_comparison,Wald,-0.597837000755621,-0.74638549594197,-0.934159438776408,-0.558611553107531,0.095803032058387,,,,,,,,,
346,phase_and_ascertainment,ITS,large_scale_comparison,Wald,-0.597837000755621,-0.771142092782405,-1.17565732982329,-0.366626855741522,0.206385325020859,,,,,,,,,
346,phase_and_ascertainment,GAM,large_scale_comparison,Wald,-0.597837000755621,-0.703916495262734,-0.832532910246422,-0.575300080279046,0.0656206198896369,,,,,,,,,
346,phase_and_ascertainment,Aligned NB,large_scale_comparison,Wald,-0.597837000755621,-0.8042100905708,-1.2047318316995,-0.403688349442105,0.204347827106477,,,,,,,,,
347,phase_and_ascertainment,ITS,large_scale_comparison,Wald,-0.597837000755621,-0.709337434925595,-0.965818181263645,-0.452856688587545,0.130857523641862,,,,,,,,,
347,phase_and_ascertainment,GAM,large_scale_comparison,Wald,-0.597837000755621,-0.851885347151663,-0.957106228662285,-0.746664465641042,0.0536841232197051,,,,,,,,,
347,phase_and_ascertainment,Aligned NB,large_scale_comparison,Wald,-0.597837000755621,-0.747477342746235,-1.00069904566056,-0.494255639831913,0.129194746384858,,,,,,,,,
348,phase_and_ascertainment,ITS,large_scale_comparison,Wald,-0.597837000755621,-1.09222802052587,-1.44642739042087,-0.738028650630883,0.180713964232138,,,,,,,,,
348,phase_and_ascertainment,GAM,large_scale_comparison,Wald,-0.597837000755621,-0.63245552389728,-0.720092160212432,-0.544818887582127,0.0447125695485473,,,,,,,,,
348,phase_and_ascertainment,Aligned NB,large_scale_comparison,Wald,-0.597837000755621,-1.24429416137584,-1.58731338750777,-0.901274935243901,0.175009809250987,,,,,,,,,
349,phase_and_ascertainment,ITS,large_scale_comparison,Wald,-0.597837000755621,-0.786831851841559,-1.14009488209818,-0.433568821584944,0.180236239926845,,,,,,,,,
349,phase_and_ascertainment,GAM,large_scale_comparison,Wald,-0.597837000755621,-1.06723628055189,-1.19062839862639,-0.943844162477393,0.0629551622829078,,,,,,,,,
349,phase_and_ascertainment,Aligned NB,large_scale_comparison,Wald,-0.597837000755621,-0.861564535388829,-1.20764653864793,-0.515482532129727,0.176572450642399,,,,,,,,,
350,phase_and_ascertainment,ITS,large_scale_comparison,Wald,-0.597837000755621,-0.659685047059377,-0.915198758022729,-0.404171336096025,0.130364138246608,,,,,,,,,
350,phase_and_ascertainment,GAM,large_scale_comparison,Wald,-0.597837000755621,-0.760720643723878,-0.86419538156633,-0.657245905881425,0.0527932335930881,,,,,,,,,
350,phase_and_ascertainment,Aligned NB,large_scale_comparison,Wald,-0.597837000755621,-0.672288214799339,-0.925493382549685,-0.419083047048993,0.129186310076707,,,,,,,,,
351,phase_and_ascertainment,ITS,large_scale_comparison,Wald,-0.597837000755621,-0.773411352017905,-1.0310773296511,-0.515745374384706,0.131462233486326,,,,,,,,,
351,phase_and_ascertainment,GAM,large_scale_comparison,Wald,-0.597837000755621,-0.500839473703018,-0.614334331494624,-0.387344615911412,0.0579055396895949,,,,,,,,,
351,phase_and_ascertainment,Aligned NB,large_scale_comparison,Wald,-0.597837000755621,-0.781782002452249,-1.03807739304362,-0.525486611860879,0.130762954383352,,,,,,,,,
352,phase_and_ascertainment,ITS,large_scale_comparison,Wald,-0.597837000755621,-0.593424929403129,-0.846088156131782,-0.340761702674476,0.128909809555435,,,,,,,,,
352,phase_and_ascertainment,GAM,large_scale_comparison,Wald,-0.597837000755621,-1.05399654458317,-1.17086006037424,-0.937133028792103,0.0596242427505452,,,,,,,,,
352,phase_and_ascertainment,Aligned NB,large_scale_comparison,Wald,-0.597837000755621,-0.642804097950608,-0.887900251710155,-0.397707944191061,0.125049058040585,,,,,,,,,
353,phase_and_ascertainment,ITS,large_scale_comparison,Wald,-0.597837000755621,-0.954096682302296,-1.20921739653756,-0.698975968067029,0.130163629711871,,,,,,,,,
353,phase_and_ascertainment,GAM,large_scale_comparison,Wald,-0.597837000755621,-0.601861229903347,-0.670921547653288,-0.532800912153405,0.0352348559948681,,,,,,,,,
353,phase_and_ascertainment,Aligned NB,large_scale_comparison,Wald,-0.597837000755621,-1.05304164523582,-1.29943955599617,-0.806643734475477,0.125713219775687,,,,,,,,,
354,phase_and_ascertainment,ITS,large_scale_comparison,Wald,-0.597837000755621,-0.34807290253913,-0.542819182168837,-0.153326622909423,0.0993603467498504,,,,,,,,,
354,phase_and_ascertainment,GAM,large_scale_comparison,Wald,-0.597837000755621,-0.848526465671343,-0.941305632074986,-0.755747299267699,0.047336309389614,,,,,,,,,
354,phase_and_ascertainment,Aligned NB,large_scale_comparison,Wald,-0.597837000755621,-0.351174188876336,-0.545610556234223,-0.156737821518448,0.0992022282438202,,,,,,,,,
355,phase_and_ascertainment,ITS,large_scale_comparison,Wald,-0.597837000755621,-0.691734562423844,-0.934206473516263,-0.449262651331425,0.123710158720622,,,,,,,,,
355,phase_and_ascertainment,GAM,large_scale_comparison,Wald,-0.597837000755621,-0.701153353256837,-0.794999381807931,-0.607307324705743,0.0478806268117827,,,,,,,,,
355,phase_and_ascertainment,Aligned NB,large_scale_comparison,Wald,-0.597837000755621,-0.720947991497439,-0.958761708097386,-0.483134274897493,0.121333528877524,,,,,,,,,
356,phase_and_ascertainment,ITS,large_scale_comparison,Wald,-0.597837000755621,-0.64999775276881,-1.10324319361934,-0.196752311918281,0.231247673903331,,,,,,,,,
356,phase_and_ascertainment,GAM,large_scale_comparison,Wald,-0.597837000755621,-0.532775532035983,-0.663196129800701,-0.402354934271265,0.0665411213085297,,,,,,,,,
356,phase_and_ascertainment,Aligned NB,large_scale_comparison,Wald,-0.597837000755621,-0.690808863038132,-1.13714874243595,-0.244468983640313,0.227724428264193,,,,,,,,,
357,phase_and_ascertainment,ITS,large_scale_comparison,Wald,-0.597837000755621,-0.6571189743653,-0.972027462008559,-0.342210486722042,0.160667595736357,,,,,,,,,
357,phase_and_ascertainment,GAM,large_scale_comparison,Wald,-0.597837000755621,-0.34587029420764,-0.4551399190387,-0.236600669376579,0.0557498085872758,,,,,,,,,
357,phase_and_ascertainment,Aligned NB,large_scale_comparison,Wald,-0.597837000755621,-0.730623433996147,-1.03070913439574,-0.430537733596551,0.153104949183468,,,,,,,,,
358,phase_and_ascertainment,ITS,large_scale_comparison,Wald,-0.597837000755621,-0.155371548105815,-0.577620540256452,0.266877444044822,0.215433159260529,,,,,,,,,
358,phase_and_ascertainment,GAM,large_scale_comparison,Wald,-0.597837000755621,-0.417797762239489,-0.529875967315863,-0.305719557163114,0.0571827576920278,,,,,,,,,
358,phase_and_ascertainment,Aligned NB,large_scale_comparison,Wald,-0.597837000755621,-0.167431847136413,-0.5733302195487,0.238466525275873,0.207091006332799,,,,,,,,,
359,phase_and_ascertainment,ITS,large_scale_comparison,Wald,-0.597837000755621,-0.939545140868821,-1.16109528574275,-0.717994995994889,0.113035788200985,,,,,,,,,
359,phase_and_ascertainment,GAM,large_scale_comparison,Wald,-0.597837000755621,-0.638237128850076,-0.733755213238226,-0.542719044461925,0.0487337165245667,,,,,,,,,
359,phase_and_ascertainment,Aligned NB,large_scale_comparison,Wald,-0.597837000755621,-1.02962975336678,-1.24587263162645,-0.813386875107108,0.110327999112077,,,,,,,,,
360,phase_and_ascertainment,ITS,large_scale_comparison,Wald,-0.597837000755621,-0.376199934078518,-0.749168390004225,-0.00323147815281055,0.190290028533524,,,,,,,,,
360,phase_and_ascertainment,GAM,large_scale_comparison,Wald,-0.597837000755621,-0.641447425537876,-0.724840085208198,-0.558054765867553,0.0425472753420015,,,,,,,,,
360,phase_and_ascertainment,Aligned NB,large_scale_comparison,Wald,-0.597837000755621,-0.39745754306557,-0.763861260948102,-0.0310538251830371,0.186940672389047,,,,,,,,,
361,phase_and_ascertainment,ITS,large_scale_comparison,Wald,-0.597837000755621,-0.815275913976455,-1.0511506961472,-0.579401131805714,0.120344276617725,,,,,,,,,
361,phase_and_ascertainment,GAM,large_scale_comparison,Wald,-0.597837000755621,-0.750550565503439,-0.846789325882353,-0.654311805124524,0.0491014083565891,,,,,,,,,
361,phase_and_ascertainment,Aligned NB,large_scale_comparison,Wald,-0.597837000755621,-0.911353425773644,-1.13897900586563,-0.683727845681654,0.116135500046934,,,,,,,,,
362,phase_and_ascertainment,ITS,large_scale_comparison,Wald,-0.597837000755621,-0.171989316168862,-0.532025734289677,0.188047101951953,0.18369205006164,,,,,,,,,
362,phase_and_ascertainment,GAM,large_scale_comparison,Wald,-0.597837000755621,-0.45692521655846,-0.560635679605737,-0.353214753511184,0.0529135015547329,,,,,,,,,
362,phase_and_ascertainment,Aligned NB,large_scale_comparison,Wald,-0.597837000755621,-0.173863342346397,-0.530782871911501,0.183056187218708,0.182101800798523,,,,,,,,,
363,phase_and_ascertainment,ITS,large_scale_comparison,Wald,-0.597837000755621,-0.808413281930058,-1.1073383824358,-0.509488181424317,0.15251280638048,,,,,,,,,
363,phase_and_ascertainment,GAM,large_scale_comparison,Wald,-0.597837000755621,-0.601206463151149,-0.677168288530807,-0.525244637771491,0.0387560333569685,,,,,,,,,
363,phase_and_ascertainment,Aligned NB,large_scale_comparison,Wald,-0.597837000755621,-0.841956202988337,-1.13812056492711,-0.545791841049559,0.151104266295295,,,,,,,,,
364,phase_and_ascertainment,ITS,large_scale_comparison,Wald,-0.597837000755621,-0.829241325219983,-1.17002844442768,-0.488454206012284,0.173870979187602,,,,,,,,,
364,phase_and_ascertainment,GAM,large_scale_comparison,Wald,-0.597837000755621,-0.531092686872648,-0.606640961202193,-0.455544412543102,0.0385450379232376,,,,,,,,,
364,phase_and_ascertainment,Aligned NB,large_scale_comparison,Wald,-0.597837000755621,-0.916960493938753,-1.25055593003462,-0.583365057842883,0.170201753110138,,,,,,,,,
365,phase_and_ascertainment,ITS,large_scale_comparison,Wald,-0.597837000755621,-0.739738243466847,-1.12521238341809,-0.354264103515607,0.196670479566959,,,,,,,,,
365,phase_and_ascertainment,GAM,large_scale_comparison,Wald,-0.597837000755621,-0.536011524856978,-0.646677419744543,-0.425345629969414,0.0564621912691655,,,,,,,,,
365,phase_and_ascertainment,Aligned NB,large_scale_comparison,Wald,-0.597837000755621,-0.761643219387528,-1.14299597038849,-0.38029046838657,0.19456773010253,,,,,,,,,
366,phase_and_ascertainment,ITS,large_scale_comparison,Wald,-0.597837000755621,-0.360761679276727,-0.676467723825437,-0.0450556347280164,0.161074512524852,,,,,,,,,
366,phase_and_ascertainment,GAM,large_scale_comparison,Wald,-0.597837000755621,-0.596353013504962,-0.690936689528005,-0.501769337481919,0.048256977562777,,,,,,,,,
366,phase_and_ascertainment,Aligned NB,large_scale_comparison,Wald,-0.597837000755621,-0.387440010472875,-0.694878081134934,-0.0800019398108163,0.15685615850105,,,,,,,,,
367,phase_and_ascertainment,ITS,large_scale_comparison,Wald,-0.597837000755621,-0.55070028547854,-0.796319964561876,-0.305080606395203,0.125316162797621,,,,,,,,,
367,phase_and_ascertainment,GAM,large_scale_comparison,Wald,-0.597837000755621,-0.825792484377809,-0.923103340224027,-0.728481628531592,0.0496483958399069,,,,,,,,,
367,phase_and_ascertainment,Aligned NB,large_scale_comparison,Wald,-0.597837000755621,-0.590728059419306,-0.831688294437886,-0.349767824400726,0.122938895417643,,,,,,,,,
368,phase_and_ascertainment,ITS,large_scale_comparison,Wald,-0.597837000755621,-0.624915447357927,-0.877210228895707,-0.372620665820146,0.128721827315194,,,,,,,,,
368,phase_and_ascertainment,GAM,large_scale_comparison,Wald,-0.597837000755621,-0.816420076085139,-0.926787562628871,-0.706052589541407,0.056309942114149,,,,,,,,,
368,phase_and_ascertainment,Aligned NB,large_scale_comparison,Wald,-0.597837000755621,-0.643443127183223,-0.894087461028916,-0.39279879333753,0.12787976216617,,,,,,,,,
369,phase_and_ascertainment,ITS,large_scale_comparison,Wald,-0.597837000755621,-0.538603355716524,-0.701857684359442,-0.375349027073606,0.0832930248178153,,,,,,,,,
369,phase_and_ascertainment,GAM,large_scale_comparison,Wald,-0.597837000755621,-0.289384601588147,-0.372817813581109,-0.205951389595185,0.0425679653025317,,,,,,,,,
369,phase_and_ascertainment,Aligned NB,large_scale_comparison,Wald,-0.597837000755621,-0.571151524458809,-0.732050956274975,-0.410252092642644,0.0820915468449824,,,,,,,,,
370,phase_and_ascertainment,ITS,large_scale_comparison,Wald,-0.597837000755621,-0.47239096841027,-0.713058739111221,-0.231723197709319,0.122789678929057,,,,,,,,,
370,phase_and_ascertainment,GAM,large_scale_comparison,Wald,-0.597837000755621,-0.719090017401802,-0.829311380382699,-0.608868654420905,0.056235389275968,,,,,,,,,
370,phase_and_ascertainment,Aligned NB,large_scale_comparison,Wald,-0.597837000755621,-0.494781346198453,-0.728724336224839,-0.260838356172067,0.119358668380809,,,,,,,,,
371,phase_and_ascertainment,ITS,large_scale_comparison,Wald,-0.597837000755621,-0.392082636914271,-0.793503359644009,0.00933808581546641,0.204806491188642,,,,,,,,,
371,phase_and_ascertainment,GAM,large_scale_comparison,Wald,-0.597837000755621,-0.753290890864774,-0.886375400386869,-0.620206381342679,0.0679002599602527,,,,,,,,,
371,phase_and_ascertainment,Aligned NB,large_scale_comparison,Wald,-0.597837000755621,-0.463006904314247,-0.851547525335243,-0.0744662832932512,0.198235010724998,,,,,,,,,
372,phase_and_ascertainment,ITS,large_scale_comparison,Wald,-0.597837000755621,-0.588604590648878,-0.812477023979379,-0.364732157318377,0.114220629250255,,,,,,,,,
372,phase_and_ascertainment,GAM,large_scale_comparison,Wald,-0.597837000755621,-0.744455525234624,-0.838992090368678,-0.649918960100569,0.0482329413949258,,,,,,,,,
372,phase_and_ascertainment,Aligned NB,large_scale_comparison,Wald,-0.597837000755621,-0.612293370268895,-0.834284877278754,-0.390301863259036,0.113260972964214,,,,,,,,,
373,phase_and_ascertainment,ITS,large_scale_comparison,Wald,-0.597837000755621,-0.362136222530461,-0.688931626056637,-0.0353408190042854,0.166732348737845,,,,,,,,,
373,phase_and_ascertainment,GAM,large_scale_comparison,Wald,-0.597837000755621,-0.493549442533666,-0.602483775089487,-0.384615109977844,0.0555787410999089,,,,,,,,,
373,phase_and_ascertainment,Aligned NB,large_scale_comparison,Wald,-0.597837000755621,-0.46634021367928,-0.777031520271869,-0.155648907086692,0.158515972751321,,,,,,,,,
374,phase_and_ascertainment,ITS,large_scale_comparison,Wald,-0.597837000755621,-0.836461484622384,-1.2487497683715,-0.424173200873269,0.21035116517812,,,,,,,,,
374,phase_and_ascertainment,GAM,large_scale_comparison,Wald,-0.597837000755621,-0.596834550870404,-0.717741954403994,-0.475927147336815,0.0616874507824436,,,,,,,,,
374,phase_and_ascertainment,Aligned NB,large_scale_comparison,Wald,-0.597837000755621,-0.858414541524421,-1.26578643890784,-0.451042644140998,0.20784280478746,,,,,,,,,
375,phase_and_ascertainment,ITS,large_scale_comparison,Wald,-0.597837000755621,-0.718186209598434,-0.960873310844125,-0.475499108352743,0.123819949615148,,,,,,,,,
375,phase_and_ascertainment,GAM,large_scale_comparison,Wald,-0.597837000755621,-0.941271884000158,-1.04411581983588,-0.838427948164437,0.0524713958345511,,,,,,,,,
375,phase_and_ascertainment,Aligned NB,large_scale_comparison,Wald,-0.597837000755621,-0.730417656450572,-0.971055346950454,-0.489779965950689,0.122774331887695,,,,,,,,,
376,phase_and_ascertainment,ITS,large_scale_comparison,Wald,-0.597837000755621,-0.417163553883387,-0.852487979351369,0.018160871584596,0.222104298708154,,,,,,,,,
376,phase_and_ascertainment,GAM,large_scale_comparison,Wald,-0.597837000755621,-0.743128371646065,-0.857204113728358,-0.629052629563771,0.0582019092256598,,,,,,,,,
376,phase_and_ascertainment,Aligned NB,large_scale_comparison,Wald,-0.597837000755621,-0.463412341409208,-0.887910051220884,-0.0389146315975313,0.216580464189631,,,,,,,,,
377,phase_and_ascertainment,ITS,large_scale_comparison,Wald,-0.597837000755621,-0.375573835198298,-0.707138301155732,-0.0440093692408649,0.169165543855833,,,,,,,,,
377,phase_and_ascertainment,GAM,large_scale_comparison,Wald,-0.597837000755621,-0.720781042643721,-0.811543842126054,-0.630018243161389,0.0463075507562921,,,,,,,,,
377,phase_and_ascertainment,Aligned NB,large_scale_comparison,Wald,-0.597837000755621,-0.428645937901895,-0.7473678836324,-0.109923992171389,0.162613237617605,,,,,,,,,
378,phase_and_ascertainment,ITS,large_scale_comparison,Wald,-0.597837000755621,-0.588284815173345,-0.906893249106482,-0.269676381240209,0.162555323435274,,,,,,,,,
378,phase_and_ascertainment,GAM,large_scale_comparison,Wald,-0.597837000755621,-0.626222149436049,-0.705412410423953,-0.547031888448144,0.0404031943815838,,,,,,,,,
378,phase_and_ascertainment,Aligned NB,large_scale_comparison,Wald,-0.597837000755621,-0.653950783547392,-0.956678854632571,-0.351222712462212,0.154453097492439,,,,,,,,,
379,phase_and_ascertainment,ITS,large_scale_comparison,Wald,-0.597837000755621,-0.385878122687572,-0.796657621792538,0.0249013764173951,0.209581377094371,,,,,,,,,
379,phase_and_ascertainment,GAM,large_scale_comparison,Wald,-0.597837000755621,-0.833915664184687,-0.960136607201139,-0.707694721168234,0.0643984403145167,,,,,,,,,
379,phase_and_ascertainment,Aligned NB,large_scale_comparison,Wald,-0.597837000755621,-0.435407553881251,-0.834166314506003,-0.0366487932564999,0.203448347257526,,,,,,,,,
380,phase_and_ascertainment,ITS,large_scale_comparison,Wald,-0.597837000755621,-0.584729167399127,-0.840908454715865,-0.328549880082389,0.130703718018744,,,,,,,,,
380,phase_and_ascertainment,GAM,large_scale_comparison,Wald,-0.597837000755621,-0.444518365913012,-0.515560083983137,-0.373476647842886,0.0362457745255742,,,,,,,,,
380,phase_and_ascertainment,Aligned NB,large_scale_comparison,Wald,-0.597837000755621,-0.602001133928418,-0.852834846176101,-0.351167421680735,0.127976383799838,,,,,,,,,
381,phase_and_ascertainment,ITS,large_scale_comparison,Wald,-0.597837000755621,-0.577088265733018,-0.960510152424826,-0.19366637904121,0.195623411577453,,,,,,,,,
381,phase_and_ascertainment,GAM,large_scale_comparison,Wald,-0.597837000755621,-0.418293921126709,-0.528655764568026,-0.307932077685392,0.0563070629802637,,,,,,,,,
381,phase_and_ascertainment,Aligned NB,large_scale_comparison,Wald,-0.597837000755621,-0.643465232484085,-1.01580353035106,-0.271126934617114,0.189968519319883,,,,,,,,,
382,phase_and_ascertainment,ITS,large_scale_comparison,Wald,-0.597837000755621,-1.18644038508684,-1.45615547749868,-0.916725292674989,0.137609741026453,,,,,,,,,
382,phase_and_ascertainment,GAM,large_scale_comparison,Wald,-0.597837000755621,-0.67478810628125,-0.752835625920172,-0.596740586642328,0.0398201630810826,,,,,,,,,
382,phase_and_ascertainment,Aligned NB,large_scale_comparison,Wald,-0.597837000755621,-1.22930223526004,-1.49618478061057,-0.962419689909512,0.136164563954352,,,,,,,,,
383,phase_and_ascertainment,ITS,large_scale_comparison,Wald,-0.597837000755621,-0.91041739490511,-1.21288012966363,-0.60795466014659,0.154317721815572,,,,,,,,,
383,phase_and_ascertainment,GAM,large_scale_comparison,Wald,-0.597837000755621,-0.908599483064611,-1.02376095151637,-0.793438014612855,0.0587558512508961,,,,,,,,,
383,phase_and_ascertainment,Aligned NB,large_scale_comparison,Wald,-0.597837000755621,-0.924621853556163,-1.22596577189155,-0.623277935220776,0.153746897109891,,,,,,,,,
384,phase_and_ascertainment,ITS,large_scale_comparison,Wald,-0.597837000755621,-0.4463819524147,-0.720301062064568,-0.172462842764832,0.139754647780545,,,,,,,,,
384,phase_and_ascertainment,GAM,large_scale_comparison,Wald,-0.597837000755621,-0.738975872389934,-0.852182960738415,-0.625768784041452,0.0577587185451437,,,,,,,,,
384,phase_and_ascertainment,Aligned NB,large_scale_comparison,Wald,-0.597837000755621,-0.503231179233467,-0.761796388099976,-0.244665970366958,0.131921024931892,,,,,,,,,
385,phase_and_ascertainment,ITS,large_scale_comparison,Wald,-0.597837000755621,-0.478114840822232,-0.659334663397658,-0.296895018246806,0.0924590931507275,,,,,,,,,
385,phase_and_ascertainment,GAM,large_scale_comparison,Wald,-0.597837000755621,-0.624414420316354,-0.703949585069773,-0.544879255562934,0.0405791656905202,,,,,,,,,
385,phase_and_ascertainment,Aligned NB,large_scale_comparison,Wald,-0.597837000755621,-0.524533711855813,-0.702422792112131,-0.346644631599496,0.0907597348246518,,,,,,,,,
386,phase_and_ascertainment,ITS,large_scale_comparison,Wald,-0.597837000755621,-0.316838244858111,-0.752994941738966,0.119318452022745,0.222528926980028,,,,,,,,,
386,phase_and_ascertainment,GAM,large_scale_comparison,Wald,-0.597837000755621,-0.618069439679175,-0.739118584709803,-0.497020294648547,0.0617597678727694,,,,,,,,,
386,phase_and_ascertainment,Aligned NB,large_scale_comparison,Wald,-0.597837000755621,-0.36923879587382,-0.787562924662398,0.049085332914759,0.213430677953356,,,,,,,,,
387,phase_and_ascertainment,ITS,large_scale_comparison,Wald,-0.597837000755621,-0.417936702201123,-0.638020933771503,-0.197852470630743,0.112287873250194,,,,,,,,,
387,phase_and_ascertainment,GAM,large_scale_comparison,Wald,-0.597837000755621,-0.410556053317152,-0.523642795485094,-0.297469311149209,0.0576973174326239,,,,,,,,,
387,phase_and_ascertainment,Aligned NB,large_scale_comparison,Wald,-0.597837000755621,-0.443914985352541,-0.6562935475335,-0.231536423171582,0.108356409275999,,,,,,,,,
388,phase_and_ascertainment,ITS,large_scale_comparison,Wald,-0.597837000755621,-0.738247035927445,-1.03268522485384,-0.443808847001047,0.150223565778775,,,,,,,,,
388,phase_and_ascertainment,GAM,large_scale_comparison,Wald,-0.597837000755621,-0.531946411919548,-0.620703206892798,-0.443189616946297,0.0452840790679849,,,,,,,,,
388,phase_and_ascertainment,Aligned NB,large_scale_comparison,Wald,-0.597837000755621,-0.771482533464442,-1.06201219357893,-0.480952873349954,0.148229418425759,,,,,,,,,
389,phase_and_ascertainment,ITS,large_scale_comparison,Wald,-0.597837000755621,-0.590407312464253,-0.809645938075494,-0.371168686853011,0.111856441638388,,,,,,,,,
389,phase_and_ascertainment,GAM,large_scale_comparison,Wald,-0.597837000755621,-0.56856556668996,-0.66364696643278,-0.47348416694714,0.0485109182361328,,,,,,,,,
389,phase_and_ascertainment,Aligned NB,large_scale_comparison,Wald,-0.597837000755621,-0.596550166720424,-0.814460867644716,-0.378639465796132,0.111178929043006,,,,,,,,,
390,phase_and_ascertainment,ITS,large_scale_comparison,Wald,-0.597837000755621,-0.642719926791092,-1.14474689118052,-0.140692962401668,0.256136206321135,,,,,,,,,
390,phase_and_ascertainment,GAM,large_scale_comparison,Wald,-0.597837000755621,-0.680284759247617,-0.792822844145773,-0.567746674349461,0.0574173902541614,,,,,,,,,
390,phase_and_ascertainment,Aligned NB,large_scale_comparison,Wald,-0.597837000755621,-0.682884726796722,-1.17061391494321,-0.195155538650232,0.248841422523719,,,,,,,,,
391,phase_and_ascertainment,ITS,large_scale_comparison,Wald,-0.597837000755621,-0.230969394863568,-0.549036742789406,0.0870979530622695,0.162279259145836,,,,,,,,,
391,phase_and_ascertainment,GAM,large_scale_comparison,Wald,-0.597837000755621,-0.396697424784965,-0.46710387208861,-0.326290977481321,0.0359216567875737,,,,,,,,,
391,phase_and_ascertainment,Aligned NB,large_scale_comparison,Wald,-0.597837000755621,-0.243118841417952,-0.553053950878913,0.0668162680430097,0.158130157888246,,,,,,,,,
392,phase_and_ascertainment,ITS,large_scale_comparison,Wald,-0.597837000755621,-0.450424424517536,-0.784654181805999,-0.116194667229074,0.170525386371664,,,,,,,,,
392,phase_and_ascertainment,GAM,large_scale_comparison,Wald,-0.597837000755621,-0.746527209407307,-0.863492904787812,-0.629561514026801,0.0596763751941355,,,,,,,,,
392,phase_and_ascertainment,Aligned NB,large_scale_comparison,Wald,-0.597837000755621,-0.489531157656093,-0.818655401001895,-0.160406914310292,0.167920532319286,,,,,,,,,
393,phase_and_ascertainment,ITS,large_scale_comparison,Wald,-0.597837000755621,-0.621234866630675,-0.887680031763848,-0.354789701497503,0.135941410782231,,,,,,,,,
393,phase_and_ascertainment,GAM,large_scale_comparison,Wald,-0.597837000755621,-0.248203763469497,-0.349395617793757,-0.147011909145237,0.0516284971042144,,,,,,,,,
393,phase_and_ascertainment,Aligned NB,large_scale_comparison,Wald,-0.597837000755621,-0.709364703561695,-0.963161418645004,-0.455567988478385,0.129488119940464,,,,,,,,,
394,phase_and_ascertainment,ITS,large_scale_comparison,Wald,-0.597837000755621,-0.851276909195407,-1.10580155833679,-0.596752260054028,0.12985951486805,,,,,,,,,
394,phase_and_ascertainment,GAM,large_scale_comparison,Wald,-0.597837000755621,-0.77467201528027,-0.856479137795045,-0.692864892765496,0.0417383278136606,,,,,,,,,
394,phase_and_ascertainment,Aligned NB,large_scale_comparison,Wald,-0.597837000755621,-0.903112482098681,-1.14952199347874,-0.656702970718624,0.125719138459213,,,,,,,,,
395,phase_and_ascertainment,ITS,large_scale_comparison,Wald,-0.597837000755621,-1.01277255957763,-1.52053798682876,-0.505007132326504,0.259063993495473,,,,,,,,,
395,phase_and_ascertainment,GAM,large_scale_comparison,Wald,-0.597837000755621,-0.799900704026145,-0.891231622211672,-0.708569785840618,0.0465974072375137,,,,,,,,,
395,phase_and_ascertainment,Aligned NB,large_scale_comparison,Wald,-0.597837000755621,-1.12391696668555,-1.61611621741439,-0.631717715956697,0.251122066698392,,,,,,,,,
396,phase_and_ascertainment,ITS,large_scale_comparison,Wald,-0.597837000755621,-0.766853002901873,-1.01242433840389,-0.521281667399856,0.125291497705111,,,,,,,,,
396,phase_and_ascertainment,GAM,large_scale_comparison,Wald,-0.597837000755621,-0.691878610478375,-0.77155936659101,-0.612197854365741,0.040653446996242,,,,,,,,,
396,phase_and_ascertainment,Aligned NB,large_scale_comparison,Wald,-0.597837000755621,-0.796245977278541,-1.03763871997139,-0.554853234585695,0.123159562598391,,,,,,,,,
397,phase_and_ascertainment,ITS,large_scale_comparison,Wald,-0.597837000755621,-0.800139095782873,-1.07569401790132,-0.524584173664422,0.140589245978801,,,,,,,,,
397,phase_and_ascertainment,GAM,large_scale_comparison,Wald,-0.597837000755621,-0.65069451416529,-0.721095957988431,-0.58029307034215,0.0359191039913982,,,,,,,,,
397,phase_and_ascertainment,Aligned NB,large_scale_comparison,Wald,-0.597837000755621,-0.885744212208354,-1.15501639848452,-0.616472025932192,0.137383768508246,,,,,,,,,
398,phase_and_ascertainment,ITS,large_scale_comparison,Wald,-0.597837000755621,-0.624213990087239,-0.86910017165389,-0.379327808520588,0.12494192937074,,,,,,,,,
398,phase_and_ascertainment,GAM,large_scale_comparison,Wald,-0.597837000755621,-0.761225583265642,-0.834728766212778,-0.687722400318506,0.0375016239526204,,,,,,,,,
398,phase_and_ascertainment,Aligned NB,large_scale_comparison,Wald,-0.597837000755621,-0.658535315099738,-0.90261748230797,-0.414453147891506,0.124531717963384,,,,,,,,,
399,phase_and_ascertainment,ITS,large_scale_comparison,Wald,-0.597837000755621,-0.812433072664055,-1.14788519097272,-0.476980954355388,0.171149039953402,,,,,,,,,
399,phase_and_ascertainment,GAM,large_scale_comparison,Wald,-0.597837000755621,-0.169459728153655,-0.275663007821213,-0.063256448486098,0.0541853467691619,,,,,,,,,
399,phase_and_ascertainment,Aligned NB,large_scale_comparison,Wald,-0.597837000755621,-0.836984771092119,-1.1693844850013,-0.504585057182933,0.169591690769993,,,,,,,,,
400,phase_and_ascertainment,ITS,large_scale_comparison,Wald,-0.597837000755621,-0.681630166838346,-0.988204298056197,-0.375056035620494,0.156415373070332,,,,,,,,,
400,phase_and_ascertainment,GAM,large_scale_comparison,Wald,-0.597837000755621,-0.567432372417292,-0.644342602903935,-0.49052214193065,0.0392399135135931,,,,,,,,,
400,phase_and_ascertainment,Aligned NB,large_scale_comparison,Wald,-0.597837000755621,-0.734372052587538,-1.03181057544067,-0.436933529734407,0.151754348394455,,,,,,,,,
401,phase_and_ascertainment,ITS,large_scale_comparison,Wald,-0.597837000755621,-0.702522144713678,-0.989145827569724,-0.415898461857632,0.146236572885738,,,,,,,,,
401,phase_and_ascertainment,GAM,large_scale_comparison,Wald,-0.597837000755621,-0.751562030778512,-0.831337545920258,-0.671786515636767,0.0407017934396659,,,,,,,,,
401,phase_and_ascertainment,Aligned NB,large_scale_comparison,Wald,-0.597837000755621,-0.709974441096951,-0.996061279369403,-0.423887602824498,0.145962672587986,,,,,,,,,
402,phase_and_ascertainment,ITS,large_scale_comparison,Wald,-0.597837000755621,-0.612622151860375,-0.874507891228076,-0.350736412492674,0.133615173146786,,,,,,,,,
402,phase_and_ascertainment,GAM,large_scale_comparison,Wald,-0.597837000755621,-0.687907846754067,-0.774650003169106,-0.601165690339027,0.0442562022525712,,,,,,,,,
402,phase_and_ascertainment,Aligned NB,large_scale_comparison,Wald,-0.597837000755621,-0.654120146760286,-0.903673009963917,-0.404567283556656,0.127322889389607,,,,,,,,,
403,phase_and_ascertainment,ITS,large_scale_comparison,Wald,-0.597837000755621,-0.394966888624126,-0.726001165526806,-0.0639326117214455,0.168895039236061,,,,,,,,,
403,phase_and_ascertainment,GAM,large_scale_comparison,Wald,-0.597837000755621,-0.781778910477822,-0.871548093043364,-0.69200972791228,0.0458006033497665,,,,,,,,,
403,phase_and_ascertainment,Aligned NB,large_scale_comparison,Wald,-0.597837000755621,-0.425153634251977,-0.748846832074014,-0.101460436429941,0.165149590725529,,,,,,,,,
404,phase_and_ascertainment,ITS,large_scale_comparison,Wald,-0.597837000755621,-0.619921766661629,-0.902977605173037,-0.336865928150221,0.144416244138474,,,,,,,,,
404,phase_and_ascertainment,GAM,large_scale_comparison,Wald,-0.597837000755621,-0.489009414313578,-0.588466044461753,-0.389552784165403,0.0507431786470279,,,,,,,,,
404,phase_and_ascertainment,Aligned NB,large_scale_comparison,Wald,-0.597837000755621,-0.735128398202113,-1.00283492928967,-0.467421867114557,0.13658496484059,,,,,,,,,
405,phase_and_ascertainment,ITS,large_scale_comparison,Wald,-0.597837000755621,-0.819683615106062,-1.03549787659734,-0.603869353614789,0.110109317087384,,,,,,,,,
405,phase_and_ascertainment,GAM,large_scale_comparison,Wald,-0.597837000755621,-0.667776013110478,-0.743239695803682,-0.592312330417274,0.0385018789251042,,,,,,,,,
405,phase_and_ascertainment,Aligned NB,large_scale_comparison,Wald,-0.597837000755621,-0.913037977209832,-1.12306805371332,-0.703007900706347,0.107158202297696,,,,,,,,,
406,phase_and_ascertainment,ITS,large_scale_comparison,Wald,-0.597837000755621,-0.864622616066431,-1.32528600600862,-0.403959226124242,0.235032341807239,,,,,,,,,
406,phase_and_ascertainment,GAM,large_scale_comparison,Wald,-0.597837000755621,-0.663237537628255,-0.749391472645672,-0.577083602610839,0.0439560892946002,,,,,,,,,
406,phase_and_ascertainment,Aligned NB,large_scale_comparison,Wald,-0.597837000755621,-0.967601972135691,-1.41499708916626,-0.520206855105128,0.228262814811512,,,,,,,,,
407,phase_and_ascertainment,ITS,large_scale_comparison,Wald,-0.597837000755621,-0.752907923857063,-0.98406207550933,-0.521753772204795,0.11793579165932,,,,,,,,,
407,phase_and_ascertainment,GAM,large_scale_comparison,Wald,-0.597837000755621,-0.711919438122945,-0.809702785911041,-0.614136090334849,0.0498894631571918,,,,,,,,,
407,phase_and_ascertainment,Aligned NB,large_scale_comparison,Wald,-0.597837000755621,-0.79371804827919,-1.02176236173096,-0.565673734827418,0.11634913951621,,,,,,,,,
408,phase_and_ascertainment,ITS,large_scale_comparison,Wald,-0.597837000755621,-1.18568491151162,-1.56790790665256,-0.803461916370688,0.195011732214763,,,,,,,,,
408,phase_and_ascertainment,GAM,large_scale_comparison,Wald,-0.597837000755621,-0.985510582759002,-1.11638899230426,-0.854632173213746,0.0667746987475795,,,,,,,,,
408,phase_and_ascertainment,Aligned NB,large_scale_comparison,Wald,-0.597837000755621,-1.25001481073321,-1.62591927086847,-0.874110350597949,0.191787989864928,,,,,,,,,
409,phase_and_ascertainment,ITS,large_scale_comparison,Wald,-0.597837000755621,-0.615843010684352,-0.889294111288301,-0.342391910080403,0.139515867655076,,,,,,,,,
409,phase_and_ascertainment,GAM,large_scale_comparison,Wald,-0.597837000755621,-0.597853949226978,-0.70546663089849,-0.490241267555466,0.0549044294242407,,,,,,,,,
409,phase_and_ascertainment,Aligned NB,large_scale_comparison,Wald,-0.597837000755621,-0.625113173565131,-0.897556457526571,-0.352669889603691,0.139001675490531,,,,,,,,,
410,phase_and_ascertainment,ITS,large_scale_comparison,Wald,-0.597837000755621,-1.01268795623214,-1.37419558169793,-0.651180330766342,0.184442666053977,,,,,,,,,
410,phase_and_ascertainment,GAM,large_scale_comparison,Wald,-0.597837000755621,-0.698144237055739,-0.805273538358317,-0.591014935753161,0.0546578067870295,,,,,,,,,
410,phase_and_ascertainment,Aligned NB,large_scale_comparison,Wald,-0.597837000755621,-1.03441541490923,-1.39345508166744,-0.675375748151011,0.183183503448069,,,,,,,,,
411,phase_and_ascertainment,ITS,large_scale_comparison,Wald,-0.597837000755621,-0.650555169870038,-0.816071577223504,-0.485038762516571,0.0844471466089116,,,,,,,,,
411,phase_and_ascertainment,GAM,large_scale_comparison,Wald,-0.597837000755621,-0.758804994008195,-0.851533491283054,-0.666076496733336,0.0473104577932953,,,,,,,,,
411,phase_and_ascertainment,Aligned NB,large_scale_comparison,Wald,-0.597837000755621,-0.662387042863437,-0.827403777710287,-0.497370308016586,0.0841922116565564,,,,,,,,,
412,phase_and_ascertainment,ITS,large_scale_comparison,Wald,-0.597837000755621,-0.723100186248485,-1.13834165262954,-0.307858719867428,0.211857891010744,,,,,,,,,
412,phase_and_ascertainment,GAM,large_scale_comparison,Wald,-0.597837000755621,-0.644815637249717,-0.7423645097384,-0.547266764761034,0.0497698329023894,,,,,,,,,
412,phase_and_ascertainment,Aligned NB,large_scale_comparison,Wald,-0.597837000755621,-0.777947818183571,-1.18125656432322,-0.374639072043919,0.205769768438598,,,,,,,,,
413,phase_and_ascertainment,ITS,large_scale_comparison,Wald,-0.597837000755621,-0.821663311785906,-1.14064334258852,-0.502683280983291,0.162744913674804,,,,,,,,,
413,phase_and_ascertainment,GAM,large_scale_comparison,Wald,-0.597837000755621,-0.927187966212098,-1.0461789518282,-0.808196980595995,0.060709686538828,,,,,,,,,
413,phase_and_ascertainment,Aligned NB,large_scale_comparison,Wald,-0.597837000755621,-0.865936546675984,-1.18177446788333,-0.550098625468634,0.161141796534362,,,,,,,,,
414,phase_and_ascertainment,ITS,large_scale_comparison,Wald,-0.597837000755621,-0.496017340013176,-0.922622637637538,-0.069412042388815,0.217655764094062,,,,,,,,,
414,phase_and_ascertainment,GAM,large_scale_comparison,Wald,-0.597837000755621,-0.7412757274624,-0.860775870819652,-0.621775584105147,0.0609694608965574,,,,,,,,,
414,phase_and_ascertainment,Aligned NB,large_scale_comparison,Wald,-0.597837000755621,-0.50850171620219,-0.926372084663159,-0.0906313477412208,0.213199167582127,,,,,,,,,
415,phase_and_ascertainment,ITS,large_scale_comparison,Wald,-0.597837000755621,-0.2688637170012,-0.675686414858997,0.137958980856597,0.207562600947855,,,,,,,,,
415,phase_and_ascertainment,GAM,large_scale_comparison,Wald,-0.597837000755621,-0.708126565738752,-0.830584594405122,-0.585668537072381,0.0624785860542708,,,,,,,,,
415,phase_and_ascertainment,Aligned NB,large_scale_comparison,Wald,-0.597837000755621,-0.284758160158866,-0.682449546492797,0.112933226175064,0.20290376853772,,,,,,,,,
416,phase_and_ascertainment,ITS,large_scale_comparison,Wald,-0.597837000755621,-0.0855644223402405,-0.377452008913165,0.206323164232684,0.148922238047411,,,,,,,,,
416,phase_and_ascertainment,GAM,large_scale_comparison,Wald,-0.597837000755621,-0.219207081551287,-0.333675202137388,-0.104738960965186,0.0584021023398473,,,,,,,,,
416,phase_and_ascertainment,Aligned NB,large_scale_comparison,Wald,-0.597837000755621,-0.085262444376779,-0.375194104362782,0.204669215609224,0.147924316319389,,,,,,,,,
417,phase_and_ascertainment,ITS,large_scale_comparison,Wald,-0.597837000755621,-0.693233315645191,-0.960122482561352,-0.426344148729031,0.136167942304164,,,,,,,,,
417,phase_and_ascertainment,GAM,large_scale_comparison,Wald,-0.597837000755621,-0.615128439758044,-0.716822076705253,-0.513434802810834,0.0518845086465355,,,,,,,,,
417,phase_and_ascertainment,Aligned NB,large_scale_comparison,Wald,-0.597837000755621,-0.766679142879064,-1.02642072246929,-0.50693756328884,0.132521214076645,,,,,,,,,
418,phase_and_ascertainment,ITS,large_scale_comparison,Wald,-0.597837000755621,-0.770420235679851,-0.992573971305998,-0.548266500053704,0.113343742666402,,,,,,,,,
418,phase_and_ascertainment,GAM,large_scale_comparison,Wald,-0.597837000755621,-0.329921619309182,-0.417333133952225,-0.242510104666139,0.044597711552573,,,,,,,,,
418,phase_and_ascertainment,Aligned NB,large_scale_comparison,Wald,-0.597837000755621,-0.783715912474559,-1.0046677929859,-0.562764031963222,0.112730551281295,,,,,,,,,
419,phase_and_ascertainment,ITS,large_scale_comparison,Wald,-0.597837000755621,-0.88639509752726,-1.16603867594369,-0.606751519110829,0.142675295110424,,,,,,,,,
419,phase_and_ascertainment,GAM,large_scale_comparison,Wald,-0.597837000755621,-0.501807231159845,-0.590440714861025,-0.413173747458666,0.0452211651536631,,,,,,,,,
419,phase_and_ascertainment,Aligned NB,large_scale_comparison,Wald,-0.597837000755621,-0.944386957085937,-1.21812223610077,-0.670651678071104,0.139660856640221,,,,,,,,,
420,phase_and_ascertainment,ITS,large_scale_comparison,Wald,-0.597837000755621,-0.36894224350512,-0.74088952644426,0.00300503943401981,0.189769021907725,,,,,,,,,
420,phase_and_ascertainment,GAM,large_scale_comparison,Wald,-0.597837000755621,-0.643870792086697,-0.750362103324055,-0.537379480849338,0.0543323016517134,,,,,,,,,
420,phase_and_ascertainment,Aligned NB,large_scale_comparison,Wald,-0.597837000755621,-0.368793512366274,-0.735806749896095,-0.0017802748364521,0.187251651800929,,,,,,,,,
421,phase_and_ascertainment,ITS,large_scale_comparison,Wald,-0.597837000755621,-1.06141968786367,-1.31488797879014,-0.807951396937198,0.129320556595139,,,,,,,,,
421,phase_and_ascertainment,GAM,large_scale_comparison,Wald,-0.597837000755621,-0.754844335775183,-0.837835622699482,-0.671853048850883,0.0423424933287242,,,,,,,,,
421,phase_and_ascertainment,Aligned NB,large_scale_comparison,Wald,-0.597837000755621,-1.10467572666594,-1.3539235225902,-0.85542793074167,0.127167242818503,,,,,,,,,
422,phase_and_ascertainment,ITS,large_scale_comparison,Wald,-0.597837000755621,-0.619461749322756,-0.895715019177083,-0.343208479468429,0.140945545844044,,,,,,,,,
422,phase_and_ascertainment,GAM,large_scale_comparison,Wald,-0.597837000755621,-0.895786008844916,-1.01312236817852,-0.778449649511309,0.059865489455922,,,,,,,,,
422,phase_and_ascertainment,Aligned NB,large_scale_comparison,Wald,-0.597837000755621,-0.628806706028978,-0.903897423610175,-0.353715988447781,0.140352406929182,,,,,,,,,
423,phase_and_ascertainment,ITS,large_scale_comparison,Wald,-0.597837000755621,-1.1162392670593,-1.4433495434345,-0.789128990684104,0.166892998150611,,,,,,,,,
423,phase_and_ascertainment,GAM,large_scale_comparison,Wald,-0.597837000755621,-0.6213102149786,-0.72849555755879,-0.514124872398409,0.0546863992756074,,,,,,,,,
423,phase_and_ascertainment,Aligned NB,large_scale_comparison,Wald,-0.597837000755621,-1.18885114835388,-1.51447169086133,-0.863230605846433,0.166132929850738,,,,,,,,,
424,phase_and_ascertainment,ITS,large_scale_comparison,Wald,-0.597837000755621,-0.569361784633945,-0.809765440055012,-0.328958129212879,0.122654926235238,,,,,,,,,
424,phase_and_ascertainment,GAM,large_scale_comparison,Wald,-0.597837000755621,-0.918183940478148,-1.02923880481015,-0.807129076146142,0.0566606450673503,,,,,,,,,
424,phase_and_ascertainment,Aligned NB,large_scale_comparison,Wald,-0.597837000755621,-0.582329433124178,-0.821919217682993,-0.342739648565363,0.122239685999395,,,,,,,,,
425,phase_and_ascertainment,ITS,large_scale_comparison,Wald,-0.597837000755621,-0.454637038481836,-0.831774918415559,-0.0774991585481133,0.192417285680471,,,,,,,,,
425,phase_and_ascertainment,GAM,large_scale_comparison,Wald,-0.597837000755621,-0.801078196981176,-0.919057515424486,-0.683098878537865,0.0601935298180156,,,,,,,,,
425,phase_and_ascertainment,Aligned NB,large_scale_comparison,Wald,-0.597837000755621,-0.468973961692024,-0.844314478879935,-0.0936334445041128,0.191500263871383,,,,,,,,,
426,phase_and_ascertainment,ITS,large_scale_comparison,Wald,-0.597837000755621,-0.805538633999356,-1.15078689900764,-0.460290368991073,0.176147073983818,,,,,,,,,
426,phase_and_ascertainment,GAM,large_scale_comparison,Wald,-0.597837000755621,-0.440299954925502,-0.544227929420484,-0.336371980430521,0.053024476783154,,,,,,,,,
426,phase_and_ascertainment,Aligned NB,large_scale_comparison,Wald,-0.597837000755621,-0.825416726611385,-1.16965634428416,-0.48117710893861,0.175632457996314,,,,,,,,,
427,phase_and_ascertainment,ITS,large_scale_comparison,Wald,-0.597837000755621,-0.961565014488501,-1.26322570419106,-0.659904324785939,0.153908515154369,,,,,,,,,
427,phase_and_ascertainment,GAM,large_scale_comparison,Wald,-0.597837000755621,-0.700269327298547,-0.80882263093301,-0.591716023664084,0.0553843385890117,,,,,,,,,
427,phase_and_ascertainment,Aligned NB,large_scale_comparison,Wald,-0.597837000755621,-0.982799901399232,-1.28124787160174,-0.684351931196721,0.152269372552301,,,,,,,,,
428,phase_and_ascertainment,ITS,large_scale_comparison,Wald,-0.597837000755621,-0.511641882552441,-0.793996615688642,-0.229287149416241,0.144058537314388,,,,,,,,,
428,phase_and_ascertainment,GAM,large_scale_comparison,Wald,-0.597837000755621,-0.644556176077287,-0.725828291207712,-0.563284060946861,0.041465364862462,,,,,,,,,
428,phase_and_ascertainment,Aligned NB,large_scale_comparison,Wald,-0.597837000755621,-0.573589343917012,-0.848061014592325,-0.299117673241698,0.140036566671079,,,,,,,,,
429,phase_and_ascertainment,ITS,large_scale_comparison,Wald,-0.597837000755621,-0.55625828332629,-0.843090884585253,-0.269425682067327,0.146343163907634,,,,,,,,,
429,phase_and_ascertainment,GAM,large_scale_comparison,Wald,-0.597837000755621,-0.801243494179054,-0.893314259002034,-0.709172729356074,0.0469748800117244,,,,,,,,,
429,phase_and_ascertainment,Aligned NB,large_scale_comparison,Wald,-0.597837000755621,-0.561769792545173,-0.844670163977039,-0.278869421113308,0.144336924199931,,,,,,,,,
430,phase_and_ascertainment,ITS,large_scale_comparison,Wald,-0.597837000755621,-0.716991588375432,-1.07712756855626,-0.356855608194599,0.183742847031037,,,,,,,,,
430,phase_and_ascertainment,GAM,large_scale_comparison,Wald,-0.597837000755621,-0.592461553820831,-0.694207821424755,-0.490715286216906,0.0519113610224106,,,,,,,,,
430,phase_and_ascertainment,Aligned NB,large_scale_comparison,Wald,-0.597837000755621,-0.758885523514356,-1.11272513980393,-0.405045907224782,0.180530416474273,,,,,,,,,
431,phase_and_ascertainment,ITS,large_scale_comparison,Wald,-0.597837000755621,-0.840223802892904,-1.08415000007774,-0.596297605708073,0.124452141420832,,,,,,,,,
431,phase_and_ascertainment,GAM,large_scale_comparison,Wald,-0.597837000755621,-0.642872156853983,-0.743243618624312,-0.542500695083654,0.0512099294746578,,,,,,,,,
431,phase_and_ascertainment,Aligned NB,large_scale_comparison,Wald,-0.597837000755621,-0.868567922818744,-1.10870217147742,-0.62843367416007,0.122517473805446,,,,,,,,,
432,phase_and_ascertainment,ITS,large_scale_comparison,Wald,-0.597837000755621,-1.30606547149551,-1.55884589338341,-1.05328504960761,0.128969603004029,,,,,,,,,
432,phase_and_ascertainment,GAM,large_scale_comparison,Wald,-0.597837000755621,-0.835688951297104,-0.937961921296021,-0.733415981298188,0.052180086734141,,,,,,,,,
432,phase_and_ascertainment,Aligned NB,large_scale_comparison,Wald,-0.597837000755621,-1.33097593341563,-1.58207835296966,-1.07987351386161,0.128113479364298,,,,,,,,,
433,phase_and_ascertainment,ITS,large_scale_comparison,Wald,-0.597837000755621,-0.891824312571729,-1.1778011059612,-0.605847519182257,0.145906527239527,,,,,,,,,
433,phase_and_ascertainment,GAM,large_scale_comparison,Wald,-0.597837000755621,-0.706398547417444,-0.804656965888107,-0.608140128946781,0.0501318461585014,,,,,,,,,
433,phase_and_ascertainment,Aligned NB,large_scale_comparison,Wald,-0.597837000755621,-0.93406237098703,-1.21377423588195,-0.654350506092107,0.142710135150471,,,,,,,,,
434,phase_and_ascertainment,ITS,large_scale_comparison,Wald,-0.597837000755621,-0.887623702111067,-1.17798359122618,-0.59726381299595,0.148142800568937,,,,,,,,,
434,phase_and_ascertainment,GAM,large_scale_comparison,Wald,-0.597837000755621,-0.577295771898859,-0.676171261607823,-0.478420282189895,0.0504466784229409,,,,,,,,,
434,phase_and_ascertainment,Aligned NB,large_scale_comparison,Wald,-0.597837000755621,-0.897363011986352,-1.18651517024565,-0.608210853727058,0.147526611356783,,,,,,,,,
435,phase_and_ascertainment,ITS,large_scale_comparison,Wald,-0.597837000755621,-0.63307748246036,-0.83083349303425,-0.43532147188647,0.100895923762189,,,,,,,,,
435,phase_and_ascertainment,GAM,large_scale_comparison,Wald,-0.597837000755621,-0.497803252969541,-0.567805448572405,-0.427801057366677,0.0357154059198287,,,,,,,,,
435,phase_and_ascertainment,Aligned NB,large_scale_comparison,Wald,-0.597837000755621,-0.672193305444187,-0.866818183785157,-0.477568427103217,0.0992984073168215,,,,,,,,,
436,phase_and_ascertainment,ITS,large_scale_comparison,Wald,-0.597837000755621,-0.489876863434184,-0.811155111048661,-0.168598615819708,0.163917473272692,,,,,,,,,
436,phase_and_ascertainment,GAM,large_scale_comparison,Wald,-0.597837000755621,-0.760439375440637,-0.862346547018972,-0.658532203862301,0.0519934548869057,,,,,,,,,
436,phase_and_ascertainment,Aligned NB,large_scale_comparison,Wald,-0.597837000755621,-0.496683565587975,-0.812007961795067,-0.181359169380882,0.16087979398321,,,,,,,,,
437,phase_and_ascertainment,ITS,large_scale_comparison,Wald,-0.597837000755621,-0.431811385830213,-0.753249284650435,-0.11037348700999,0.163998927969501,,,,,,,,,
437,phase_and_ascertainment,GAM,large_scale_comparison,Wald,-0.597837000755621,-0.580688134920109,-0.660675071955177,-0.500701197885042,0.0408096617525857,,,,,,,,,
437,phase_and_ascertainment,Aligned NB,large_scale_comparison,Wald,-0.597837000755621,-0.451449568081475,-0.76837794401596,-0.134521192146991,0.161698150986982,,,,,,,,,
438,phase_and_ascertainment,ITS,large_scale_comparison,Wald,-0.597837000755621,-0.55519023057883,-0.777887710793154,-0.332492750364505,0.113621163374655,,,,,,,,,
438,phase_and_ascertainment,GAM,large_scale_comparison,Wald,-0.597837000755621,-0.388505575489231,-0.45178292410527,-0.325228226873191,0.0322843615387957,,,,,,,,,
438,phase_and_ascertainment,Aligned NB,large_scale_comparison,Wald,-0.597837000755621,-0.600390976429742,-0.817438969582062,-0.383342983277423,0.11073877201649,,,,,,,,,
439,phase_and_ascertainment,ITS,large_scale_comparison,Wald,-0.597837000755621,-1.14699213406817,-1.6045717295623,-0.689412538574033,0.233458977292925,,,,,,,,,
439,phase_and_ascertainment,GAM,large_scale_comparison,Wald,-0.597837000755621,-0.809447371949939,-0.930341784614363,-0.688552959285515,0.0616808227879716,,,,,,,,,
439,phase_and_ascertainment,Aligned NB,large_scale_comparison,Wald,-0.597837000755621,-1.31027192011455,-1.75511476718919,-0.865429073039901,0.226960636262573,,,,,,,,,
440,phase_and_ascertainment,ITS,large_scale_comparison,Wald,-0.597837000755621,-0.619700389381688,-0.920313396137621,-0.319087382625754,0.153373983038742,,,,,,,,,
440,phase_and_ascertainment,GAM,large_scale_comparison,Wald,-0.597837000755621,-0.668448519428371,-0.764728241296228,-0.572168797560514,0.0491223070754373,,,,,,,,,
440,phase_and_ascertainment,Aligned NB,large_scale_comparison,Wald,-0.597837000755621,-0.62841663912332,-0.927458570168701,-0.329374708077939,0.152572413798664,,,,,,,,,
441,phase_and_ascertainment,ITS,large_scale_comparison,Wald,-0.597837000755621,-0.61635313701195,-0.913477103809616,-0.319229170214284,0.151593860611054,,,,,,,,,
441,phase_and_ascertainment,GAM,large_scale_comparison,Wald,-0.597837000755621,-0.865132299164804,-0.97954677337487,-0.750717824954738,0.0583747317398296,,,,,,,,,
441,phase_and_ascertainment,Aligned NB,large_scale_comparison,Wald,-0.597837000755621,-0.634554604924084,-0.928943943648971,-0.340165266199198,0.150198642206575,,,,,,,,,
442,phase_and_ascertainment,ITS,large_scale_comparison,Wald,-0.597837000755621,-0.255904155956691,-0.594775753710364,0.0829674417969825,0.172893672323303,,,,,,,,,
442,phase_and_ascertainment,GAM,large_scale_comparison,Wald,-0.597837000755621,-0.710353376100003,-0.825632491084456,-0.59507426111555,0.0588158749920677,,,,,,,,,
442,phase_and_ascertainment,Aligned NB,large_scale_comparison,Wald,-0.597837000755621,-0.287603347178848,-0.616714039833708,0.0415073454760129,0.167913618701459,,,,,,,,,
443,phase_and_ascertainment,ITS,large_scale_comparison,Wald,-0.597837000755621,-0.855162086750783,-1.13706857418405,-0.573255599317519,0.143829840527176,,,,,,,,,
443,phase_and_ascertainment,GAM,large_scale_comparison,Wald,-0.597837000755621,-0.580644253161989,-0.687889856758159,-0.473398649565818,0.0547171446919237,,,,,,,,,
443,phase_and_ascertainment,Aligned NB,large_scale_comparison,Wald,-0.597837000755621,-0.901348050307666,-1.18024692018604,-0.622449180429293,0.14229534177468,,,,,,,,,
444,phase_and_ascertainment,ITS,large_scale_comparison,Wald,-0.597837000755621,-1.05053364202585,-1.43503815137402,-0.666029132677681,0.196175770075597,,,,,,,,,
444,phase_and_ascertainment,GAM,large_scale_comparison,Wald,-0.597837000755621,-0.766956444757946,-0.846134028333409,-0.687778861182484,0.0403967263140113,,,,,,,,,
444,phase_and_ascertainment,Aligned NB,large_scale_comparison,Wald,-0.597837000755621,-1.05102002660078,-1.43568472388913,-0.666355329312435,0.196257498616505,,,,,,,,,
445,phase_and_ascertainment,ITS,large_scale_comparison,Wald,-0.597837000755621,-1.45255011374585,-1.91319921159957,-0.991901015892128,0.235025049925367,,,,,,,,,
445,phase_and_ascertainment,GAM,large_scale_comparison,Wald,-0.597837000755621,-0.680628821885901,-0.771437438622764,-0.589820205149039,0.0463309269065625,,,,,,,,,
445,phase_and_ascertainment,Aligned NB,large_scale_comparison,Wald,-0.597837000755621,-1.52816713871693,-1.97852638683738,-1.07780789059648,0.229775126592067,,,,,,,,,
446,phase_and_ascertainment,ITS,large_scale_comparison,Wald,-0.597837000755621,-0.893150610041229,-1.1181190306276,-0.668182189454854,0.11477980642162,,,,,,,,,
446,phase_and_ascertainment,GAM,large_scale_comparison,Wald,-0.597837000755621,-0.360024135388382,-0.450632968972278,-0.269415301804485,0.0462289967264776,,,,,,,,,
446,phase_and_ascertainment,Aligned NB,large_scale_comparison,Wald,-0.597837000755621,-0.93618820087812,-1.15776540729865,-0.714610994457588,0.113049595112516,,,,,,,,,
447,phase_and_ascertainment,ITS,large_scale_comparison,Wald,-0.597837000755621,-0.784383935648593,-1.00068322171004,-0.568084649587147,0.110356778602778,,,,,,,,,
447,phase_and_ascertainment,GAM,large_scale_comparison,Wald,-0.597837000755621,-0.813408965350673,-0.916917490977157,-0.709900439724189,0.0528104722584102,,,,,,,,,
447,phase_and_ascertainment,Aligned NB,large_scale_comparison,Wald,-0.597837000755621,-0.809018937858845,-1.02434057739366,-0.593697298324027,0.109857979354499,,,,,,,,,
448,phase_and_ascertainment,ITS,large_scale_comparison,Wald,-0.597837000755621,-0.667190455119876,-0.944604363393798,-0.389776546845954,0.141537708303021,,,,,,,,,
448,phase_and_ascertainment,GAM,large_scale_comparison,Wald,-0.597837000755621,-0.696700787984597,-0.796209902135994,-0.597191673833201,0.0507699561996919,,,,,,,,,
448,phase_and_ascertainment,Aligned NB,large_scale_comparison,Wald,-0.597837000755621,-0.801190505341633,-1.06873346347732,-0.533647547205949,0.1365015092529,,,,,,,,,
449,phase_and_ascertainment,ITS,large_scale_comparison,Wald,-0.597837000755621,-1.35460145860101,-1.83559001971818,-0.873612897483832,0.245402327100599,,,,,,,,,
449,phase_and_ascertainment,GAM,large_scale_comparison,Wald,-0.597837000755621,-0.584955920080099,-0.691720814628356,-0.478191025531841,0.0544718849736008,,,,,,,,,
449,phase_and_ascertainment,Aligned NB,large_scale_comparison,Wald,-0.597837000755621,-1.46707133692166,-1.93209299274308,-1.00204968110023,0.237255946847668,,,,,,,,,
450,phase_and_ascertainment,ITS,large_scale_comparison,Wald,-0.597837000755621,-0.789755627531869,-1.04577045833141,-0.533740796732326,0.13061981163242,,,,,,,,,
450,phase_and_ascertainment,GAM,large_scale_comparison,Wald,-0.597837000755621,-0.529359400866003,-0.619854328652068,-0.438864473079938,0.0461708815235024,,,,,,,,,
450,phase_and_ascertainment,Aligned NB,large_scale_comparison,Wald,-0.597837000755621,-0.832362033641409,-1.08480133379393,-0.579922733488886,0.128795561302308,,,,,,,,,
451,phase_and_ascertainment,ITS,large_scale_comparison,Wald,-0.597837000755621,-0.164565713851565,-0.648997617165364,0.319866189462233,0.247159134343775,,,,,,,,,
451,phase_and_ascertainment,GAM,large_scale_comparison,Wald,-0.597837000755621,-0.6736985977933,-0.753396314470535,-0.594000881116064,0.0406621003455282,,,,,,,,,
451,phase_and_ascertainment,Aligned NB,large_scale_comparison,Wald,-0.597837000755621,-0.212289590079232,-0.686426364861956,0.261847184703491,0.241906517746288,,,,,,,,,
452,phase_and_ascertainment,ITS,large_scale_comparison,Wald,-0.597837000755621,-0.567372908832681,-0.867758737115059,-0.266987080550304,0.153258075654274,,,,,,,,,
452,phase_and_ascertainment,GAM,large_scale_comparison,Wald,-0.597837000755621,-0.414342836421982,-0.523382213976669,-0.305303458867294,0.0556323354870855,,,,,,,,,
452,phase_and_ascertainment,Aligned NB,large_scale_comparison,Wald,-0.597837000755621,-0.590661674130764,-0.889347906402159,-0.291975441859368,0.152390934832345,,,,,,,,,
453,phase_and_ascertainment,ITS,large_scale_comparison,Wald,-0.597837000755621,-0.681484993244018,-0.921883311493789,-0.441086674994246,0.122652203188659,,,,,,,,,
453,phase_and_ascertainment,GAM,large_scale_comparison,Wald,-0.597837000755621,-0.68127709596905,-0.773862467955079,-0.588691723983021,0.0472374346867495,,,,,,,,,
453,phase_and_ascertainment,Aligned NB,large_scale_comparison,Wald,-0.597837000755621,-0.732230310839682,-0.965369980795725,-0.499090640883639,0.118948811202063,,,,,,,,,
454,phase_and_ascertainment,ITS,large_scale_comparison,Wald,-0.597837000755621,-0.654109861518493,-1.04692173724675,-0.261297985790234,0.200414222310336,,,,,,,,,
454,phase_and_ascertainment,GAM,large_scale_comparison,Wald,-0.597837000755621,-0.720251705646447,-0.842710955849742,-0.597792455443153,0.0624792092873952,,,,,,,,,
454,phase_and_ascertainment,Aligned NB,large_scale_comparison,Wald,-0.597837000755621,-0.678455577052796,-1.06839105839193,-0.288520095713662,0.19894667415262,,,,,,,,,
455,phase_and_ascertainment,ITS,large_scale_comparison,Wald,-0.597837000755621,-0.94003155402859,-1.25112870648653,-0.628934401570654,0.158723036968335,,,,,,,,,
455,phase_and_ascertainment,GAM,large_scale_comparison,Wald,-0.597837000755621,-0.596470146704827,-0.70731094391965,-0.485629349490004,0.0565514271504199,,,,,,,,,
455,phase_and_ascertainment,Aligned NB,large_scale_comparison,Wald,-0.597837000755621,-0.944594121972492,-1.25486724570095,-0.634320998244038,0.15830261414717,,,,,,,,,
456,phase_and_ascertainment,ITS,large_scale_comparison,Wald,-0.597837000755621,-0.737214902293065,-1.07747711462037,-0.396952689965758,0.173603169554748,,,,,,,,,
456,phase_and_ascertainment,GAM,large_scale_comparison,Wald,-0.597837000755621,-0.369524663469553,-0.479897790214769,-0.259151536724337,0.0563128197679674,,,,,,,,,
456,phase_and_ascertainment,Aligned NB,large_scale_comparison,Wald,-0.597837000755621,-0.780573459142958,-1.11126530304066,-0.449881615245261,0.168720328519233,,,,,,,,,
457,phase_and_ascertainment,ITS,large_scale_comparison,Wald,-0.597837000755621,-0.622495183556082,-0.877276262393298,-0.367714104718866,0.129990346345519,,,,,,,,,
457,phase_and_ascertainment,GAM,large_scale_comparison,Wald,-0.597837000755621,-0.389593906379448,-0.487658756952168,-0.291529055806728,0.050033087026898,,,,,,,,,
457,phase_and_ascertainment,Aligned NB,large_scale_comparison,Wald,-0.597837000755621,-0.663274798112058,-0.913460898122931,-0.413088698101184,0.127645969393303,,,,,,,,,
458,phase_and_ascertainment,ITS,large_scale_comparison,Wald,-0.597837000755621,-0.833742379870433,-1.19220928470143,-0.475275475039438,0.182891277974998,,,,,,,,,
458,phase_and_ascertainment,GAM,large_scale_comparison,Wald,-0.597837000755621,-0.717011890426203,-0.832797113673959,-0.601226667178447,0.0590740934937531,,,,,,,,,
458,phase_and_ascertainment,Aligned NB,large_scale_comparison,Wald,-0.597837000755621,-0.837490730571958,-1.19431566823885,-0.480665792905069,0.182053539625964,,,,,,,,,
459,phase_and_ascertainment,ITS,large_scale_comparison,Wald,-0.597837000755621,-0.547733452875471,-0.968913420343895,-0.126553485407046,0.214887738504298,,,,,,,,,
459,phase_and_ascertainment,GAM,large_scale_comparison,Wald,-0.597837000755621,-0.551396555915499,-0.671316082052185,-0.431477029778814,0.0611834317023904,,,,,,,,,
459,phase_and_ascertainment,Aligned NB,large_scale_comparison,Wald,-0.597837000755621,-0.602507727209786,-1.01310676429205,-0.191908690127519,0.209489304633809,,,,,,,,,
460,phase_and_ascertainment,ITS,large_scale_comparison,Wald,-0.597837000755621,-0.350322476034958,-0.712624015601409,0.0119790635314923,0.184847724268597,,,,,,,,,
460,phase_and_ascertainment,GAM,large_scale_comparison,Wald,-0.597837000755621,-0.681157638053045,-0.78392941401392,-0.578385862092171,0.052434579571875,,,,,,,,,
460,phase_and_ascertainment,Aligned NB,large_scale_comparison,Wald,-0.597837000755621,-0.432663818456832,-0.785885801812773,-0.0794418351008913,0.180215297630582,,,,,,,,,
461,phase_and_ascertainment,ITS,large_scale_comparison,Wald,-0.597837000755621,-0.852404822233332,-1.22715833664859,-0.477651307818075,0.191200772660846,,,,,,,,,
461,phase_and_ascertainment,GAM,large_scale_comparison,Wald,-0.597837000755621,-0.664497727799493,-0.74900963160214,-0.579985823996846,0.0431183182666568,,,,,,,,,
461,phase_and_ascertainment,Aligned NB,large_scale_comparison,Wald,-0.597837000755621,-0.897412629469787,-1.25828953187766,-0.536535727061919,0.184120868575443,,,,,,,,,
462,phase_and_ascertainment,ITS,large_scale_comparison,Wald,-0.597837000755621,-0.523805909224664,-0.820250250711862,-0.227361567737466,0.151247113003672,,,,,,,,,
462,phase_and_ascertainment,GAM,large_scale_comparison,Wald,-0.597837000755621,-0.696365137303714,-0.807931268553894,-0.584799006053534,0.0569214955358061,,,,,,,,,
462,phase_and_ascertainment,Aligned NB,large_scale_comparison,Wald,-0.597837000755621,-0.525014758618997,-0.818261875007446,-0.231767642230549,0.149615875708392,,,,,,,,,
463,phase_and_ascertainment,ITS,large_scale_comparison,Wald,-0.597837000755621,-0.875537085415817,-1.26719241705143,-0.4838817537802,0.199824148793682,,,,,,,,,
463,phase_and_ascertainment,GAM,large_scale_comparison,Wald,-0.597837000755621,-0.448256022428873,-0.567890491347196,-0.32862155351055,0.0610379943460831,,,,,,,,,
463,phase_and_ascertainment,Aligned NB,large_scale_comparison,Wald,-0.597837000755621,-1.02106456751427,-1.39552614573723,-0.646602989291315,0.191051825623958,,,,,,,,,
464,phase_and_ascertainment,ITS,large_scale_comparison,Wald,-0.597837000755621,-0.450088613377156,-0.806487879630776,-0.093689347123536,0.18183636033348,,,,,,,,,
464,phase_and_ascertainment,GAM,large_scale_comparison,Wald,-0.597837000755621,-0.580240219970003,-0.659383708455163,-0.501096731484843,0.0403793308597754,,,,,,,,,
464,phase_and_ascertainment,Aligned NB,large_scale_comparison,Wald,-0.597837000755621,-0.459954152788788,-0.813039790641416,-0.106868514936161,0.180145733598279,,,,,,,,,
465,phase_and_ascertainment,ITS,large_scale_comparison,Wald,-0.597837000755621,-0.705326252425775,-1.05679328368389,-0.353859221167656,0.179319913907204,,,,,,,,,
465,phase_and_ascertainment,GAM,large_scale_comparison,Wald,-0.597837000755621,-0.642327047544466,-0.747604059194912,-0.53705003589402,0.0537127610461458,,,,,,,,,
465,phase_and_ascertainment,Aligned NB,large_scale_comparison,Wald,-0.597837000755621,-0.731848929354815,-1.07996839782741,-0.383729460882221,0.177611973710507,,,,,,,,,
466,phase_and_ascertainment,ITS,large_scale_comparison,Wald,-0.597837000755621,-0.896163642725733,-1.16887251545654,-0.62345476999493,0.139137179964695,,,,,,,,,
466,phase_and_ascertainment,GAM,large_scale_comparison,Wald,-0.597837000755621,-0.954023326771602,-1.06377394111136,-0.844272712431846,0.0559952113978348,,,,,,,,,
466,phase_and_ascertainment,Aligned NB,large_scale_comparison,Wald,-0.597837000755621,-0.96907449067468,-1.23568325687907,-0.702465724470286,0.136024880716528,,,,,,,,,
467,phase_and_ascertainment,ITS,large_scale_comparison,Wald,-0.597837000755621,-0.73508058191093,-1.11958736493574,-0.350573798886115,0.196176930114701,,,,,,,,,
467,phase_and_ascertainment,GAM,large_scale_comparison,Wald,-0.597837000755621,-1.01532907401888,-1.14244650547771,-0.88821164256006,0.0648558323769516,,,,,,,,,
467,phase_and_ascertainment,Aligned NB,large_scale_comparison,Wald,-0.597837000755621,-0.757760099454631,-1.13407793053572,-0.381442268373547,0.191998893408716,,,,,,,,,
468,phase_and_ascertainment,ITS,large_scale_comparison,Wald,-0.597837000755621,-0.591340170366479,-0.803125423075093,-0.379554917657865,0.108053700361538,,,,,,,,,
468,phase_and_ascertainment,GAM,large_scale_comparison,Wald,-0.597837000755621,-0.787801738055015,-0.887500439335779,-0.688103036774251,0.0508666843269203,,,,,,,,,
468,phase_and_ascertainment,Aligned NB,large_scale_comparison,Wald,-0.597837000755621,-0.618755586235694,-0.827247753647007,-0.41026341882438,0.10637355480169,,,,,,,,,
469,phase_and_ascertainment,ITS,large_scale_comparison,Wald,-0.597837000755621,-0.514384712572863,-0.855985017562558,-0.172784407583168,0.174285869892701,,,,,,,,,
469,phase_and_ascertainment,GAM,large_scale_comparison,Wald,-0.597837000755621,-0.939402063445197,-1.05913091498445,-0.819673211905947,0.0610861487445151,,,,,,,,,
469,phase_and_ascertainment,Aligned NB,large_scale_comparison,Wald,-0.597837000755621,-0.516943306489767,-0.853426074105446,-0.180460538874088,0.171674881436571,,,,,,,,,
470,phase_and_ascertainment,ITS,large_scale_comparison,Wald,-0.597837000755621,-0.515641490189837,-0.981540467678826,-0.0497425127008487,0.237703559943362,,,,,,,,,
470,phase_and_ascertainment,GAM,large_scale_comparison,Wald,-0.597837000755621,-0.580232711949445,-0.69747607831776,-0.462989345581129,0.059818044065467,,,,,,,,,
470,phase_and_ascertainment,Aligned NB,large_scale_comparison,Wald,-0.597837000755621,-0.504864226083266,-0.96856085089404,-0.0411676012724918,0.236579910617742,,,,,,,,,
471,phase_and_ascertainment,ITS,large_scale_comparison,Wald,-0.597837000755621,-0.811498783519869,-1.19355441745952,-0.429443149580222,0.194926343846759,,,,,,,,,
471,phase_and_ascertainment,GAM,large_scale_comparison,Wald,-0.597837000755621,-0.869034527635421,-1.00319901066473,-0.734870044606113,0.0684512668516882,,,,,,,,,
471,phase_and_ascertainment,Aligned NB,large_scale_comparison,Wald,-0.597837000755621,-0.890950297828431,-1.2658028472707,-0.516097748386165,0.19125130073585,,,,,,,,,
472,phase_and_ascertainment,ITS,large_scale_comparison,Wald,-0.597837000755621,-0.342010119700339,-0.646077955989107,-0.0379422834115707,0.155136651167739,,,,,,,,,
472,phase_and_ascertainment,GAM,large_scale_comparison,Wald,-0.597837000755621,-0.758856549221769,-0.887726845275185,-0.629986253168352,0.0657501510476615,,,,,,,,,
472,phase_and_ascertainment,Aligned NB,large_scale_comparison,Wald,-0.597837000755621,-0.340698079410674,-0.638351756764058,-0.0430444020572903,0.151864121098665,,,,,,,,,
473,phase_and_ascertainment,ITS,large_scale_comparison,Wald,-0.597837000755621,-0.496241234523001,-0.749424054956651,-0.243058414089351,0.129174908384515,,,,,,,,,
473,phase_and_ascertainment,GAM,large_scale_comparison,Wald,-0.597837000755621,-0.420387738015604,-0.483059747880538,-0.35771572815067,0.0319755152372112,,,,,,,,,
473,phase_and_ascertainment,Aligned NB,large_scale_comparison,Wald,-0.597837000755621,-0.524424511989113,-0.773352348271143,-0.275496675707084,0.127003998103076,,,,,,,,,
474,phase_and_ascertainment,ITS,large_scale_comparison,Wald,-0.597837000755621,-0.469651513899671,-0.763680046131817,-0.175622981667525,0.150014557261299,,,,,,,,,
474,phase_and_ascertainment,GAM,large_scale_comparison,Wald,-0.597837000755621,-0.639232027240519,-0.714673898034859,-0.563790156446179,0.0384907504052755,,,,,,,,,
474,phase_and_ascertainment,Aligned NB,large_scale_comparison,Wald,-0.597837000755621,-0.495002446455919,-0.785491801378447,-0.204513091533391,0.14820885455231,,,,,,,,,
475,phase_and_ascertainment,ITS,large_scale_comparison,Wald,-0.597837000755621,-0.608685802462104,-1.00613217385938,-0.21123943106483,0.202778760916976,,,,,,,,,
475,phase_and_ascertainment,GAM,large_scale_comparison,Wald,-0.597837000755621,-0.341939042179803,-0.46415170140866,-0.219726382950946,0.0623533975657435,,,,,,,,,
475,phase_and_ascertainment,Aligned NB,large_scale_comparison,Wald,-0.597837000755621,-0.69484137560516,-1.07801115644995,-0.311671594760369,0.195494786145302,,,,,,,,,
476,phase_and_ascertainment,ITS,large_scale_comparison,Wald,-0.597837000755621,-0.778297552481497,-1.0645648098141,-0.492030295148896,0.146054723128878,,,,,,,,,
476,phase_and_ascertainment,GAM,large_scale_comparison,Wald,-0.597837000755621,-0.704648645054761,-0.825083121572206,-0.584214168537316,0.0614461614884925,,,,,,,,,
476,phase_and_ascertainment,Aligned NB,large_scale_comparison,Wald,-0.597837000755621,-0.804877404572203,-1.0876087473389,-0.522146061805502,0.144250685085052,,,,,,,,,
477,phase_and_ascertainment,ITS,large_scale_comparison,Wald,-0.597837000755621,-0.807476652252339,-1.16721953072485,-0.447733773779827,0.183542284934955,,,,,,,,,
477,phase_and_ascertainment,GAM,large_scale_comparison,Wald,-0.597837000755621,-0.276988872131412,-0.401353078632983,-0.152624665629842,0.0634511257661073,,,,,,,,,
477,phase_and_ascertainment,Aligned NB,large_scale_comparison,Wald,-0.597837000755621,-0.893228454979333,-1.23383144385455,-0.552625466104118,0.173777035140416,,,,,,,,,
478,phase_and_ascertainment,ITS,large_scale_comparison,Wald,-0.597837000755621,-0.727092595423933,-0.99848291174921,-0.455702279098656,0.138464447104733,,,,,,,,,
478,phase_and_ascertainment,GAM,large_scale_comparison,Wald,-0.597837000755621,-0.673342461715232,-0.776404566188804,-0.570280357241659,0.0525827063640678,,,,,,,,,
478,phase_and_ascertainment,Aligned NB,large_scale_comparison,Wald,-0.597837000755621,-0.76160817603908,-1.02959116814849,-0.49362518392967,0.136726016382352,,,,,,,,,
479,phase_and_ascertainment,ITS,large_scale_comparison,Wald,-0.597837000755621,-0.572648117671969,-0.881478530136189,-0.263817705207749,0.157566536971541,,,,,,,,,
479,phase_and_ascertainment,GAM,large_scale_comparison,Wald,-0.597837000755621,-0.631316052899827,-0.742065788171995,-0.520566317627658,0.0565049669755962,,,,,,,,,
479,phase_and_ascertainment,Aligned NB,large_scale_comparison,Wald,-0.597837000755621,-0.593853883025406,-0.899671422843431,-0.288036343207381,0.156029357050013,,,,,,,,,
480,phase_and_ascertainment,ITS,large_scale_comparison,Wald,-0.597837000755621,-0.549687629838024,-0.890275563553098,-0.209099696122951,0.173769353936262,,,,,,,,,
480,phase_and_ascertainment,GAM,large_scale_comparison,Wald,-0.597837000755621,-0.400886625740464,-0.506145968942113,-0.295627282538816,0.0537037465314532,,,,,,,,,
480,phase_and_ascertainment,Aligned NB,large_scale_comparison,Wald,-0.597837000755621,-0.570019415211155,-0.908393243601927,-0.231645586820382,0.172639708362639,,,,,,,,,
481,phase_and_ascertainment,ITS,large_scale_comparison,Wald,-0.597837000755621,-0.759838534888525,-0.988628817395967,-0.531048252381082,0.116729735973185,,,,,,,,,
481,phase_and_ascertainment,GAM,large_scale_comparison,Wald,-0.597837000755621,-0.507175467405482,-0.622221371343388,-0.392129563467576,0.0586968897642376,,,,,,,,,
481,phase_and_ascertainment,Aligned NB,large_scale_comparison,Wald,-0.597837000755621,-0.788391115531645,-1.01332191718252,-0.563460313880772,0.11476061308718,,,,,,,,,
482,phase_and_ascertainment,ITS,large_scale_comparison,Wald,-0.597837000755621,-0.534532356677889,-0.817082298113547,-0.25198241524223,0.14415813338554,,,,,,,,,
482,phase_and_ascertainment,GAM,large_scale_comparison,Wald,-0.597837000755621,-0.531488808303352,-0.62873890922141,-0.434238707385294,0.0496173984275806,,,,,,,,,
482,phase_and_ascertainment,Aligned NB,large_scale_comparison,Wald,-0.597837000755621,-0.602998541080443,-0.878676444405931,-0.327320637754955,0.140651991492596,,,,,,,,,
483,phase_and_ascertainment,ITS,large_scale_comparison,Wald,-0.597837000755621,-0.570419343266955,-1.0246722077737,-0.116166478760206,0.231761665564668,,,,,,,,,
483,phase_and_ascertainment,GAM,large_scale_comparison,Wald,-0.597837000755621,-0.784130160694935,-0.897961509096835,-0.670298812293035,0.0580772185723981,,,,,,,,,
483,phase_and_ascertainment,Aligned NB,large_scale_comparison,Wald,-0.597837000755621,-0.60020138866784,-1.04946143472366,-0.150941342612018,0.229214309212154,,,,,,,,,
484,phase_and_ascertainment,ITS,large_scale_comparison,Wald,-0.597837000755621,-0.58290322200861,-0.846173646241605,-0.319632797775616,0.134321645016834,,,,,,,,,
484,phase_and_ascertainment,GAM,large_scale_comparison,Wald,-0.597837000755621,-0.262432617626042,-0.36317574050132,-0.161689494750764,0.0513995524873868,,,,,,,,,
484,phase_and_ascertainment,Aligned NB,large_scale_comparison,Wald,-0.597837000755621,-0.624764082857485,-0.880655414497211,-0.368872751217759,0.130556801857003,,,,,,,,,
485,phase_and_ascertainment,ITS,large_scale_comparison,Wald,-0.597837000755621,-0.720722029823329,-0.924831921291268,-0.51661213835539,0.10413769972854,,,,,,,,,
485,phase_and_ascertainment,GAM,large_scale_comparison,Wald,-0.597837000755621,-0.72392297073622,-0.816290505662896,-0.631555435809544,0.0471262933299367,,,,,,,,,
485,phase_and_ascertainment,Aligned NB,large_scale_comparison,Wald,-0.597837000755621,-0.754160002291679,-0.955856362016123,-0.552463642567234,0.10290630598186,,,,,,,,,
486,phase_and_ascertainment,ITS,large_scale_comparison,Wald,-0.597837000755621,-0.706366997254163,-0.937356017741445,-0.475377976766881,0.11785154106494,,,,,,,,,
486,phase_and_ascertainment,GAM,large_scale_comparison,Wald,-0.597837000755621,-0.577295514644157,-0.671682033345704,-0.48290899594261,0.0481563870926261,,,,,,,,,
486,phase_and_ascertainment,Aligned NB,large_scale_comparison,Wald,-0.597837000755621,-0.756030009811462,-0.981671834404356,-0.530388185218568,0.115123379894334,,,,,,,,,
487,phase_and_ascertainment,ITS,large_scale_comparison,Wald,-0.597837000755621,-0.573351550672934,-1.07205426954003,-0.0746488318058411,0.254440162687292,,,,,,,,,
487,phase_and_ascertainment,GAM,large_scale_comparison,Wald,-0.597837000755621,-0.4310484412712,-0.540703256937653,-0.321393625604747,0.0559463345237005,,,,,,,,,
487,phase_and_ascertainment,Aligned NB,large_scale_comparison,Wald,-0.597837000755621,-0.577717777379601,-1.06309432435654,-0.0923412304026618,0.247641095396398,,,,,,,,,
488,phase_and_ascertainment,ITS,large_scale_comparison,Wald,-0.597837000755621,-0.753223261040085,-1.13589016777352,-0.370556354306655,0.195238217721138,,,,,,,,,
488,phase_and_ascertainment,GAM,large_scale_comparison,Wald,-0.597837000755621,-0.633374010103109,-0.739288853548192,-0.527459166658026,0.0540381854311648,,,,,,,,,
488,phase_and_ascertainment,Aligned NB,large_scale_comparison,Wald,-0.597837000755621,-0.767299794628417,-1.14858897383715,-0.386010615419683,0.19453529551466,,,,,,,,,
489,phase_and_ascertainment,ITS,large_scale_comparison,Wald,-0.597837000755621,-0.77453857959907,-1.14937241233714,-0.399704746861004,0.191241751396973,,,,,,,,,
489,phase_and_ascertainment,GAM,large_scale_comparison,Wald,-0.597837000755621,-0.594620370597137,-0.688693053662885,-0.500547687531388,0.0479962668702799,,,,,,,,,
489,phase_and_ascertainment,Aligned NB,large_scale_comparison,Wald,-0.597837000755621,-0.785118107757372,-1.15807557424894,-0.412160641265803,0.190284421679371,,,,,,,,,
490,phase_and_ascertainment,ITS,large_scale_comparison,Wald,-0.597837000755621,-0.627990759140869,-0.922219027184334,-0.333762491097404,0.150116463287482,,,,,,,,,
490,phase_and_ascertainment,GAM,large_scale_comparison,Wald,-0.597837000755621,-0.446074417232889,-0.554077608617091,-0.338071225848688,0.0551036690735722,,,,,,,,,
490,phase_and_ascertainment,Aligned NB,large_scale_comparison,Wald,-0.597837000755621,-0.646283572550819,-0.937242828883971,-0.355324316217666,0.148448600169976,,,,,,,,,
491,phase_and_ascertainment,ITS,large_scale_comparison,Wald,-0.597837000755621,-0.669156226115629,-1.00070878808473,-0.337603664146529,0.169159470392398,,,,,,,,,
491,phase_and_ascertainment,GAM,large_scale_comparison,Wald,-0.597837000755621,-0.913387554108532,-1.03266198590891,-0.794113122308154,0.0608543019389688,,,,,,,,,
491,phase_and_ascertainment,Aligned NB,large_scale_comparison,Wald,-0.597837000755621,-0.674172248628406,-1.00397054675354,-0.344373950503268,0.168264437818948,,,,,,,,,
492,phase_and_ascertainment,ITS,large_scale_comparison,Wald,-0.597837000755621,-0.708308783567043,-0.952686368509873,-0.463931198624213,0.124682441297362,,,,,,,,,
492,phase_and_ascertainment,GAM,large_scale_comparison,Wald,-0.597837000755621,-0.353901778990235,-0.426314808680462,-0.281488749300007,0.0369454233113406,,,,,,,,,
492,phase_and_ascertainment,Aligned NB,large_scale_comparison,Wald,-0.597837000755621,-0.739177398582001,-0.980656864879288,-0.497697932284714,0.123203809335351,,,,,,,,,
493,phase_and_ascertainment,ITS,large_scale_comparison,Wald,-0.597837000755621,-0.631435009187716,-1.00290585430666,-0.259964164068767,0.189525941387219,,,,,,,,,
493,phase_and_ascertainment,GAM,large_scale_comparison,Wald,-0.597837000755621,-0.654944403651051,-0.770259543718673,-0.539629263583428,0.0588342551365423,,,,,,,,,
493,phase_and_ascertainment,Aligned NB,large_scale_comparison,Wald,-0.597837000755621,-0.682683389527795,-1.04345485321899,-0.321911925836598,0.184067073311835,,,,,,,,,
494,phase_and_ascertainment,ITS,large_scale_comparison,Wald,-0.597837000755621,-0.283858714183423,-0.665431231357929,0.0977138029910831,0.194679855701279,,,,,,,,,
494,phase_and_ascertainment,GAM,large_scale_comparison,Wald,-0.597837000755621,-0.495119639216171,-0.615948133855707,-0.374291144576634,0.0616471911426207,,,,,,,,,
494,phase_and_ascertainment,Aligned NB,large_scale_comparison,Wald,-0.597837000755621,-0.320232368765021,-0.692455510640142,0.0519907731101001,0.189909766262817,,,,,,,,,
495,phase_and_ascertainment,ITS,large_scale_comparison,Wald,-0.597837000755621,-0.478357831710563,-0.765103963515917,-0.191611699905208,0.146299046839466,,,,,,,,,
495,phase_and_ascertainment,GAM,large_scale_comparison,Wald,-0.597837000755621,-0.720273652203991,-0.802332521887468,-0.638214782520514,0.041866770246672,,,,,,,,,
495,phase_and_ascertainment,Aligned NB,large_scale_comparison,Wald,-0.597837000755621,-0.513915067409105,-0.794162505458511,-0.233667629359698,0.142983386759901,,,,,,,,,
496,phase_and_ascertainment,ITS,large_scale_comparison,Wald,-0.597837000755621,-0.554153844014827,-0.811670897496425,-0.29663679053323,0.131386251776325,,,,,,,,,
496,phase_and_ascertainment,GAM,large_scale_comparison,Wald,-0.597837000755621,-0.138051224015745,-0.245024262332252,-0.0310781856992385,0.0545780807737281,,,,,,,,,
496,phase_and_ascertainment,Aligned NB,large_scale_comparison,Wald,-0.597837000755621,-0.650350917601991,-0.893777639371491,-0.406924195832491,0.124197307025255,,,,,,,,,
497,phase_and_ascertainment,ITS,large_scale_comparison,Wald,-0.597837000755621,-1.08466941368172,-1.43269144041014,-0.736647386953305,0.177562258534907,,,,,,,,,
497,phase_and_ascertainment,GAM,large_scale_comparison,Wald,-0.597837000755621,-0.579246482233587,-0.685757276578374,-0.472735687888801,0.0543422420126461,,,,,,,,,
497,phase_and_ascertainment,Aligned NB,large_scale_comparison,Wald,-0.597837000755621,-1.16414828500003,-1.50285462090883,-0.825441949091223,0.172809355055513,,,,,,,,,
498,phase_and_ascertainment,ITS,large_scale_comparison,Wald,-0.597837000755621,-0.97621624536957,-1.41117582216826,-0.541256668570878,0.221918151427904,,,,,,,,,
498,phase_and_ascertainment,GAM,large_scale_comparison,Wald,-0.597837000755621,-0.769668080715093,-0.858931964610725,-0.680404196819461,0.0455427979059346,,,,,,,,,
498,phase_and_ascertainment,Aligned NB,large_scale_comparison,Wald,-0.597837000755621,-1.01079398276362,-1.4410857603771,-0.580502205150135,0.219536621231369,,,,,,,,,
499,phase_and_ascertainment,ITS,large_scale_comparison,Wald,-0.597837000755621,-0.534246875412307,-0.774948003509034,-0.29354574731558,0.122806698008534,,,,,,,,,
499,phase_and_ascertainment,GAM,large_scale_comparison,Wald,-0.597837000755621,-0.25190925820757,-0.363317773147195,-0.140500743267945,0.0568410790508292,,,,,,,,,
499,phase_and_ascertainment,Aligned NB,large_scale_comparison,Wald,-0.597837000755621,-0.560744481023787,-0.797942374989853,-0.32354658705772,0.121019333656156,,,,,,,,,
500,phase_and_ascertainment,ITS,large_scale_comparison,Wald,-0.597837000755621,-1.03437660046867,-1.37189739109187,-0.696855809845472,0.172204485011835,,,,,,,,,
500,phase_and_ascertainment,GAM,large_scale_comparison,Wald,-0.597837000755621,-0.5801390368272,-0.657305147864748,-0.502972925789651,0.0393704648150758,,,,,,,,,
500,phase_and_ascertainment,Aligned NB,large_scale_comparison,Wald,-0.597837000755621,-1.08727286551917,-1.42164191107974,-0.752903819958599,0.170596451816617,,,,,,,,,
1,phase_and_confounding,ITS,large_scale_comparison,Wald,-0.597837000755621,-0.178294235265519,-0.324689360361249,-0.0318991101697889,0.0746913903549642,,,,,,,,,
1,phase_and_confounding,GAM,large_scale_comparison,Wald,-0.597837000755621,-0.280933818196676,-0.37114107820223,-0.190726558191122,0.0460241122477317,,,,,,,,,
1,phase_and_confounding,Aligned NB,large_scale_comparison,Wald,-0.597837000755621,-0.190986872731957,-0.332795742045302,-0.0491780034186116,0.0723514639353801,,,,,,,,,
2,phase_and_confounding,ITS,large_scale_comparison,Wald,-0.597837000755621,-0.217362364851347,-0.322343909727923,-0.11238081997477,0.0535620126921308,,,,,,,,,
2,phase_and_confounding,GAM,large_scale_comparison,Wald,-0.597837000755621,-0.287076988679351,-0.363445840666509,-0.210708136692194,0.0389636999934477,,,,,,,,,
2,phase_and_confounding,Aligned NB,large_scale_comparison,Wald,-0.597837000755621,-0.237638849431576,-0.339868949106417,-0.135408749756735,0.0521582141198171,,,,,,,,,
3,phase_and_confounding,ITS,large_scale_comparison,Wald,-0.597837000755621,-0.620679408561475,-0.811355808912251,-0.4300030082107,0.0972838777299875,,,,,,,,,
3,phase_and_confounding,GAM,large_scale_comparison,Wald,-0.597837000755621,-0.560785085361123,-0.658418359819782,-0.463151810902464,0.0498128951319689,,,,,,,,,
3,phase_and_confounding,Aligned NB,large_scale_comparison,Wald,-0.597837000755621,-0.669889630853274,-0.85503606997404,-0.484743191732508,0.0944624689391664,,,,,,,,,
4,phase_and_confounding,ITS,large_scale_comparison,Wald,-0.597837000755621,-0.251112768359655,-0.368036490646197,-0.134189046073112,0.0596549603502766,,,,,,,,,
4,phase_and_confounding,GAM,large_scale_comparison,Wald,-0.597837000755621,-0.366381600058638,-0.440645640341185,-0.29211755977609,0.0378898164706874,,,,,,,,,
4,phase_and_confounding,Aligned NB,large_scale_comparison,Wald,-0.597837000755621,-0.293625789241318,-0.404781111467654,-0.182470467014982,0.0567118990950694,,,,,,,,,
5,phase_and_confounding,ITS,large_scale_comparison,Wald,-0.597837000755621,-0.405921633860862,-0.550443491429549,-0.261399776292175,0.0737356416166769,,,,,,,,,
5,phase_and_confounding,GAM,large_scale_comparison,Wald,-0.597837000755621,-0.458904608056684,-0.517582594993445,-0.400226621119923,0.0299377484371229,,,,,,,,,
5,phase_and_confounding,Aligned NB,large_scale_comparison,Wald,-0.597837000755621,-0.436943687773374,-0.577544132925613,-0.296343242621134,0.0717349209960406,,,,,,,,,
6,phase_and_confounding,ITS,large_scale_comparison,Wald,-0.597837000755621,-0.367823317281332,-0.51660093755114,-0.219045697011525,0.0759069491172486,,,,,,,,,
6,phase_and_confounding,GAM,large_scale_comparison,Wald,-0.597837000755621,-0.370532720469165,-0.461387921064945,-0.279677519873385,0.0463546941815203,,,,,,,,,
6,phase_and_confounding,Aligned NB,large_scale_comparison,Wald,-0.597837000755621,-0.381130928433463,-0.5278533016624,-0.234408555204525,0.0748583536882333,,,,,,,,,
7,phase_and_confounding,ITS,large_scale_comparison,Wald,-0.597837000755621,-0.428542486767251,-0.544134427654491,-0.312950545880012,0.05897548004451,,,,,,,,,
7,phase_and_confounding,GAM,large_scale_comparison,Wald,-0.597837000755621,-0.266656473787306,-0.336079909938787,-0.197233037635825,0.0354201204854495,,,,,,,,,
7,phase_and_confounding,Aligned NB,large_scale_comparison,Wald,-0.597837000755621,-0.440373692257417,-0.554868960886605,-0.325878423628229,0.0584159533822388,,,,,,,,,
8,phase_and_confounding,ITS,large_scale_comparison,Wald,-0.597837000755621,-0.57420949392136,-0.680030616345824,-0.468388371496895,0.0539903685839103,,,,,,,,,
8,phase_and_confounding,GAM,large_scale_comparison,Wald,-0.597837000755621,-0.460967360362995,-0.528428993782698,-0.393505726943292,0.0344192007243383,,,,,,,,,
8,phase_and_confounding,Aligned NB,large_scale_comparison,Wald,-0.597837000755621,-0.592437688410643,-0.697369650349731,-0.487505726471554,0.0535367152750451,,,,,,,,,
9,phase_and_confounding,ITS,large_scale_comparison,Wald,-0.597837000755621,-0.382200571581481,-0.53909315233104,-0.225307990831922,0.0800472350763054,,,,,,,,,
9,phase_and_confounding,GAM,large_scale_comparison,Wald,-0.597837000755621,-0.65272473843166,-0.740294180072034,-0.565155296791287,0.0446782865512112,,,,,,,,,
9,phase_and_confounding,Aligned NB,large_scale_comparison,Wald,-0.597837000755621,-0.387894134055155,-0.544492859803174,-0.231295408307137,0.0798973090551116,,,,,,,,,
10,phase_and_confounding,ITS,large_scale_comparison,Wald,-0.597837000755621,-0.464230359147736,-0.560333625650986,-0.368127092644486,0.0490322788281887,,,,,,,,,
10,phase_and_confounding,GAM,large_scale_comparison,Wald,-0.597837000755621,-0.517395790498249,-0.577264252794175,-0.457527328202322,0.0305451338244523,,,,,,,,,
10,phase_and_confounding,Aligned NB,large_scale_comparison,Wald,-0.597837000755621,-0.469720415926774,-0.565393353893869,-0.374047477959679,0.0488127234525995,,,,,,,,,
11,phase_and_confounding,ITS,large_scale_comparison,Wald,-0.597837000755621,-0.30514885011296,-0.447753530994924,-0.162544169230997,0.0727574902458997,,,,,,,,,
11,phase_and_confounding,GAM,large_scale_comparison,Wald,-0.597837000755621,-0.404873676902493,-0.494379058145324,-0.315368295659662,0.045666010838179,,,,,,,,,
11,phase_and_confounding,Aligned NB,large_scale_comparison,Wald,-0.597837000755621,-0.352068654857269,-0.489114729900287,-0.215022579814252,0.0699214668586824,,,,,,,,,
12,phase_and_confounding,ITS,large_scale_comparison,Wald,-0.597837000755621,-0.245475557553092,-0.428859006558998,-0.0620921085471853,0.0935629841866869,,,,,,,,,
12,phase_and_confounding,GAM,large_scale_comparison,Wald,-0.597837000755621,-0.145412880546122,-0.247607535325773,-0.0432182257664705,0.0521401299896181,,,,,,,,,
12,phase_and_confounding,Aligned NB,large_scale_comparison,Wald,-0.597837000755621,-0.270274543550169,-0.448324060078738,-0.0922250270216006,0.0908415900655963,,,,,,,,,
13,phase_and_confounding,ITS,large_scale_comparison,Wald,-0.597837000755621,-0.343215530224943,-0.461206936653685,-0.2252241237962,0.0601996971575218,,,,,,,,,
13,phase_and_confounding,GAM,large_scale_comparison,Wald,-0.597837000755621,-0.519635043389997,-0.60386897468315,-0.435401112096843,0.0429764955577313,,,,,,,,,
13,phase_and_confounding,Aligned NB,large_scale_comparison,Wald,-0.597837000755621,-0.342869809817636,-0.461022499402561,-0.224717120232712,0.0602819844821044,,,,,,,,,
14,phase_and_confounding,ITS,large_scale_comparison,Wald,-0.597837000755621,-0.318663535365189,-0.488269210576575,-0.149057860153804,0.086533507760911,,,,,,,,,
14,phase_and_confounding,GAM,large_scale_comparison,Wald,-0.597837000755621,-0.653683972352809,-0.730629056686018,-0.576738888019599,0.0392576960883721,,,,,,,,,
14,phase_and_confounding,Aligned NB,large_scale_comparison,Wald,-0.597837000755621,-0.318656614707322,-0.487942848804779,-0.149370380609865,0.0863705276007434,,,,,,,,,
15,phase_and_confounding,ITS,large_scale_comparison,Wald,-0.597837000755621,-0.625622813167033,-0.78991620885275,-0.461329417481316,0.0838231610641413,,,,,,,,,
15,phase_and_confounding,GAM,large_scale_comparison,Wald,-0.597837000755621,-0.685649282854136,-0.789546214327768,-0.581752351380503,0.0530086385069555,,,,,,,,,
15,phase_and_confounding,Aligned NB,large_scale_comparison,Wald,-0.597837000755621,-0.649961974737138,-0.81580475862322,-0.484119190851056,0.084613665248001,,,,,,,,,
16,phase_and_confounding,ITS,large_scale_comparison,Wald,-0.597837000755621,0.0130462654581531,-0.229902191349712,0.255994722266018,0.123953294289727,,,,,,,,,
16,phase_and_confounding,GAM,large_scale_comparison,Wald,-0.597837000755621,-0.664841557299633,-0.778266265327203,-0.551416849272063,0.0578697489936583,,,,,,,,,
16,phase_and_confounding,Aligned NB,large_scale_comparison,Wald,-0.597837000755621,0.0113828382254482,-0.227358813479881,0.250124489930777,0.12180696515578,,,,,,,,,
17,phase_and_confounding,ITS,large_scale_comparison,Wald,-0.597837000755621,-0.328620815101019,-0.469879901879648,-0.18736172832239,0.0720709626421577,,,,,,,,,
17,phase_and_confounding,GAM,large_scale_comparison,Wald,-0.597837000755621,-0.547437463142385,-0.630152255415426,-0.464722670869345,0.0422014246291023,,,,,,,,,
17,phase_and_confounding,Aligned NB,large_scale_comparison,Wald,-0.597837000755621,-0.331102890946591,-0.472044103470779,-0.190161678422404,0.0719087819000957,,,,,,,,,
18,phase_and_confounding,ITS,large_scale_comparison,Wald,-0.597837000755621,-0.460305328024471,-0.591175962974089,-0.329434693074852,0.0667707321171523,,,,,,,,,
18,phase_and_confounding,GAM,large_scale_comparison,Wald,-0.597837000755621,-0.612057193350688,-0.709039042213795,-0.515075344487581,0.0494805351342382,,,,,,,,,
18,phase_and_confounding,Aligned NB,large_scale_comparison,Wald,-0.597837000755621,-0.480957808511431,-0.609573603379737,-0.352342013643126,0.0656203035042376,,,,,,,,,
19,phase_and_confounding,ITS,large_scale_comparison,Wald,-0.597837000755621,-0.415482349744797,-0.48936232375851,-0.341602375731085,0.0376938642927105,,,,,,,,,
19,phase_and_confounding,GAM,large_scale_comparison,Wald,-0.597837000755621,-0.218990581753308,-0.269821637357124,-0.168159526149492,0.0259342120427634,,,,,,,,,
19,phase_and_confounding,Aligned NB,large_scale_comparison,Wald,-0.597837000755621,-0.4215237873397,-0.49452587765608,-0.348521697023321,0.0372459644471323,,,,,,,,,
20,phase_and_confounding,ITS,large_scale_comparison,Wald,-0.597837000755621,-0.45305291515258,-0.66350558092885,-0.24260024937631,0.107373809069526,,,,,,,,,
20,phase_and_confounding,GAM,large_scale_comparison,Wald,-0.597837000755621,-0.601040486971759,-0.672090906399098,-0.52999006754442,0.0362502139935404,,,,,,,,,
20,phase_and_confounding,Aligned NB,large_scale_comparison,Wald,-0.597837000755621,-0.460433908230651,-0.668377049145181,-0.252490767316121,0.106093439242107,,,,,,,,,
21,phase_and_confounding,ITS,large_scale_comparison,Wald,-0.597837000755621,-0.407439547160577,-0.495765270996624,-0.31911382332453,0.0450641448143096,,,,,,,,,
21,phase_and_confounding,GAM,large_scale_comparison,Wald,-0.597837000755621,-0.391197813747489,-0.451800063729521,-0.330595563765457,0.0309195152969552,,,,,,,,,
21,phase_and_confounding,Aligned NB,large_scale_comparison,Wald,-0.597837000755621,-0.443398878056057,-0.529197881687332,-0.357599874424781,0.0437750018526914,,,,,,,,,
22,phase_and_confounding,ITS,large_scale_comparison,Wald,-0.597837000755621,-0.479767054439855,-0.625455240677807,-0.334078868201903,0.0743307072642614,,,,,,,,,
22,phase_and_confounding,GAM,large_scale_comparison,Wald,-0.597837000755621,-0.239114661975012,-0.327332241079038,-0.150897082870985,0.0450089689306259,,,,,,,,,
22,phase_and_confounding,Aligned NB,large_scale_comparison,Wald,-0.597837000755621,-0.485168019850532,-0.630651624374314,-0.339684415326749,0.0742263288386645,,,,,,,,,
23,phase_and_confounding,ITS,large_scale_comparison,Wald,-0.597837000755621,-0.343498991278135,-0.44238913712783,-0.24460884542844,0.0504541560457628,,,,,,,,,
23,phase_and_confounding,GAM,large_scale_comparison,Wald,-0.597837000755621,-0.328480111385774,-0.401335717343255,-0.255624505428293,0.0371712275293271,,,,,,,,,
23,phase_and_confounding,Aligned NB,large_scale_comparison,Wald,-0.597837000755621,-0.345529590516614,-0.4443633695906,-0.246695811442629,0.0504253974867273,,,,,,,,,
24,phase_and_confounding,ITS,large_scale_comparison,Wald,-0.597837000755621,-0.514847849228218,-0.634964131322419,-0.394731567134017,0.0612838173950007,,,,,,,,,
24,phase_and_confounding,GAM,large_scale_comparison,Wald,-0.597837000755621,-0.519687149978582,-0.597457400233779,-0.441916899723385,0.0396786991097945,,,,,,,,,
24,phase_and_confounding,Aligned NB,large_scale_comparison,Wald,-0.597837000755621,-0.561408325298863,-0.677968911527496,-0.444847739070231,0.0594696868513432,,,,,,,,,
25,phase_and_confounding,ITS,large_scale_comparison,Wald,-0.597837000755621,-0.618696700492698,-0.757913903713811,-0.479479497271585,0.0710291853168942,,,,,,,,,
25,phase_and_confounding,GAM,large_scale_comparison,Wald,-0.597837000755621,-0.590452319838226,-0.661882890271723,-0.519021749404728,0.0364441685885193,,,,,,,,,
25,phase_and_confounding,Aligned NB,large_scale_comparison,Wald,-0.597837000755621,-0.649168149517697,-0.78615649922614,-0.512179799809254,0.069892015157369,,,,,,,,,
26,phase_and_confounding,ITS,large_scale_comparison,Wald,-0.597837000755621,-0.294989490567645,-0.402332667375172,-0.187646313760117,0.0547669269426162,,,,,,,,,
26,phase_and_confounding,GAM,large_scale_comparison,Wald,-0.597837000755621,-0.426732693218572,-0.505760543723364,-0.34770484271378,0.0403203318902001,,,,,,,,,
26,phase_and_confounding,Aligned NB,large_scale_comparison,Wald,-0.597837000755621,-0.322077859852742,-0.425432881000449,-0.218722838705035,0.0527321536467894,,,,,,,,,
27,phase_and_confounding,ITS,large_scale_comparison,Wald,-0.597837000755621,-0.288466037278215,-0.405761698846753,-0.171170375709677,0.0598447252900703,,,,,,,,,
27,phase_and_confounding,GAM,large_scale_comparison,Wald,-0.597837000755621,-0.518960315395087,-0.579896852388021,-0.458023778402152,0.0310900698943544,,,,,,,,,
27,phase_and_confounding,Aligned NB,large_scale_comparison,Wald,-0.597837000755621,-0.30376934249989,-0.41701343212186,-0.190525252877921,0.0577775967459028,,,,,,,,,
28,phase_and_confounding,ITS,large_scale_comparison,Wald,-0.597837000755621,-0.402669480858207,-0.591155802248003,-0.214183159468412,0.0961664905049977,,,,,,,,,
28,phase_and_confounding,GAM,large_scale_comparison,Wald,-0.597837000755621,-0.505186042690288,-0.616070568147485,-0.394301517233092,0.0565737374781614,,,,,,,,,
28,phase_and_confounding,Aligned NB,large_scale_comparison,Wald,-0.597837000755621,-0.411415711655741,-0.596633471630409,-0.226197951681073,0.0944988571299328,,,,,,,,,
29,phase_and_confounding,ITS,large_scale_comparison,Wald,-0.597837000755621,-0.434240288939116,-0.545245437870579,-0.323235140007652,0.0566352800670731,,,,,,,,,
29,phase_and_confounding,GAM,large_scale_comparison,Wald,-0.597837000755621,-0.431701917456213,-0.491886121305226,-0.3715177136072,0.030706226453578,,,,,,,,,
29,phase_and_confounding,Aligned NB,large_scale_comparison,Wald,-0.597837000755621,-0.449921817165117,-0.558682999851029,-0.341160634479206,0.0554903993295465,,,,,,,,,
30,phase_and_confounding,ITS,large_scale_comparison,Wald,-0.597837000755621,-0.387104799131393,-0.514867564124891,-0.259342034137894,0.0651850841803564,,,,,,,,,
30,phase_and_confounding,GAM,large_scale_comparison,Wald,-0.597837000755621,-0.480678593720281,-0.567926324916456,-0.393430862524106,0.044514148569477,,,,,,,,,
30,phase_and_confounding,Aligned NB,large_scale_comparison,Wald,-0.597837000755621,-0.398767943712631,-0.524124901194799,-0.273410986230463,0.0639576313684528,,,,,,,,,
31,phase_and_confounding,ITS,large_scale_comparison,Wald,-0.597837000755621,-0.423585805879269,-0.512327825963208,-0.33484378579533,0.0452765408591525,,,,,,,,,
31,phase_and_confounding,GAM,large_scale_comparison,Wald,-0.597837000755621,-0.431822678128098,-0.498945838562429,-0.364699517693767,0.0342465104256792,,,,,,,,,
31,phase_and_confounding,Aligned NB,large_scale_comparison,Wald,-0.597837000755621,-0.443986196625766,-0.531505793856915,-0.356466599394616,0.0446528557301784,,,,,,,,,
32,phase_and_confounding,ITS,large_scale_comparison,Wald,-0.597837000755621,-0.353999998463199,-0.547085980613037,-0.160914016313362,0.0985132561988966,,,,,,,,,
32,phase_and_confounding,GAM,large_scale_comparison,Wald,-0.597837000755621,-0.570128472107549,-0.649300855165441,-0.490956089049658,0.0403940729887201,,,,,,,,,
32,phase_and_confounding,Aligned NB,large_scale_comparison,Wald,-0.597837000755621,-0.370581167908075,-0.558727094958493,-0.182435240857656,0.0959928199236828,,,,,,,,,
33,phase_and_confounding,ITS,large_scale_comparison,Wald,-0.597837000755621,-0.394950202366129,-0.474084087266454,-0.315816317465804,0.0403744310715943,,,,,,,,,
33,phase_and_confounding,GAM,large_scale_comparison,Wald,-0.597837000755621,-0.443995959333777,-0.508441563534888,-0.379550355132667,0.0328804103066889,,,,,,,,,
33,phase_and_confounding,Aligned NB,large_scale_comparison,Wald,-0.597837000755621,-0.409066053954589,-0.487293483772315,-0.330838624136862,0.039911953988636,,,,,,,,,
34,phase_and_confounding,ITS,large_scale_comparison,Wald,-0.597837000755621,-0.614063736478502,-0.84680943459822,-0.381318038358784,0.118747805163122,,,,,,,,,
34,phase_and_confounding,GAM,large_scale_comparison,Wald,-0.597837000755621,-0.365916070397422,-0.461596943296897,-0.270235197497946,0.0488167718874877,,,,,,,,,
34,phase_and_confounding,Aligned NB,large_scale_comparison,Wald,-0.597837000755621,-0.664091341872343,-0.890514987404047,-0.437667696340639,0.11552226812842,,,,,,,,,
35,phase_and_confounding,ITS,large_scale_comparison,Wald,-0.597837000755621,-0.247671424486683,-0.403129112965451,-0.0922137360079155,0.0793151471830447,,,,,,,,,
35,phase_and_confounding,GAM,large_scale_comparison,Wald,-0.597837000755621,-0.416040568502742,-0.504417686454201,-0.327663450551282,0.0450903663017651,,,,,,,,,
35,phase_and_confounding,Aligned NB,large_scale_comparison,Wald,-0.597837000755621,-0.288475102062227,-0.437467831222292,-0.139482372902163,0.0760166985510532,,,,,,,,,
36,phase_and_confounding,ITS,large_scale_comparison,Wald,-0.597837000755621,-0.544518005551328,-0.627333205875731,-0.461702805226925,0.0422526532267362,,,,,,,,,
36,phase_and_confounding,GAM,large_scale_comparison,Wald,-0.597837000755621,-0.502375026320712,-0.556277245057798,-0.448472807583627,0.027501132008717,,,,,,,,,
36,phase_and_confounding,Aligned NB,large_scale_comparison,Wald,-0.597837000755621,-0.543894799757092,-0.626698162400865,-0.461091437113318,0.042246613593762,,,,,,,,,
37,phase_and_confounding,ITS,large_scale_comparison,Wald,-0.597837000755621,-0.632088646533109,-0.767535430344886,-0.496641862721332,0.0691055019447841,,,,,,,,,
37,phase_and_confounding,GAM,large_scale_comparison,Wald,-0.597837000755621,-0.533511225743072,-0.616831222075533,-0.450191229410611,0.0425102022104392,,,,,,,,,
37,phase_and_confounding,Aligned NB,large_scale_comparison,Wald,-0.597837000755621,-0.642904628648147,-0.777221193777974,-0.50858806351832,0.068528859760116,,,,,,,,,
38,phase_and_confounding,ITS,large_scale_comparison,Wald,-0.597837000755621,-0.341088326438469,-0.419893476277947,-0.262283176598991,0.0402067091017745,,,,,,,,,
38,phase_and_confounding,GAM,large_scale_comparison,Wald,-0.597837000755621,-0.364672844766581,-0.427751438946313,-0.301594250586849,0.032182956214149,,,,,,,,,
38,phase_and_confounding,Aligned NB,large_scale_comparison,Wald,-0.597837000755621,-0.347925309003567,-0.426317184898022,-0.269533433109112,0.0399958550481915,,,,,,,,,
39,phase_and_confounding,ITS,large_scale_comparison,Wald,-0.597837000755621,-0.516103273848218,-0.637627478236055,-0.394579069460382,0.0620021450958349,,,,,,,,,
39,phase_and_confounding,GAM,large_scale_comparison,Wald,-0.597837000755621,-0.798958505653115,-0.890381162055995,-0.707535849250235,0.046644212450449,,,,,,,,,
39,phase_and_confounding,Aligned NB,large_scale_comparison,Wald,-0.597837000755621,-0.540317193266114,-0.659828604803213,-0.420805781729016,0.0609752099679074,,,,,,,,,
40,phase_and_confounding,ITS,large_scale_comparison,Wald,-0.597837000755621,-0.426502985056871,-0.536970602051508,-0.316035368062234,0.0563610290788966,,,,,,,,,
40,phase_and_confounding,GAM,large_scale_comparison,Wald,-0.597837000755621,-0.281128738918886,-0.35406422323474,-0.208193254603031,0.0372119817938034,,,,,,,,,
40,phase_and_confounding,Aligned NB,large_scale_comparison,Wald,-0.597837000755621,-0.433135303735607,-0.542732227475453,-0.323538379995761,0.0559167978264522,,,,,,,,,
41,phase_and_confounding,ITS,large_scale_comparison,Wald,-0.597837000755621,-0.366616350384759,-0.507270057340404,-0.225962643429114,0.0717620953855331,,,,,,,,,
41,phase_and_confounding,GAM,large_scale_comparison,Wald,-0.597837000755621,-0.362846080511851,-0.425109198147869,-0.300582962875833,0.0317668967530704,,,,,,,,,
41,phase_and_confounding,Aligned NB,large_scale_comparison,Wald,-0.597837000755621,-0.406725785830637,-0.543718971817182,-0.269732599844093,0.0698944826461962,,,,,,,,,
42,phase_and_confounding,ITS,large_scale_comparison,Wald,-0.597837000755621,-0.467842735098132,-0.617410921182931,-0.318274549013333,0.0763102990228566,,,,,,,,,
42,phase_and_confounding,GAM,large_scale_comparison,Wald,-0.597837000755621,-0.67047129108547,-0.76080428167388,-0.58013830049706,0.0460882605042908,,,,,,,,,
42,phase_and_confounding,Aligned NB,large_scale_comparison,Wald,-0.597837000755621,-0.499867410606873,-0.644987317928297,-0.35474750328545,0.0740407690415427,,,,,,,,,
43,phase_and_confounding,ITS,large_scale_comparison,Wald,-0.597837000755621,-0.302862551815574,-0.417895081939621,-0.187830021691527,0.0586900663898199,,,,,,,,,
43,phase_and_confounding,GAM,large_scale_comparison,Wald,-0.597837000755621,-0.576055823073268,-0.663824386780799,-0.488287259365737,0.0447798794426178,,,,,,,,,
43,phase_and_confounding,Aligned NB,large_scale_comparison,Wald,-0.597837000755621,-0.306713455996476,-0.420405145964955,-0.193021766027997,0.0580059642696321,,,,,,,,,
44,phase_and_confounding,ITS,large_scale_comparison,Wald,-0.597837000755621,-0.269521585254531,-0.431839300445671,-0.107203870063392,0.0828151608118059,,,,,,,,,
44,phase_and_confounding,GAM,large_scale_comparison,Wald,-0.597837000755621,-0.480486220649719,-0.541083487627418,-0.41988895367202,0.0309169729478055,,,,,,,,,
44,phase_and_confounding,Aligned NB,large_scale_comparison,Wald,-0.597837000755621,-0.301722839971721,-0.457122342561133,-0.146323337382308,0.0792854605048023,,,,,,,,,
45,phase_and_confounding,ITS,large_scale_comparison,Wald,-0.597837000755621,-0.301347044094376,-0.434849007257114,-0.167845080931639,0.0681132465116008,,,,,,,,,
45,phase_and_confounding,GAM,large_scale_comparison,Wald,-0.597837000755621,-0.399098846619146,-0.485214077234503,-0.312983616003788,0.0439363421506927,,,,,,,,,
45,phase_and_confounding,Aligned NB,large_scale_comparison,Wald,-0.597837000755621,-0.32032447792207,-0.44868878632175,-0.19196016952239,0.0654919940814694,,,,,,,,,
46,phase_and_confounding,ITS,large_scale_comparison,Wald,-0.597837000755621,-0.348116515597654,-0.43943518036162,-0.256797850833688,0.0465911554918193,,,,,,,,,
46,phase_and_confounding,GAM,large_scale_comparison,Wald,-0.597837000755621,-0.228006197427222,-0.295023388679619,-0.160989006174824,0.0341924445165293,,,,,,,,,
46,phase_and_confounding,Aligned NB,large_scale_comparison,Wald,-0.597837000755621,-0.358637281418811,-0.448170200964445,-0.269104361873177,0.0456800609926705,,,,,,,,,
47,phase_and_confounding,ITS,large_scale_comparison,Wald,-0.597837000755621,-0.412495918054961,-0.612961329207097,-0.212030506902825,0.102278270995988,,,,,,,,,
47,phase_and_confounding,GAM,large_scale_comparison,Wald,-0.597837000755621,-0.485570117085055,-0.55701261759684,-0.414127616573271,0.0364502553631553,,,,,,,,,
47,phase_and_confounding,Aligned NB,large_scale_comparison,Wald,-0.597837000755621,-0.433522922708478,-0.628739662027889,-0.238306183389067,0.0996003772037811,,,,,,,,,
48,phase_and_confounding,ITS,large_scale_comparison,Wald,-0.597837000755621,-0.419275825334356,-0.504195146387759,-0.334356504280954,0.0433261842109196,,,,,,,,,
48,phase_and_confounding,GAM,large_scale_comparison,Wald,-0.597837000755621,-0.542320689015309,-0.608365063541891,-0.476276314488726,0.0336961094523378,,,,,,,,,
48,phase_and_confounding,Aligned NB,large_scale_comparison,Wald,-0.597837000755621,-0.437311162709139,-0.521290201694809,-0.353332123723468,0.042846448462077,,,,,,,,,
49,phase_and_confounding,ITS,large_scale_comparison,Wald,-0.597837000755621,-0.405874873437919,-0.603925565442037,-0.2078241814338,0.101046271430673,,,,,,,,,
49,phase_and_confounding,GAM,large_scale_comparison,Wald,-0.597837000755621,-0.343879872645926,-0.435199368035867,-0.252560377255985,0.0465915792805823,,,,,,,,,
49,phase_and_confounding,Aligned NB,large_scale_comparison,Wald,-0.597837000755621,-0.448771689470377,-0.637893503640444,-0.25964987530031,0.0964907215153402,,,,,,,,,
50,phase_and_confounding,ITS,large_scale_comparison,Wald,-0.597837000755621,-0.349546105940947,-0.542465700907894,-0.156626510973999,0.0984283647790548,,,,,,,,,
50,phase_and_confounding,GAM,large_scale_comparison,Wald,-0.597837000755621,-0.671856044998825,-0.769621629754051,-0.5740904602436,0.0498804003853192,,,,,,,,,
50,phase_and_confounding,Aligned NB,large_scale_comparison,Wald,-0.597837000755621,-0.361395543213289,-0.552415899072096,-0.170375187354482,0.0974593652340851,,,,,,,,,
51,phase_and_confounding,ITS,large_scale_comparison,Wald,-0.597837000755621,-0.435616596026584,-0.555246892875324,-0.315986299177844,0.0610358657391532,,,,,,,,,
51,phase_and_confounding,GAM,large_scale_comparison,Wald,-0.597837000755621,-0.437106855225826,-0.501727692969149,-0.372486017482504,0.0329698151751646,,,,,,,,,
51,phase_and_confounding,Aligned NB,large_scale_comparison,Wald,-0.597837000755621,-0.466303401299647,-0.582269116844537,-0.350337685754756,0.0591661814004544,,,,,,,,,
52,phase_and_confounding,ITS,large_scale_comparison,Wald,-0.597837000755621,-0.437907816934056,-0.526643458394736,-0.349172175473376,0.0452732864595305,,,,,,,,,
52,phase_and_confounding,GAM,large_scale_comparison,Wald,-0.597837000755621,-0.284134950557023,-0.352167202096676,-0.21610269901737,0.0347103324181901,,,,,,,,,
52,phase_and_confounding,Aligned NB,large_scale_comparison,Wald,-0.597837000755621,-0.480553504299616,-0.567337204364491,-0.393769804234741,0.0442773979922833,,,,,,,,,
53,phase_and_confounding,ITS,large_scale_comparison,Wald,-0.597837000755621,-0.452064422168647,-0.540784561799548,-0.363344282537745,0.0452653773627048,,,,,,,,,
53,phase_and_confounding,GAM,large_scale_comparison,Wald,-0.597837000755621,-0.317378609534914,-0.383226507819982,-0.251530711249846,0.0335958664719735,,,,,,,,,
53,phase_and_confounding,Aligned NB,large_scale_comparison,Wald,-0.597837000755621,-0.500640252745245,-0.58638465122036,-0.414895854270131,0.0437471420791401,,,,,,,,,
54,phase_and_confounding,ITS,large_scale_comparison,Wald,-0.597837000755621,-0.590387320853933,-0.782288116990586,-0.39848652471728,0.0979085694574761,,,,,,,,,
54,phase_and_confounding,GAM,large_scale_comparison,Wald,-0.597837000755621,-0.571150448538982,-0.670737354744794,-0.471563542333171,0.0508096460233734,,,,,,,,,
54,phase_and_confounding,Aligned NB,large_scale_comparison,Wald,-0.597837000755621,-0.620420825699582,-0.807511417435545,-0.433330233963618,0.095454383538757,,,,,,,,,
55,phase_and_confounding,ITS,large_scale_comparison,Wald,-0.597837000755621,-0.374765944476861,-0.497021736862819,-0.252510152090904,0.0623754042785496,,,,,,,,,
55,phase_and_confounding,GAM,large_scale_comparison,Wald,-0.597837000755621,-0.421068710678771,-0.506919226596837,-0.335218194760705,0.0438012836316662,,,,,,,,,
55,phase_and_confounding,Aligned NB,large_scale_comparison,Wald,-0.597837000755621,-0.391723460497533,-0.511990668215286,-0.271456252779779,0.06136082026416,,,,,,,,,
56,phase_and_confounding,ITS,large_scale_comparison,Wald,-0.597837000755621,-0.233322065366322,-0.377221106230151,-0.0894230245024934,0.0734178779917493,,,,,,,,,
56,phase_and_confounding,GAM,large_scale_comparison,Wald,-0.597837000755621,-0.480830425116669,-0.546289855036759,-0.41537099519658,0.0333976683265764,,,,,,,,,
56,phase_and_confounding,Aligned NB,large_scale_comparison,Wald,-0.597837000755621,-0.247729186738098,-0.389616273187802,-0.105842100288395,0.0723913706376039,,,,,,,,,
57,phase_and_confounding,ITS,large_scale_comparison,Wald,-0.597837000755621,-0.267535060314635,-0.371756965398395,-0.163313155230876,0.0531744413692652,,,,,,,,,
57,phase_and_confounding,GAM,large_scale_comparison,Wald,-0.597837000755621,-0.53451708084423,-0.603114994210344,-0.465919167478116,0.0349989353908746,,,,,,,,,
57,phase_and_confounding,Aligned NB,large_scale_comparison,Wald,-0.597837000755621,-0.298924337476791,-0.398242223645916,-0.199606451307667,0.0506723909026144,,,,,,,,,
58,phase_and_confounding,ITS,large_scale_comparison,Wald,-0.597837000755621,-0.510866548377385,-0.615106648003085,-0.406626448751686,0.0531837242988263,,,,,,,,,
58,phase_and_confounding,GAM,large_scale_comparison,Wald,-0.597837000755621,-0.58399726489762,-0.653638032467812,-0.514356497327428,0.0355310038623428,,,,,,,,,
58,phase_and_confounding,Aligned NB,large_scale_comparison,Wald,-0.597837000755621,-0.511951715760137,-0.615754817295644,-0.40814861422463,0.0529607660895445,,,,,,,,,
59,phase_and_confounding,ITS,large_scale_comparison,Wald,-0.597837000755621,-0.476019685460138,-0.666949031523925,-0.28509033939635,0.0974129316651976,,,,,,,,,
59,phase_and_confounding,GAM,large_scale_comparison,Wald,-0.597837000755621,-0.582201264303672,-0.656268186187789,-0.508134342419555,0.0377892458592434,,,,,,,,,
59,phase_and_confounding,Aligned NB,large_scale_comparison,Wald,-0.597837000755621,-0.477757686198765,-0.667830121345385,-0.287685251052145,0.0969757322176632,,,,,,,,,
60,phase_and_confounding,ITS,large_scale_comparison,Wald,-0.597837000755621,-0.174475701698895,-0.40721897019339,0.0582675667955989,0.118746565558416,,,,,,,,,
60,phase_and_confounding,GAM,large_scale_comparison,Wald,-0.597837000755621,-0.170825212914778,-0.26273704419983,-0.0789133816297256,0.0468937914719654,,,,,,,,,
60,phase_and_confounding,Aligned NB,large_scale_comparison,Wald,-0.597837000755621,-0.229911179127175,-0.450596850782051,-0.00922550747229828,0.112594730436161,,,,,,,,,
61,phase_and_confounding,ITS,large_scale_comparison,Wald,-0.597837000755621,-0.552259958578635,-0.661275082239933,-0.443244834917337,0.0556199610516827,,,,,,,,,
61,phase_and_confounding,GAM,large_scale_comparison,Wald,-0.597837000755621,-0.411425960540024,-0.488631470317181,-0.334220450762866,0.0393905662128355,,,,,,,,,
61,phase_and_confounding,Aligned NB,large_scale_comparison,Wald,-0.597837000755621,-0.580577723089096,-0.687613534246894,-0.473541911931298,0.0546101077335704,,,,,,,,,
62,phase_and_confounding,ITS,large_scale_comparison,Wald,-0.597837000755621,-0.305212975776299,-0.475365681628977,-0.135060269923622,0.0868126050268763,,,,,,,,,
62,phase_and_confounding,GAM,large_scale_comparison,Wald,-0.597837000755621,-0.445186117801574,-0.558093885230008,-0.332278350373139,0.0576060037900175,,,,,,,,,
62,phase_and_confounding,Aligned NB,large_scale_comparison,Wald,-0.597837000755621,-0.305554512322927,-0.475401682808635,-0.135707341837218,0.0866567196355656,,,,,,,,,
63,phase_and_confounding,ITS,large_scale_comparison,Wald,-0.597837000755621,-0.254542315179727,-0.381428441280296,-0.127656189079159,0.0647378194390653,,,,,,,,,
63,phase_and_confounding,GAM,large_scale_comparison,Wald,-0.597837000755621,-0.581701749654739,-0.675155022590823,-0.488248476718654,0.0476802412939206,,,,,,,,,
63,phase_and_confounding,Aligned NB,large_scale_comparison,Wald,-0.597837000755621,-0.265205670891504,-0.388089716252345,-0.142321625530663,0.0626959415106332,,,,,,,,,
64,phase_and_confounding,ITS,large_scale_comparison,Wald,-0.597837000755621,-0.180454865640998,-0.38601170282086,0.0251019715388648,0.104875937336665,,,,,,,,,
64,phase_and_confounding,GAM,large_scale_comparison,Wald,-0.597837000755621,-0.329336574767986,-0.435444022468965,-0.223229127067007,0.054136452908663,,,,,,,,,
64,phase_and_confounding,Aligned NB,large_scale_comparison,Wald,-0.597837000755621,-0.190662266119605,-0.388490917138329,0.00716638489911786,0.100932985213634,,,,,,,,,
65,phase_and_confounding,ITS,large_scale_comparison,Wald,-0.597837000755621,-0.390719247952935,-0.549237735821263,-0.232200760084606,0.0808767795246575,,,,,,,,,
65,phase_and_confounding,GAM,large_scale_comparison,Wald,-0.597837000755621,-0.719648531234101,-0.824983443582624,-0.614313618885578,0.0537423022186342,,,,,,,,,
65,phase_and_confounding,Aligned NB,large_scale_comparison,Wald,-0.597837000755621,-0.404537462652011,-0.562000421002185,-0.247074504301836,0.0803382440562115,,,,,,,,,
66,phase_and_confounding,ITS,large_scale_comparison,Wald,-0.597837000755621,-0.266878942975769,-0.398937502611884,-0.134820383339655,0.067376816140875,,,,,,,,,
66,phase_and_confounding,GAM,large_scale_comparison,Wald,-0.597837000755621,-0.501721090142235,-0.573955488898521,-0.42948669138595,0.0368542850797377,,,,,,,,,
66,phase_and_confounding,Aligned NB,large_scale_comparison,Wald,-0.597837000755621,-0.276942669179643,-0.404345892589601,-0.149539445769685,0.0650016445969173,,,,,,,,,
67,phase_and_confounding,ITS,large_scale_comparison,Wald,-0.597837000755621,-0.516096848385258,-0.618009421935974,-0.414184274834542,0.0519962109952631,,,,,,,,,
67,phase_and_confounding,GAM,large_scale_comparison,Wald,-0.597837000755621,-0.503099673409293,-0.572922837352856,-0.433276509465729,0.0356240632365119,,,,,,,,,
67,phase_and_confounding,Aligned NB,large_scale_comparison,Wald,-0.597837000755621,-0.545291175946651,-0.646117731767854,-0.444464620125449,0.0514421203169399,,,,,,,,,
68,phase_and_confounding,ITS,large_scale_comparison,Wald,-0.597837000755621,-0.394585350802841,-0.457939489613257,-0.331231211992425,0.0323235402093957,,,,,,,,,
68,phase_and_confounding,GAM,large_scale_comparison,Wald,-0.597837000755621,-0.360530174404986,-0.405392871106804,-0.315667477703168,0.0228891309703153,,,,,,,,,
68,phase_and_confounding,Aligned NB,large_scale_comparison,Wald,-0.597837000755621,-0.415924920750741,-0.477863777356096,-0.353986064145386,0.0316014574517116,,,,,,,,,
69,phase_and_confounding,ITS,large_scale_comparison,Wald,-0.597837000755621,-0.474909440003284,-0.609217026535175,-0.340601853471393,0.0685242788428014,,,,,,,,,
69,phase_and_confounding,GAM,large_scale_comparison,Wald,-0.597837000755621,-0.557132431792429,-0.644076057394918,-0.470188806189939,0.0443589926543314,,,,,,,,,
69,phase_and_confounding,Aligned NB,large_scale_comparison,Wald,-0.597837000755621,-0.497762230165533,-0.629546397843913,-0.365978062487153,0.0672368202440713,,,,,,,,,
70,phase_and_confounding,ITS,large_scale_comparison,Wald,-0.597837000755621,-0.461062228811564,-0.565238593905969,-0.356885863717158,0.053151206680819,,,,,,,,,
70,phase_and_confounding,GAM,large_scale_comparison,Wald,-0.597837000755621,-0.523996237916304,-0.583332969232085,-0.464659506600523,0.0302738425080517,,,,,,,,,
70,phase_and_confounding,Aligned NB,large_scale_comparison,Wald,-0.597837000755621,-0.466775280527821,-0.570682870842424,-0.362867690213219,0.0530140766911235,,,,,,,,,
71,phase_and_confounding,ITS,large_scale_comparison,Wald,-0.597837000755621,-0.331141773985279,-0.493449853012764,-0.168833694957794,0.0828102444017781,,,,,,,,,
71,phase_and_confounding,GAM,large_scale_comparison,Wald,-0.597837000755621,-0.402717388112301,-0.500665793662993,-0.30476898256161,0.0499736763013732,,,,,,,,,
71,phase_and_confounding,Aligned NB,large_scale_comparison,Wald,-0.597837000755621,-0.361680363902735,-0.518081315594352,-0.205279412211118,0.0797964039242944,,,,,,,,,
72,phase_and_confounding,ITS,large_scale_comparison,Wald,-0.597837000755621,-0.465740153432009,-0.590247372091165,-0.341232934772852,0.0635240911526309,,,,,,,,,
72,phase_and_confounding,GAM,large_scale_comparison,Wald,-0.597837000755621,-0.618506763389807,-0.712806433410641,-0.524207093368973,0.0481120765412418,,,,,,,,,
72,phase_and_confounding,Aligned NB,large_scale_comparison,Wald,-0.597837000755621,-0.518230048398994,-0.63764370937754,-0.398816387420448,0.0609253372339521,,,,,,,,,
73,phase_and_confounding,ITS,large_scale_comparison,Wald,-0.597837000755621,-0.473559017478841,-0.577607956313597,-0.369510078644085,0.0530861932830388,,,,,,,,,
73,phase_and_confounding,GAM,large_scale_comparison,Wald,-0.597837000755621,-0.305447417519499,-0.377712153622437,-0.23318268141656,0.0368697633178257,,,,,,,,,
73,phase_and_confounding,Aligned NB,large_scale_comparison,Wald,-0.597837000755621,-0.503564569817704,-0.605750066139786,-0.401379073495623,0.0521354573071845,,,,,,,,,
74,phase_and_confounding,ITS,large_scale_comparison,Wald,-0.597837000755621,-0.451929857308902,-0.601265947320204,-0.302593767297601,0.0761918826588271,,,,,,,,,
74,phase_and_confounding,GAM,large_scale_comparison,Wald,-0.597837000755621,-0.371822959557134,-0.45736972541141,-0.286276193702857,0.0436463091093246,,,,,,,,,
74,phase_and_confounding,Aligned NB,large_scale_comparison,Wald,-0.597837000755621,-0.498327465587909,-0.64390323385221,-0.352751697323608,0.0742733511552556,,,,,,,,,
75,phase_and_confounding,ITS,large_scale_comparison,Wald,-0.597837000755621,-0.368249473295207,-0.492292586694602,-0.244206359895813,0.0632873027547933,,,,,,,,,
75,phase_and_confounding,GAM,large_scale_comparison,Wald,-0.597837000755621,-0.536071678127821,-0.619474449804463,-0.452668906451178,0.0425524345288993,,,,,,,,,
75,phase_and_confounding,Aligned NB,large_scale_comparison,Wald,-0.597837000755621,-0.370340499300265,-0.494089401459614,-0.246591597140917,0.0631371949792596,,,,,,,,,
76,phase_and_confounding,ITS,large_scale_comparison,Wald,-0.597837000755621,-0.445416835991041,-0.568132964742005,-0.322700707240076,0.0626102697709003,,,,,,,,,
76,phase_and_confounding,GAM,large_scale_comparison,Wald,-0.597837000755621,-0.26697825031782,-0.34263239775796,-0.191324102877679,0.0385990548163983,,,,,,,,,
76,phase_and_confounding,Aligned NB,large_scale_comparison,Wald,-0.597837000755621,-0.479870084683601,-0.599222145886954,-0.360518023480247,0.0608939087772212,,,,,,,,,
77,phase_and_confounding,ITS,large_scale_comparison,Wald,-0.597837000755621,-0.381509534018516,-0.465561480163567,-0.297457587873466,0.0428836459923727,,,,,,,,,
77,phase_and_confounding,GAM,large_scale_comparison,Wald,-0.597837000755621,-0.331490848303969,-0.398960754120368,-0.264020942487571,0.0344234213348972,,,,,,,,,
77,phase_and_confounding,Aligned NB,large_scale_comparison,Wald,-0.597837000755621,-0.395361656959083,-0.478461330079699,-0.312261983838467,0.0423977924084775,,,,,,,,,
78,phase_and_confounding,ITS,large_scale_comparison,Wald,-0.597837000755621,-0.549643448223958,-0.671969667870664,-0.427317228577252,0.0624113365544419,,,,,,,,,
78,phase_and_confounding,GAM,large_scale_comparison,Wald,-0.597837000755621,-0.618070696659072,-0.699560467539271,-0.536580925778873,0.0415764137143874,,,,,,,,,
78,phase_and_confounding,Aligned NB,large_scale_comparison,Wald,-0.597837000755621,-0.558808746454119,-0.680588411051103,-0.437029081857134,0.0621324819372368,,,,,,,,,
79,phase_and_confounding,ITS,large_scale_comparison,Wald,-0.597837000755621,-0.373159455720133,-0.471000663037273,-0.275318248402992,0.0499189833250717,,,,,,,,,
79,phase_and_confounding,GAM,large_scale_comparison,Wald,-0.597837000755621,-0.539767822527837,-0.607191463096604,-0.472344181959071,0.0343998166167175,,,,,,,,,
79,phase_and_confounding,Aligned NB,large_scale_comparison,Wald,-0.597837000755621,-0.396134023793341,-0.4917320358036,-0.300536011783082,0.0487744959236016,,,,,,,,,
80,phase_and_confounding,ITS,large_scale_comparison,Wald,-0.597837000755621,-0.291665691110449,-0.401253592998093,-0.182077789222806,0.0559121948406343,,,,,,,,,
80,phase_and_confounding,GAM,large_scale_comparison,Wald,-0.597837000755621,-0.370786510541766,-0.443840343190253,-0.29773267789328,0.0372723635961666,,,,,,,,,
80,phase_and_confounding,Aligned NB,large_scale_comparison,Wald,-0.597837000755621,-0.293261144419155,-0.401965716960424,-0.184556571877885,0.0554615166026884,,,,,,,,,
81,phase_and_confounding,ITS,large_scale_comparison,Wald,-0.597837000755621,-0.441053800807938,-0.535456464562877,-0.346651137052999,0.0481646243647647,,,,,,,,,
81,phase_and_confounding,GAM,large_scale_comparison,Wald,-0.597837000755621,-0.402885840704405,-0.47665281809992,-0.32911886330889,0.0376362129568953,,,,,,,,,
81,phase_and_confounding,Aligned NB,large_scale_comparison,Wald,-0.597837000755621,-0.460413102446999,-0.553725419840044,-0.367100785053954,0.0476083252005332,,,,,,,,,
82,phase_and_confounding,ITS,large_scale_comparison,Wald,-0.597837000755621,-0.503931416043919,-0.608946619083613,-0.398916213004225,0.0535791852243337,,,,,,,,,
82,phase_and_confounding,GAM,large_scale_comparison,Wald,-0.597837000755621,-0.519505851661586,-0.601350052373072,-0.4376616509501,0.0417572452609624,,,,,,,,,
82,phase_and_confounding,Aligned NB,large_scale_comparison,Wald,-0.597837000755621,-0.514997959239887,-0.619266685384762,-0.410729233095012,0.0531983296657524,,,,,,,,,
83,phase_and_confounding,ITS,large_scale_comparison,Wald,-0.597837000755621,-0.344512336074535,-0.488505948462119,-0.200518723686952,0.0734661287691753,,,,,,,,,
83,phase_and_confounding,GAM,large_scale_comparison,Wald,-0.597837000755621,-0.606802828432417,-0.706704690146069,-0.506900966718765,0.0509703376090063,,,,,,,,,
83,phase_and_confounding,Aligned NB,large_scale_comparison,Wald,-0.597837000755621,-0.349421361659247,-0.491508564342828,-0.207334158975666,0.0724934707569292,,,,,,,,,
84,phase_and_confounding,ITS,large_scale_comparison,Wald,-0.597837000755621,-0.61618592306313,-0.755714796443243,-0.476657049683018,0.0711882007041391,,,,,,,,,
84,phase_and_confounding,GAM,large_scale_comparison,Wald,-0.597837000755621,-0.581925158833241,-0.674760827713742,-0.489089489952741,0.0473651371839289,,,,,,,,,
84,phase_and_confounding,Aligned NB,large_scale_comparison,Wald,-0.597837000755621,-0.624964191599333,-0.764091122959998,-0.485837260238668,0.0709831282452372,,,,,,,,,
85,phase_and_confounding,ITS,large_scale_comparison,Wald,-0.597837000755621,-0.549077369331902,-0.646774220997275,-0.45138051766653,0.0498453324823327,,,,,,,,,
85,phase_and_confounding,GAM,large_scale_comparison,Wald,-0.597837000755621,-0.435012807743038,-0.487258777702184,-0.382766837783893,0.0266561071220131,,,,,,,,,
85,phase_and_confounding,Aligned NB,large_scale_comparison,Wald,-0.597837000755621,-0.555907959606304,-0.653290765577103,-0.458525153635505,0.0496851050871422,,,,,,,,,
86,phase_and_confounding,ITS,large_scale_comparison,Wald,-0.597837000755621,-0.359206522651992,-0.467632205591866,-0.250780839712117,0.0553192259897321,,,,,,,,,
86,phase_and_confounding,GAM,large_scale_comparison,Wald,-0.597837000755621,-0.613626665580627,-0.699506747573061,-0.527746583588194,0.0438163683634865,,,,,,,,,
86,phase_and_confounding,Aligned NB,large_scale_comparison,Wald,-0.597837000755621,-0.369445742720543,-0.475661542062007,-0.263229943379079,0.0541917343578897,,,,,,,,,
87,phase_and_confounding,ITS,large_scale_comparison,Wald,-0.597837000755621,-0.615171229226636,-0.73414776265202,-0.496194695801252,0.0607023129721347,,,,,,,,,
87,phase_and_confounding,GAM,large_scale_comparison,Wald,-0.597837000755621,-0.433256119898527,-0.509345368583971,-0.357166871213084,0.0388210452476752,,,,,,,,,
87,phase_and_confounding,Aligned NB,large_scale_comparison,Wald,-0.597837000755621,-0.633035318160297,-0.750788009478649,-0.515282626841945,0.0600779037338531,,,,,,,,,
88,phase_and_confounding,ITS,large_scale_comparison,Wald,-0.597837000755621,-0.499443482697323,-0.600355084874787,-0.39853188051986,0.0514855113150325,,,,,,,,,
88,phase_and_confounding,GAM,large_scale_comparison,Wald,-0.597837000755621,-0.528969141412748,-0.607823492921198,-0.450114789904297,0.0402318119941074,,,,,,,,,
88,phase_and_confounding,Aligned NB,large_scale_comparison,Wald,-0.597837000755621,-0.5250263036837,-0.625843101976887,-0.424209505390513,0.05143714198632,,,,,,,,,
89,phase_and_confounding,ITS,large_scale_comparison,Wald,-0.597837000755621,-0.459537499809369,-0.556827761268074,-0.362247238350664,0.0496378884993393,,,,,,,,,
89,phase_and_confounding,GAM,large_scale_comparison,Wald,-0.597837000755621,-0.364921039160293,-0.437477741190086,-0.2923643371305,0.0370187255254047,,,,,,,,,
89,phase_and_confounding,Aligned NB,large_scale_comparison,Wald,-0.597837000755621,-0.47281893189591,-0.569178773085135,-0.376459090706686,0.0491631842802166,,,,,,,,,
90,phase_and_confounding,ITS,large_scale_comparison,Wald,-0.597837000755621,-0.414373394122454,-0.543149987997384,-0.285596800247523,0.0657023438137402,,,,,,,,,
90,phase_and_confounding,GAM,large_scale_comparison,Wald,-0.597837000755621,-0.576516910147352,-0.662947842576201,-0.490085977718503,0.0440974145045146,,,,,,,,,
90,phase_and_confounding,Aligned NB,large_scale_comparison,Wald,-0.597837000755621,-0.415634150611731,-0.543181674032033,-0.288086627191428,0.0650752670511747,,,,,,,,,
91,phase_and_confounding,ITS,large_scale_comparison,Wald,-0.597837000755621,-0.462476184964814,-0.5985509743819,-0.326401395547729,0.0694259129679007,,,,,,,,,
91,phase_and_confounding,GAM,large_scale_comparison,Wald,-0.597837000755621,-0.610845288214331,-0.706941516145874,-0.514749060282787,0.0490286877201752,,,,,,,,,
91,phase_and_confounding,Aligned NB,large_scale_comparison,Wald,-0.597837000755621,-0.46524495664205,-0.600771059814678,-0.329718853469423,0.0691459710064427,,,,,,,,,
92,phase_and_confounding,ITS,large_scale_comparison,Wald,-0.597837000755621,-0.234147884600884,-0.374627393264054,-0.0936683759377149,0.0716732187056988,,,,,,,,,
92,phase_and_confounding,GAM,large_scale_comparison,Wald,-0.597837000755621,-0.449875899129081,-0.534771521151232,-0.36498027710693,0.0433140928684445,,,,,,,,,
92,phase_and_confounding,Aligned NB,large_scale_comparison,Wald,-0.597837000755621,-0.241773622246787,-0.381674970375876,-0.101872274117698,0.0713782388413719,,,,,,,,,
93,phase_and_confounding,ITS,large_scale_comparison,Wald,-0.597837000755621,-0.420259910820862,-0.501092213602216,-0.339427608039508,0.0412409708068132,,,,,,,,,
93,phase_and_confounding,GAM,large_scale_comparison,Wald,-0.597837000755621,-0.308421211864367,-0.369611961085129,-0.247230462643605,0.0312197700105927,,,,,,,,,
93,phase_and_confounding,Aligned NB,large_scale_comparison,Wald,-0.597837000755621,-0.452021960626983,-0.531519946352877,-0.372523974901088,0.0405601967989256,,,,,,,,,
94,phase_and_confounding,ITS,large_scale_comparison,Wald,-0.597837000755621,-0.375103171881424,-0.481505328730568,-0.26870101503228,0.0542868147189511,,,,,,,,,
94,phase_and_confounding,GAM,large_scale_comparison,Wald,-0.597837000755621,-0.471650297629519,-0.546312701811673,-0.396987893447365,0.038093063358242,,,,,,,,,
94,phase_and_confounding,Aligned NB,large_scale_comparison,Wald,-0.597837000755621,-0.405732183416225,-0.508916134209976,-0.302548232622474,0.0526448728539545,,,,,,,,,
95,phase_and_confounding,ITS,large_scale_comparison,Wald,-0.597837000755621,-0.203859662515527,-0.396223899585772,-0.0114954254452828,0.09814501891339,,,,,,,,,
95,phase_and_confounding,GAM,large_scale_comparison,Wald,-0.597837000755621,-0.417597516839931,-0.517058719823136,-0.318136313856726,0.0507455117261249,,,,,,,,,
95,phase_and_confounding,Aligned NB,large_scale_comparison,Wald,-0.597837000755621,-0.232801119024172,-0.420895933059243,-0.0447063049891003,0.0959667418546283,,,,,,,,,
96,phase_and_confounding,ITS,large_scale_comparison,Wald,-0.597837000755621,-0.347265085358943,-0.450432151552208,-0.244098019165678,0.0526362582618699,,,,,,,,,
96,phase_and_confounding,GAM,large_scale_comparison,Wald,-0.597837000755621,-0.306623480712491,-0.380099787176294,-0.233147174248688,0.0374879114611241,,,,,,,,,
96,phase_and_confounding,Aligned NB,large_scale_comparison,Wald,-0.597837000755621,-0.359473916912501,-0.46183416146788,-0.257113672357122,0.0522246145690707,,,,,,,,,
97,phase_and_confounding,ITS,large_scale_comparison,Wald,-0.597837000755621,-0.607501347635012,-0.775376856716264,-0.439625838553761,0.0856507699394142,,,,,,,,,
97,phase_and_confounding,GAM,large_scale_comparison,Wald,-0.597837000755621,-0.3729647954419,-0.46377728715537,-0.28215230372843,0.0463329039354438,,,,,,,,,
97,phase_and_confounding,Aligned NB,large_scale_comparison,Wald,-0.597837000755621,-0.694364374698069,-0.859004280168372,-0.529724469227766,0.0839999517705627,,,,,,,,,
98,phase_and_confounding,ITS,large_scale_comparison,Wald,-0.597837000755621,-0.358155400108364,-0.537242761024893,-0.179068039191835,0.0913711025084332,,,,,,,,,
98,phase_and_confounding,GAM,large_scale_comparison,Wald,-0.597837000755621,-0.503036030991713,-0.599106739697613,-0.406965322285812,0.0490156677070919,,,,,,,,,
98,phase_and_confounding,Aligned NB,large_scale_comparison,Wald,-0.597837000755621,-0.363499450326275,-0.539107458246003,-0.187891442406547,0.0895959224080246,,,,,,,,,
99,phase_and_confounding,ITS,large_scale_comparison,Wald,-0.597837000755621,-0.477225325249486,-0.595910841299997,-0.358539809198976,0.0605538347196481,,,,,,,,,
99,phase_and_confounding,GAM,large_scale_comparison,Wald,-0.597837000755621,-0.287172181188864,-0.365043624441705,-0.209300737936024,0.0397303281902246,,,,,,,,,
99,phase_and_confounding,Aligned NB,large_scale_comparison,Wald,-0.597837000755621,-0.507095702159727,-0.624006984178467,-0.390184420140988,0.0596486132748673,,,,,,,,,
100,phase_and_confounding,ITS,large_scale_comparison,Wald,-0.597837000755621,-0.196279966998459,-0.307265284370893,-0.085294649626025,0.0566251619247113,,,,,,,,,
100,phase_and_confounding,GAM,large_scale_comparison,Wald,-0.597837000755621,-0.364156640910397,-0.433024769421819,-0.295288512398975,0.0351368002609296,,,,,,,,,
100,phase_and_confounding,Aligned NB,large_scale_comparison,Wald,-0.597837000755621,-0.201831762160822,-0.308666263776693,-0.0949972605449517,0.0545073987836074,,,,,,,,,
101,phase_and_confounding,ITS,large_scale_comparison,Wald,-0.597837000755621,-0.60966714966319,-0.800290895602179,-0.419043403724201,0.0972570132341782,,,,,,,,,
101,phase_and_confounding,GAM,large_scale_comparison,Wald,-0.597837000755621,-0.617562839730248,-0.691332045145331,-0.543793634315165,0.0376373497015729,,,,,,,,,
101,phase_and_confounding,Aligned NB,large_scale_comparison,Wald,-0.597837000755621,-0.621181837307883,-0.809847953850971,-0.432515720764795,0.0962582227260653,,,,,,,,,
102,phase_and_confounding,ITS,large_scale_comparison,Wald,-0.597837000755621,-0.399997857431376,-0.588843188469937,-0.211152526392816,0.0963496586931429,,,,,,,,,
102,phase_and_confounding,GAM,large_scale_comparison,Wald,-0.597837000755621,-0.574377213394974,-0.651218724958699,-0.497535701831249,0.0392048528386354,,,,,,,,,
102,phase_and_confounding,Aligned NB,large_scale_comparison,Wald,-0.597837000755621,-0.405348770255364,-0.590637834922337,-0.220059705588391,0.0945352370749861,,,,,,,,,
103,phase_and_confounding,ITS,large_scale_comparison,Wald,-0.597837000755621,-0.362905152241277,-0.598220339231829,-0.127589965250725,0.120058768872731,,,,,,,,,
103,phase_and_confounding,GAM,large_scale_comparison,Wald,-0.597837000755621,-0.533272831773034,-0.611484703814635,-0.455060959731433,0.0399040163477558,,,,,,,,,
103,phase_and_confounding,Aligned NB,large_scale_comparison,Wald,-0.597837000755621,-0.365939766185241,-0.598882065515713,-0.132997466854769,0.118848111903302,,,,,,,,,
104,phase_and_confounding,ITS,large_scale_comparison,Wald,-0.597837000755621,-0.393836660565917,-0.55075445440195,-0.236918866729883,0.0800600988959354,,,,,,,,,
104,phase_and_confounding,GAM,large_scale_comparison,Wald,-0.597837000755621,-0.275801631299411,-0.364785282572169,-0.186817980026653,0.0453998220779378,,,,,,,,,
104,phase_and_confounding,Aligned NB,large_scale_comparison,Wald,-0.597837000755621,-0.414297419872794,-0.567681810681654,-0.260913029063933,0.0782573422494188,,,,,,,,,
105,phase_and_confounding,ITS,large_scale_comparison,Wald,-0.597837000755621,-0.445428359097314,-0.552195334863924,-0.338661383330704,0.0544729468196991,,,,,,,,,
105,phase_and_confounding,GAM,large_scale_comparison,Wald,-0.597837000755621,-0.398789671514511,-0.458587060098213,-0.338992282930809,0.0305088717263785,,,,,,,,,
105,phase_and_confounding,Aligned NB,large_scale_comparison,Wald,-0.597837000755621,-0.477195564705796,-0.582371639552732,-0.37201948985886,0.0536612626770082,,,,,,,,,
106,phase_and_confounding,ITS,large_scale_comparison,Wald,-0.597837000755621,-0.453373308249703,-0.54024265576191,-0.366503960737497,0.0443210956694931,,,,,,,,,
106,phase_and_confounding,GAM,large_scale_comparison,Wald,-0.597837000755621,-0.472738185155191,-0.536182008625714,-0.409294361684668,0.0323692976890422,,,,,,,,,
106,phase_and_confounding,Aligned NB,large_scale_comparison,Wald,-0.597837000755621,-0.492882230932979,-0.577913011697748,-0.40785145016821,0.0433830514105965,,,,,,,,,
107,phase_and_confounding,ITS,large_scale_comparison,Wald,-0.597837000755621,-0.553291136435358,-0.672219031557244,-0.434363241313471,0.0606774975111666,,,,,,,,,
107,phase_and_confounding,GAM,large_scale_comparison,Wald,-0.597837000755621,-0.793338298081346,-0.885145125065352,-0.701531471097339,0.046840217848983,,,,,,,,,
107,phase_and_confounding,Aligned NB,large_scale_comparison,Wald,-0.597837000755621,-0.564170630480585,-0.682747043807675,-0.445594217153495,0.0604981700648419,,,,,,,,,
108,phase_and_confounding,ITS,large_scale_comparison,Wald,-0.597837000755621,-0.408379742222221,-0.519363354552809,-0.297396129891633,0.056624292005402,,,,,,,,,
108,phase_and_confounding,GAM,large_scale_comparison,Wald,-0.597837000755621,-0.406717913760335,-0.487357139321083,-0.326078688199588,0.0411424620207894,,,,,,,,,
108,phase_and_confounding,Aligned NB,large_scale_comparison,Wald,-0.597837000755621,-0.413038983337866,-0.522457186958394,-0.303620779717339,0.0558256140921058,,,,,,,,,
109,phase_and_confounding,ITS,large_scale_comparison,Wald,-0.597837000755621,-0.440423045332339,-0.563909041192438,-0.31693704947224,0.0630030591122955,,,,,,,,,
109,phase_and_confounding,GAM,large_scale_comparison,Wald,-0.597837000755621,-0.515982793116004,-0.587696482925821,-0.444269103306187,0.0365886172499066,,,,,,,,,
109,phase_and_confounding,Aligned NB,large_scale_comparison,Wald,-0.597837000755621,-0.455512832434681,-0.576611682980145,-0.334413981889217,0.0617851278293185,,,,,,,,,
110,phase_and_confounding,ITS,large_scale_comparison,Wald,-0.597837000755621,-0.235968239677899,-0.335038294001269,-0.136898185354529,0.0505459460833521,,,,,,,,,
110,phase_and_confounding,GAM,large_scale_comparison,Wald,-0.597837000755621,-0.531842048671794,-0.605136073602969,-0.458548023740619,0.037394910679171,,,,,,,,,
110,phase_and_confounding,Aligned NB,large_scale_comparison,Wald,-0.597837000755621,-0.242962237397399,-0.339747850632325,-0.146176624162472,0.0493804149157787,,,,,,,,,
111,phase_and_confounding,ITS,large_scale_comparison,Wald,-0.597837000755621,-0.416373257382632,-0.488567558738523,-0.34417895602674,0.0368338272223936,,,,,,,,,
111,phase_and_confounding,GAM,large_scale_comparison,Wald,-0.597837000755621,-0.382847742029567,-0.440200512128228,-0.325494971930906,0.029261617397276,,,,,,,,,
111,phase_and_confounding,Aligned NB,large_scale_comparison,Wald,-0.597837000755621,-0.439092118833306,-0.510560628077425,-0.367623609589186,0.0364635251245508,,,,,,,,,
112,phase_and_confounding,ITS,large_scale_comparison,Wald,-0.597837000755621,-0.415578945915295,-0.498515817776747,-0.332642074053843,0.0423147305415572,,,,,,,,,
112,phase_and_confounding,GAM,large_scale_comparison,Wald,-0.597837000755621,-0.630724431003266,-0.698296618012835,-0.563152243993697,0.0344756056171271,,,,,,,,,
112,phase_and_confounding,Aligned NB,large_scale_comparison,Wald,-0.597837000755621,-0.418194220857349,-0.500935617314169,-0.33545282440053,0.0422149981922548,,,,,,,,,
113,phase_and_confounding,ITS,large_scale_comparison,Wald,-0.597837000755621,-0.432538225605207,-0.555076790935792,-0.309999660274623,0.0625196761890737,,,,,,,,,
113,phase_and_confounding,GAM,large_scale_comparison,Wald,-0.597837000755621,-0.419262988126407,-0.495271041155722,-0.343254935097091,0.0387796188925079,,,,,,,,,
113,phase_and_confounding,Aligned NB,large_scale_comparison,Wald,-0.597837000755621,-0.4364012207112,-0.558663358818781,-0.314139082603619,0.0623786418916229,,,,,,,,,
114,phase_and_confounding,ITS,large_scale_comparison,Wald,-0.597837000755621,-0.526076259897789,-0.662456456333516,-0.389696063462061,0.0695817328753713,,,,,,,,,
114,phase_and_confounding,GAM,large_scale_comparison,Wald,-0.597837000755621,-0.635456722021949,-0.720806039652146,-0.550107404391752,0.0435455702194882,,,,,,,,,
114,phase_and_confounding,Aligned NB,large_scale_comparison,Wald,-0.597837000755621,-0.537459743891513,-0.673269647427029,-0.401649840355997,0.0692907671099571,,,,,,,,,
115,phase_and_confounding,ITS,large_scale_comparison,Wald,-0.597837000755621,-0.478438691260701,-0.602662981521215,-0.354214401000186,0.0633797399288339,,,,,,,,,
115,phase_and_confounding,GAM,large_scale_comparison,Wald,-0.597837000755621,-0.673349766934102,-0.764832283740102,-0.581867250128102,0.0466747534724489,,,,,,,,,
115,phase_and_confounding,Aligned NB,large_scale_comparison,Wald,-0.597837000755621,-0.478163033363823,-0.602235815868872,-0.354090250858774,0.0633024400535965,,,,,,,,,
116,phase_and_confounding,ITS,large_scale_comparison,Wald,-0.597837000755621,-0.264888222454316,-0.43678370283721,-0.0929927420714212,0.0877017757055584,,,,,,,,,
116,phase_and_confounding,GAM,large_scale_comparison,Wald,-0.597837000755621,-0.773261493691494,-0.87181549535494,-0.674707492028047,0.0502826539099217,,,,,,,,,
116,phase_and_confounding,Aligned NB,large_scale_comparison,Wald,-0.597837000755621,-0.280046657226489,-0.448671523441935,-0.111421791011043,0.0860330950078806,,,,,,,,,
117,phase_and_confounding,ITS,large_scale_comparison,Wald,-0.597837000755621,-0.471210403746351,-0.589420306045014,-0.353000501447688,0.0603111746421748,,,,,,,,,
117,phase_and_confounding,GAM,large_scale_comparison,Wald,-0.597837000755621,-0.629297560660129,-0.704005669098533,-0.554589452221725,0.0381163818563285,,,,,,,,,
117,phase_and_confounding,Aligned NB,large_scale_comparison,Wald,-0.597837000755621,-0.470674798989409,-0.588681357566621,-0.352668240412198,0.0602074278455161,,,,,,,,,
118,phase_and_confounding,ITS,large_scale_comparison,Wald,-0.597837000755621,-0.457332536956016,-0.599328188845706,-0.315336885066325,0.0724467611682093,,,,,,,,,
118,phase_and_confounding,GAM,large_scale_comparison,Wald,-0.597837000755621,-0.554774864396135,-0.639394761888091,-0.470154966904178,0.0431734170877328,,,,,,,,,
118,phase_and_confounding,Aligned NB,large_scale_comparison,Wald,-0.597837000755621,-0.482539609563247,-0.622324201330622,-0.342755017795873,0.0713186692690684,,,,,,,,,
119,phase_and_confounding,ITS,large_scale_comparison,Wald,-0.597837000755621,-0.441255869359589,-0.626218637165676,-0.256293101553502,0.0943687590847381,,,,,,,,,
119,phase_and_confounding,GAM,large_scale_comparison,Wald,-0.597837000755621,-0.427129091860771,-0.525134681983557,-0.329123501737984,0.0500028521034624,,,,,,,,,
119,phase_and_confounding,Aligned NB,large_scale_comparison,Wald,-0.597837000755621,-0.475278878890016,-0.656826819835075,-0.293730937944958,0.0926265004821729,,,,,,,,,
120,phase_and_confounding,ITS,large_scale_comparison,Wald,-0.597837000755621,-0.301177603951835,-0.412079886835382,-0.190275321068288,0.0565827973895649,,,,,,,,,
120,phase_and_confounding,GAM,large_scale_comparison,Wald,-0.597837000755621,-0.398575355317892,-0.480885445156472,-0.316265265479312,0.0419949437951937,,,,,,,,,
120,phase_and_confounding,Aligned NB,large_scale_comparison,Wald,-0.597837000755621,-0.311646202516412,-0.420593839585257,-0.202698565447567,0.0555855291167576,,,,,,,,,
121,phase_and_confounding,ITS,large_scale_comparison,Wald,-0.597837000755621,-0.393657409327812,-0.483361823928991,-0.303952994726634,0.0457675584699891,,,,,,,,,
121,phase_and_confounding,GAM,large_scale_comparison,Wald,-0.597837000755621,-0.532339628681433,-0.609171134997872,-0.455508122364995,0.0391997481206321,,,,,,,,,
121,phase_and_confounding,Aligned NB,large_scale_comparison,Wald,-0.597837000755621,-0.419186011663434,-0.506493690053524,-0.331878333273344,0.0445447338724948,,,,,,,,,
122,phase_and_confounding,ITS,large_scale_comparison,Wald,-0.597837000755621,-0.406701391455187,-0.510122092340186,-0.303280690570188,0.0527656637168363,,,,,,,,,
122,phase_and_confounding,GAM,large_scale_comparison,Wald,-0.597837000755621,-0.504262915407967,-0.58141258960429,-0.427113241211644,0.0393620786715933,,,,,,,,,
122,phase_and_confounding,Aligned NB,large_scale_comparison,Wald,-0.597837000755621,-0.409373167104064,-0.512643081427724,-0.306103252780404,0.0526887317977856,,,,,,,,,
123,phase_and_confounding,ITS,large_scale_comparison,Wald,-0.597837000755621,-0.51243604566612,-0.667929611022548,-0.356942480309692,0.0793334517124631,,,,,,,,,
123,phase_and_confounding,GAM,large_scale_comparison,Wald,-0.597837000755621,-0.554777560244325,-0.628133929594069,-0.481421190894581,0.0374267190559918,,,,,,,,,
123,phase_and_confounding,Aligned NB,large_scale_comparison,Wald,-0.597837000755621,-0.525832491182734,-0.679548117377758,-0.37211686498771,0.0784263398954204,,,,,,,,,
124,phase_and_confounding,ITS,large_scale_comparison,Wald,-0.597837000755621,-0.467027355560546,-0.608401833238472,-0.325652877882621,0.0721298355499619,,,,,,,,,
124,phase_and_confounding,GAM,large_scale_comparison,Wald,-0.597837000755621,-0.461592857110534,-0.548386111904786,-0.374799602316282,0.0442822728542102,,,,,,,,,
124,phase_and_confounding,Aligned NB,large_scale_comparison,Wald,-0.597837000755621,-0.510028944973292,-0.647258860955674,-0.372799028990911,0.0700152632563171,,,,,,,,,
125,phase_and_confounding,ITS,large_scale_comparison,Wald,-0.597837000755621,-0.483725263227359,-0.609405632873921,-0.358044893580797,0.0641226375747765,,,,,,,,,
125,phase_and_confounding,GAM,large_scale_comparison,Wald,-0.597837000755621,-0.287862568094895,-0.366858046516713,-0.208867089673077,0.0403038155213357,,,,,,,,,
125,phase_and_confounding,Aligned NB,large_scale_comparison,Wald,-0.597837000755621,-0.492573994089974,-0.617837715116688,-0.36731027306326,0.0639100617483234,,,,,,,,,
126,phase_and_confounding,ITS,large_scale_comparison,Wald,-0.597837000755621,-0.449472678937515,-0.531817931127747,-0.367127426747283,0.0420128837705265,,,,,,,,,
126,phase_and_confounding,GAM,large_scale_comparison,Wald,-0.597837000755621,-0.454940765000181,-0.514972915562312,-0.39490861443805,0.0306286482459851,,,,,,,,,
126,phase_and_confounding,Aligned NB,large_scale_comparison,Wald,-0.597837000755621,-0.467431442650365,-0.548950835560915,-0.385912049739815,0.0415915269951786,,,,,,,,,
127,phase_and_confounding,ITS,large_scale_comparison,Wald,-0.597837000755621,-0.48242753650948,-0.593592581043052,-0.371262491975909,0.0567168594559038,,,,,,,,,
127,phase_and_confounding,GAM,large_scale_comparison,Wald,-0.597837000755621,-0.302918611232168,-0.376758375668924,-0.229078846795412,0.0376733492024266,,,,,,,,,
127,phase_and_confounding,Aligned NB,large_scale_comparison,Wald,-0.597837000755621,-0.515731889736639,-0.624127946577161,-0.407335832896117,0.0553041106329196,,,,,,,,,
128,phase_and_confounding,ITS,large_scale_comparison,Wald,-0.597837000755621,-0.59429003124248,-0.708635719053058,-0.479944343431902,0.05833963663805,,,,,,,,,
128,phase_and_confounding,GAM,large_scale_comparison,Wald,-0.597837000755621,-0.499710668304561,-0.577977684500493,-0.421443652108628,0.0399321511203736,,,,,,,,,
128,phase_and_confounding,Aligned NB,large_scale_comparison,Wald,-0.597837000755621,-0.605171418084523,-0.718933532681295,-0.491409303487751,0.0580418952024347,,,,,,,,,
129,phase_and_confounding,ITS,large_scale_comparison,Wald,-0.597837000755621,-0.304789029374897,-0.47288554011252,-0.136692518637273,0.0857635258865426,,,,,,,,,
129,phase_and_confounding,GAM,large_scale_comparison,Wald,-0.597837000755621,-0.190913169933424,-0.255991738396558,-0.12583460147029,0.0332033512567008,,,,,,,,,
129,phase_and_confounding,Aligned NB,large_scale_comparison,Wald,-0.597837000755621,-0.314730516853403,-0.481469793819324,-0.147991239887482,0.0850710596764904,,,,,,,,,
130,phase_and_confounding,ITS,large_scale_comparison,Wald,-0.597837000755621,-0.509433036015543,-0.618012530260265,-0.400853541770822,0.0553977011452661,,,,,,,,,
130,phase_and_confounding,GAM,large_scale_comparison,Wald,-0.597837000755621,-0.488677375511873,-0.552533029958132,-0.424821721065615,0.0325794155338054,,,,,,,,,
130,phase_and_confounding,Aligned NB,large_scale_comparison,Wald,-0.597837000755621,-0.519419212751588,-0.627688386425547,-0.411150039077628,0.0552393743234485,,,,,,,,,
131,phase_and_confounding,ITS,large_scale_comparison,Wald,-0.597837000755621,-0.396296311733023,-0.472613609073742,-0.319979014392304,0.0389373966024078,,,,,,,,,
131,phase_and_confounding,GAM,large_scale_comparison,Wald,-0.597837000755621,-0.352717874263051,-0.412665820025324,-0.292769928500778,0.0305856866134047,,,,,,,,,
131,phase_and_confounding,Aligned NB,large_scale_comparison,Wald,-0.597837000755621,-0.426000304887298,-0.500443749048671,-0.351556860725926,0.0379813490619248,,,,,,,,,
132,phase_and_confounding,ITS,large_scale_comparison,Wald,-0.597837000755621,-0.454897766411253,-0.537296082203767,-0.372499450618738,0.0420399570369971,,,,,,,,,
132,phase_and_confounding,GAM,large_scale_comparison,Wald,-0.597837000755621,-0.505289831105977,-0.568283360148846,-0.442296302063109,0.0321395556341165,,,,,,,,,
132,phase_and_confounding,Aligned NB,large_scale_comparison,Wald,-0.597837000755621,-0.474499504499915,-0.555987452509666,-0.393011556490164,0.0415754836784443,,,,,,,,,
133,phase_and_confounding,ITS,large_scale_comparison,Wald,-0.597837000755621,-0.479063312680694,-0.574288817536102,-0.383837807825286,0.0485844412527593,,,,,,,,,
133,phase_and_confounding,GAM,large_scale_comparison,Wald,-0.597837000755621,-0.473641959091861,-0.546520203367528,-0.400763714816193,0.037182777691667,,,,,,,,,
133,phase_and_confounding,Aligned NB,large_scale_comparison,Wald,-0.597837000755621,-0.482419952882794,-0.577498295714588,-0.387341610050999,0.0485093585876503,,,,,,,,,
134,phase_and_confounding,ITS,large_scale_comparison,Wald,-0.597837000755621,-0.455630472421823,-0.601695474719312,-0.309565470124334,0.0745229603558616,,,,,,,,,
134,phase_and_confounding,GAM,large_scale_comparison,Wald,-0.597837000755621,-0.404356685003197,-0.486451072689278,-0.322262297317116,0.0418848916765718,,,,,,,,,
134,phase_and_confounding,Aligned NB,large_scale_comparison,Wald,-0.597837000755621,-0.465548367387225,-0.611216746397781,-0.31987998837667,0.0743206015359977,,,,,,,,,
135,phase_and_confounding,ITS,large_scale_comparison,Wald,-0.597837000755621,-0.57421963346051,-0.714948466455973,-0.433490800465048,0.071800424997685,,,,,,,,,
135,phase_and_confounding,GAM,large_scale_comparison,Wald,-0.597837000755621,-0.452124544827465,-0.540646008248878,-0.363603081406053,0.0451640119497003,,,,,,,,,
135,phase_and_confounding,Aligned NB,large_scale_comparison,Wald,-0.597837000755621,-0.582246119272093,-0.722414160895166,-0.44207807764902,0.0715143069505475,,,,,,,,,
136,phase_and_confounding,ITS,large_scale_comparison,Wald,-0.597837000755621,-0.436048659304467,-0.613277162356749,-0.258820156252185,0.0904227056389195,,,,,,,,,
136,phase_and_confounding,GAM,large_scale_comparison,Wald,-0.597837000755621,-0.310326747768951,-0.4069010771048,-0.213752418433101,0.0492726170080865,,,,,,,,,
136,phase_and_confounding,Aligned NB,large_scale_comparison,Wald,-0.597837000755621,-0.453604247134996,-0.627628072966169,-0.279580421303823,0.0887876662403942,,,,,,,,,
137,phase_and_confounding,ITS,large_scale_comparison,Wald,-0.597837000755621,-0.393151533496435,-0.535032420369835,-0.251270646623036,0.0723882075884692,,,,,,,,,
137,phase_and_confounding,GAM,large_scale_comparison,Wald,-0.597837000755621,-0.423134026969147,-0.50324345428563,-0.343024599652664,0.040872156794124,,,,,,,,,
137,phase_and_confounding,Aligned NB,large_scale_comparison,Wald,-0.597837000755621,-0.423152779115731,-0.560745067830723,-0.285560490400739,0.0702001473035673,,,,,,,,,
138,phase_and_confounding,ITS,large_scale_comparison,Wald,-0.597837000755621,-0.436738303112945,-0.531926215182762,-0.341550391043129,0.0485652612601105,,,,,,,,,
138,phase_and_confounding,GAM,large_scale_comparison,Wald,-0.597837000755621,-0.53103705870634,-0.614930406415639,-0.447143710997042,0.0428027284231114,,,,,,,,,
138,phase_and_confounding,Aligned NB,large_scale_comparison,Wald,-0.597837000755621,-0.446036886173807,-0.540853059770617,-0.351220712576997,0.0483755987738827,,,,,,,,,
139,phase_and_confounding,ITS,large_scale_comparison,Wald,-0.597837000755621,-0.464581231163703,-0.570857275820215,-0.358305186507191,0.0542224717635265,,,,,,,,,
139,phase_and_confounding,GAM,large_scale_comparison,Wald,-0.597837000755621,-0.427327512265671,-0.483264000546425,-0.371391023984917,0.0285390246330379,,,,,,,,,
139,phase_and_confounding,Aligned NB,large_scale_comparison,Wald,-0.597837000755621,-0.47402100315968,-0.579847800051752,-0.368194206267607,0.0539932637204451,,,,,,,,,
140,phase_and_confounding,ITS,large_scale_comparison,Wald,-0.597837000755621,-0.46397526411554,-0.555958836362604,-0.371991691868475,0.0469303940036043,,,,,,,,,
140,phase_and_confounding,GAM,large_scale_comparison,Wald,-0.597837000755621,-0.457328187857892,-0.511478879770713,-0.403177495945071,0.0276279040371535,,,,,,,,,
140,phase_and_confounding,Aligned NB,large_scale_comparison,Wald,-0.597837000755621,-0.48965155914257,-0.580505572789812,-0.398797545495329,0.0463540885955314,,,,,,,,,
141,phase_and_confounding,ITS,large_scale_comparison,Wald,-0.597837000755621,-0.321143359220192,-0.454100321647979,-0.188186396792405,0.0678351849121362,,,,,,,,,
141,phase_and_confounding,GAM,large_scale_comparison,Wald,-0.597837000755621,-0.588135086452487,-0.677807706666732,-0.498462466238243,0.0457513368440023,,,,,,,,,
141,phase_and_confounding,Aligned NB,large_scale_comparison,Wald,-0.597837000755621,-0.322176170146025,-0.454776506524909,-0.18957583376714,0.0676532328463697,,,,,,,,,
142,phase_and_confounding,ITS,large_scale_comparison,Wald,-0.597837000755621,-0.594969000292904,-0.723152570850472,-0.466785429735336,0.0653997808967185,,,,,,,,,
142,phase_and_confounding,GAM,large_scale_comparison,Wald,-0.597837000755621,-0.504006562639539,-0.591604908111805,-0.416408217167274,0.044693033404217,,,,,,,,,
142,phase_and_confounding,Aligned NB,large_scale_comparison,Wald,-0.597837000755621,-0.612869182399648,-0.738856116036546,-0.48688224876275,0.0642790477739276,,,,,,,,,
143,phase_and_confounding,ITS,large_scale_comparison,Wald,-0.597837000755621,-0.594993526644662,-0.776468195853504,-0.41351885743582,0.0925891169432867,,,,,,,,,
143,phase_and_confounding,GAM,large_scale_comparison,Wald,-0.597837000755621,-0.50436174527287,-0.582387132782373,-0.426336357763366,0.039808871178318,,,,,,,,,
143,phase_and_confounding,Aligned NB,large_scale_comparison,Wald,-0.597837000755621,-0.610900623100947,-0.793181313723114,-0.42861993247878,0.0930003523582487,,,,,,,,,
144,phase_and_confounding,ITS,large_scale_comparison,Wald,-0.597837000755621,-0.332142156212266,-0.477130559662891,-0.187153752761641,0.0739736752299108,,,,,,,,,
144,phase_and_confounding,GAM,large_scale_comparison,Wald,-0.597837000755621,-0.407493887372031,-0.49828026896836,-0.316707505775703,0.0463195824471063,,,,,,,,,
144,phase_and_confounding,Aligned NB,large_scale_comparison,Wald,-0.597837000755621,-0.347316513426301,-0.488670494138639,-0.205962532713963,0.0721193779144583,,,,,,,,,
145,phase_and_confounding,ITS,large_scale_comparison,Wald,-0.597837000755621,-0.439668874341282,-0.542677943123569,-0.336659805558995,0.0525556473379014,,,,,,,,,
145,phase_and_confounding,GAM,large_scale_comparison,Wald,-0.597837000755621,-0.479311438686337,-0.547379666086079,-0.411243211286596,0.0347286874488479,,,,,,,,,
145,phase_and_confounding,Aligned NB,large_scale_comparison,Wald,-0.597837000755621,-0.448848515841366,-0.550563374446519,-0.347133657236213,0.0518953360230373,,,,,,,,,
146,phase_and_confounding,ITS,large_scale_comparison,Wald,-0.597837000755621,-0.344006628372366,-0.470045525330528,-0.217967731414204,0.0643055596725316,,,,,,,,,
146,phase_and_confounding,GAM,large_scale_comparison,Wald,-0.597837000755621,-0.261441188645985,-0.347584415195158,-0.175297962096813,0.0439506257903942,,,,,,,,,
146,phase_and_confounding,Aligned NB,large_scale_comparison,Wald,-0.597837000755621,-0.365030578703309,-0.487435299767337,-0.242625857639281,0.0624513882979734,,,,,,,,,
147,phase_and_confounding,ITS,large_scale_comparison,Wald,-0.597837000755621,-0.497625317981074,-0.602180762295642,-0.393069873666506,0.0533446144462081,,,,,,,,,
147,phase_and_confounding,GAM,large_scale_comparison,Wald,-0.597837000755621,-0.552678367332231,-0.617238062839511,-0.488118671824951,0.0329386201567755,,,,,,,,,
147,phase_and_confounding,Aligned NB,large_scale_comparison,Wald,-0.597837000755621,-0.504581372764009,-0.608591256356493,-0.400571489171525,0.0530662671390225,,,,,,,,,
148,phase_and_confounding,ITS,large_scale_comparison,Wald,-0.597837000755621,-0.476805565164177,-0.581060059376268,-0.372551070952086,0.0531910684755565,,,,,,,,,
148,phase_and_confounding,GAM,large_scale_comparison,Wald,-0.597837000755621,-0.709146081207454,-0.801126998002224,-0.617165164412684,0.0469290391810051,,,,,,,,,
148,phase_and_confounding,Aligned NB,large_scale_comparison,Wald,-0.597837000755621,-0.492169363996362,-0.59530321592848,-0.389035512064244,0.0526193122102644,,,,,,,,,
149,phase_and_confounding,ITS,large_scale_comparison,Wald,-0.597837000755621,-0.472866626548326,-0.564345638645549,-0.381387614451102,0.0466729653557265,,,,,,,,,
149,phase_and_confounding,GAM,large_scale_comparison,Wald,-0.597837000755621,-0.429463306243015,-0.500185390438945,-0.358741222047086,0.0360826960183313,,,,,,,,,
149,phase_and_confounding,Aligned NB,large_scale_comparison,Wald,-0.597837000755621,-0.512287642902462,-0.60242446732915,-0.422150818475774,0.0459881757279019,,,,,,,,,
150,phase_and_confounding,ITS,large_scale_comparison,Wald,-0.597837000755621,-0.402182115221788,-0.513893824677298,-0.290470405766277,0.0569957701303624,,,,,,,,,
150,phase_and_confounding,GAM,large_scale_comparison,Wald,-0.597837000755621,-0.38457832132158,-0.454122903110608,-0.315033739532553,0.0354819294841978,,,,,,,,,
150,phase_and_confounding,Aligned NB,large_scale_comparison,Wald,-0.597837000755621,-0.404815351710606,-0.514025388823774,-0.295605314597437,0.0557194066903923,,,,,,,,,
151,phase_and_confounding,ITS,large_scale_comparison,Wald,-0.597837000755621,-0.552626847495802,-0.670127955782439,-0.435125739209165,0.0599495450442027,,,,,,,,,
151,phase_and_confounding,GAM,large_scale_comparison,Wald,-0.597837000755621,-0.509426514035306,-0.585957219680718,-0.432895808389893,0.0390462783905165,,,,,,,,,
151,phase_and_confounding,Aligned NB,large_scale_comparison,Wald,-0.597837000755621,-0.580964530205285,-0.695907489147492,-0.466021571263077,0.0586443668072487,,,,,,,,,
152,phase_and_confounding,ITS,large_scale_comparison,Wald,-0.597837000755621,-0.427108835100663,-0.538193858187004,-0.316023812014323,0.0566760321869086,,,,,,,,,
152,phase_and_confounding,GAM,large_scale_comparison,Wald,-0.597837000755621,-0.39216960854524,-0.475730321310777,-0.308608895779702,0.042633016717111,,,,,,,,,
152,phase_and_confounding,Aligned NB,large_scale_comparison,Wald,-0.597837000755621,-0.443862267067685,-0.553497852317396,-0.334226681817974,0.0559365230865873,,,,,,,,,
153,phase_and_confounding,ITS,large_scale_comparison,Wald,-0.597837000755621,-0.342977795164868,-0.466513772036344,-0.219441818293392,0.0630285596283041,,,,,,,,,
153,phase_and_confounding,GAM,large_scale_comparison,Wald,-0.597837000755621,-0.385571184994737,-0.462465646806506,-0.308676723182968,0.0392318682713106,,,,,,,,,
153,phase_and_confounding,Aligned NB,large_scale_comparison,Wald,-0.597837000755621,-0.371202605169587,-0.492310203490434,-0.250095006848739,0.0617895909800243,,,,,,,,,
154,phase_and_confounding,ITS,large_scale_comparison,Wald,-0.597837000755621,-0.344228900911069,-0.57810777990586,-0.110350021916278,0.119325958670812,,,,,,,,,
154,phase_and_confounding,GAM,large_scale_comparison,Wald,-0.597837000755621,-0.647708664544822,-0.752548853432765,-0.542868475656879,0.053489892289767,,,,,,,,,
154,phase_and_confounding,Aligned NB,large_scale_comparison,Wald,-0.597837000755621,-0.353247967788728,-0.583611643732611,-0.122884291844846,0.117532487726471,,,,,,,,,
155,phase_and_confounding,ITS,large_scale_comparison,Wald,-0.597837000755621,-0.390302097808972,-0.483309982121126,-0.297294213496818,0.0474530022000787,,,,,,,,,
155,phase_and_confounding,GAM,large_scale_comparison,Wald,-0.597837000755621,-0.408085111087254,-0.463000185650021,-0.353170036524488,0.028017895185085,,,,,,,,,
155,phase_and_confounding,Aligned NB,large_scale_comparison,Wald,-0.597837000755621,-0.405369332494107,-0.496890183444759,-0.313848481543455,0.0466943117095163,,,,,,,,,
156,phase_and_confounding,ITS,large_scale_comparison,Wald,-0.597837000755621,-0.430663315845958,-0.545043434639391,-0.316283197052525,0.0583572034660374,,,,,,,,,
156,phase_and_confounding,GAM,large_scale_comparison,Wald,-0.597837000755621,-0.520047215525089,-0.603847503798872,-0.436246927251306,0.042755249119277,,,,,,,,,
156,phase_and_confounding,Aligned NB,large_scale_comparison,Wald,-0.597837000755621,-0.45115020186054,-0.563592465849979,-0.3387079378711,0.0573685020354283,,,,,,,,,
157,phase_and_confounding,ITS,large_scale_comparison,Wald,-0.597837000755621,-0.161975337398692,-0.292257236922729,-0.031693437874656,0.0664703569000186,,,,,,,,,
157,phase_and_confounding,GAM,large_scale_comparison,Wald,-0.597837000755621,-0.230641168905282,-0.310406241341866,-0.150876096468698,0.0406964655288693,,,,,,,,,
157,phase_and_confounding,Aligned NB,large_scale_comparison,Wald,-0.597837000755621,-0.167596379580608,-0.296192819720766,-0.0389999394404494,0.065610428642938,,,,,,,,,
158,phase_and_confounding,ITS,large_scale_comparison,Wald,-0.597837000755621,-0.499782542278437,-0.608302727535858,-0.391262357021016,0.0553674414578677,,,,,,,,,
158,phase_and_confounding,GAM,large_scale_comparison,Wald,-0.597837000755621,-0.494522028697846,-0.571736922270807,-0.417307135124885,0.0393953538637556,,,,,,,,,
158,phase_and_confounding,Aligned NB,large_scale_comparison,Wald,-0.597837000755621,-0.520409481326694,-0.627290304544554,-0.413528658108833,0.0545310322540104,,,,,,,,,
159,phase_and_confounding,ITS,large_scale_comparison,Wald,-0.597837000755621,-0.450415641726316,-0.559184854851543,-0.341646428601089,0.0554944964924627,,,,,,,,,
159,phase_and_confounding,GAM,large_scale_comparison,Wald,-0.597837000755621,-0.536806835866079,-0.606551560691661,-0.467062111040498,0.0355840432783581,,,,,,,,,
159,phase_and_confounding,Aligned NB,large_scale_comparison,Wald,-0.597837000755621,-0.46440636437961,-0.572409566389593,-0.356403162369627,0.0551036744948892,,,,,,,,,
160,phase_and_confounding,ITS,large_scale_comparison,Wald,-0.597837000755621,-0.257778877069767,-0.41447374175917,-0.101084012380364,0.0799463595354097,,,,,,,,,
160,phase_and_confounding,GAM,large_scale_comparison,Wald,-0.597837000755621,-0.368150095596631,-0.463534113641804,-0.272766077551458,0.0486653153291697,,,,,,,,,
160,phase_and_confounding,Aligned NB,large_scale_comparison,Wald,-0.597837000755621,-0.270822133374844,-0.420582860975369,-0.12106140577432,0.0764085344900637,,,,,,,,,
161,phase_and_confounding,ITS,large_scale_comparison,Wald,-0.597837000755621,-0.269995994896455,-0.429746463932487,-0.110245525860424,0.0815053413449141,,,,,,,,,
161,phase_and_confounding,GAM,large_scale_comparison,Wald,-0.597837000755621,-0.440511954237743,-0.532377089539871,-0.348646818935615,0.0468699669908816,,,,,,,,,
161,phase_and_confounding,Aligned NB,large_scale_comparison,Wald,-0.597837000755621,-0.282893581579749,-0.440458256655063,-0.125328906504434,0.0803901403445483,,,,,,,,,
162,phase_and_confounding,ITS,large_scale_comparison,Wald,-0.597837000755621,-0.257872804387208,-0.403661857852998,-0.112083750921418,0.0743821701356072,,,,,,,,,
162,phase_and_confounding,GAM,large_scale_comparison,Wald,-0.597837000755621,-0.470613419673308,-0.55810773468232,-0.383119104664295,0.0446399566372511,,,,,,,,,
162,phase_and_confounding,Aligned NB,large_scale_comparison,Wald,-0.597837000755621,-0.265334148952596,-0.410567891445381,-0.120100406459811,0.0740988482106046,,,,,,,,,
163,phase_and_confounding,ITS,large_scale_comparison,Wald,-0.597837000755621,-0.262849558236844,-0.389904748297652,-0.135794368176036,0.0648240765616368,,,,,,,,,
163,phase_and_confounding,GAM,large_scale_comparison,Wald,-0.597837000755621,-0.403068332034831,-0.465755174934171,-0.340381489135491,0.031983083111908,,,,,,,,,
163,phase_and_confounding,Aligned NB,large_scale_comparison,Wald,-0.597837000755621,-0.28439177478911,-0.407465556976888,-0.161317992601331,0.0627927460141727,,,,,,,,,
164,phase_and_confounding,ITS,large_scale_comparison,Wald,-0.597837000755621,-0.419299031231131,-0.496209589973895,-0.342388472488366,0.0392400809912065,,,,,,,,,
164,phase_and_confounding,GAM,large_scale_comparison,Wald,-0.597837000755621,-0.333967011900626,-0.393768555505754,-0.274165468295498,0.0305109916352694,,,,,,,,,
164,phase_and_confounding,Aligned NB,large_scale_comparison,Wald,-0.597837000755621,-0.444310929598756,-0.519511550009907,-0.369110309187604,0.0383676634750771,,,,,,,,,
165,phase_and_confounding,ITS,large_scale_comparison,Wald,-0.597837000755621,-0.451393684949234,-0.593525699196586,-0.309261670701881,0.0725163337996696,,,,,,,,,
165,phase_and_confounding,GAM,large_scale_comparison,Wald,-0.597837000755621,-0.469671163109454,-0.555046934845823,-0.384295391373085,0.0435590672124334,,,,,,,,,
165,phase_and_confounding,Aligned NB,large_scale_comparison,Wald,-0.597837000755621,-0.514134727895931,-0.650471822176124,-0.377797633615738,0.0695597419796903,,,,,,,,,
166,phase_and_confounding,ITS,large_scale_comparison,Wald,-0.597837000755621,-0.435949182308607,-0.544545415814178,-0.327352948803035,0.0554062415844753,,,,,,,,,
166,phase_and_confounding,GAM,large_scale_comparison,Wald,-0.597837000755621,-0.606537204857264,-0.679836227055231,-0.533238182659297,0.0373974603050852,,,,,,,,,
166,phase_and_confounding,Aligned NB,large_scale_comparison,Wald,-0.597837000755621,-0.4492669971084,-0.557284549240108,-0.341249444976691,0.0551109959855654,,,,,,,,,
167,phase_and_confounding,ITS,large_scale_comparison,Wald,-0.597837000755621,-0.508161816766471,-0.623283441634526,-0.393040191898415,0.058735522891865,,,,,,,,,
167,phase_and_confounding,GAM,large_scale_comparison,Wald,-0.597837000755621,-0.550637878455573,-0.616348188552332,-0.484927568358815,0.0335256684167136,,,,,,,,,
167,phase_and_confounding,Aligned NB,large_scale_comparison,Wald,-0.597837000755621,-0.511376158681875,-0.626279099568475,-0.396473217795276,0.0586239494319386,,,,,,,,,
168,phase_and_confounding,ITS,large_scale_comparison,Wald,-0.597837000755621,-0.455387384199661,-0.533002950770096,-0.377771817629226,0.039599778862467,,,,,,,,,
168,phase_and_confounding,GAM,large_scale_comparison,Wald,-0.597837000755621,-0.500368416375957,-0.559649684961777,-0.441087147790137,0.0302455451968469,,,,,,,,,
168,phase_and_confounding,Aligned NB,large_scale_comparison,Wald,-0.597837000755621,-0.484580075617696,-0.561024343659861,-0.408135807575532,0.0390021775725331,,,,,,,,,
169,phase_and_confounding,ITS,large_scale_comparison,Wald,-0.597837000755621,-0.351023773676376,-0.490994604321237,-0.211052943031516,0.0714136891045207,,,,,,,,,
169,phase_and_confounding,GAM,large_scale_comparison,Wald,-0.597837000755621,-0.548525753555042,-0.623280099679374,-0.47377140743071,0.0381399725124143,,,,,,,,,
169,phase_and_confounding,Aligned NB,large_scale_comparison,Wald,-0.597837000755621,-0.371759500079635,-0.508121471018201,-0.235397529141068,0.0695724341523297,,,,,,,,,
170,phase_and_confounding,ITS,large_scale_comparison,Wald,-0.597837000755621,-0.338955622015864,-0.468731000260353,-0.209180243771374,0.0662119276757598,,,,,,,,,
170,phase_and_confounding,GAM,large_scale_comparison,Wald,-0.597837000755621,-0.332516513134372,-0.415540242258811,-0.249492784009934,0.0423590454716524,,,,,,,,,
170,phase_and_confounding,Aligned NB,large_scale_comparison,Wald,-0.597837000755621,-0.338860543232932,-0.468505862720111,-0.209215223745754,0.0661455711669277,,,,,,,,,
171,phase_and_confounding,ITS,large_scale_comparison,Wald,-0.597837000755621,-0.439771735163086,-0.57491799923561,-0.304625471090562,0.0689521755472061,,,,,,,,,
171,phase_and_confounding,GAM,large_scale_comparison,Wald,-0.597837000755621,-0.551966067031051,-0.649241486345145,-0.454690647716956,0.0496303159765789,,,,,,,,,
171,phase_and_confounding,Aligned NB,large_scale_comparison,Wald,-0.597837000755621,-0.45207289998084,-0.584819525828769,-0.319326274132912,0.0677278703305758,,,,,,,,,
172,phase_and_confounding,ITS,large_scale_comparison,Wald,-0.597837000755621,-0.322338970141457,-0.430650383494641,-0.214027556788274,0.0552609251801956,,,,,,,,,
172,phase_and_confounding,GAM,large_scale_comparison,Wald,-0.597837000755621,-0.604105424289974,-0.682637750368953,-0.525573098210995,0.0400675133056014,,,,,,,,,
172,phase_and_confounding,Aligned NB,large_scale_comparison,Wald,-0.597837000755621,-0.332642195555705,-0.438938050848642,-0.226346340262768,0.0542325792310902,,,,,,,,,
173,phase_and_confounding,ITS,large_scale_comparison,Wald,-0.597837000755621,-0.356662947914931,-0.520387327964557,-0.192938567865306,0.0835328469640947,,,,,,,,,
173,phase_and_confounding,GAM,large_scale_comparison,Wald,-0.597837000755621,-0.168417602766567,-0.264979922863707,-0.0718552826694263,0.0492664898454798,,,,,,,,,
173,phase_and_confounding,Aligned NB,large_scale_comparison,Wald,-0.597837000755621,-0.383226259774386,-0.543735547106899,-0.222716972441873,0.0818924935369965,,,,,,,,,
174,phase_and_confounding,ITS,large_scale_comparison,Wald,-0.597837000755621,-0.421213969835099,-0.55569809437901,-0.286729845291188,0.0686143492570974,,,,,,,,,
174,phase_and_confounding,GAM,large_scale_comparison,Wald,-0.597837000755621,-0.227678864230723,-0.309583978652585,-0.145773749808862,0.0417883236846233,,,,,,,,,
174,phase_and_confounding,Aligned NB,large_scale_comparison,Wald,-0.597837000755621,-0.449667923867316,-0.581222184070664,-0.318113663663968,0.0671195205119124,,,,,,,,,
175,phase_and_confounding,ITS,large_scale_comparison,Wald,-0.597837000755621,-0.363645331224277,-0.451476100928578,-0.275814561519975,0.0448116171960723,,,,,,,,,
175,phase_and_confounding,GAM,large_scale_comparison,Wald,-0.597837000755621,-0.362368063134753,-0.415255208016171,-0.309480918253335,0.0269832371843969,,,,,,,,,
175,phase_and_confounding,Aligned NB,large_scale_comparison,Wald,-0.597837000755621,-0.379418457061767,-0.465537972598726,-0.293298941524808,0.0439385283351831,,,,,,,,,
176,phase_and_confounding,ITS,large_scale_comparison,Wald,-0.597837000755621,-0.35210511046283,-0.465365544114846,-0.238844676810814,0.057785935536743,,,,,,,,,
176,phase_and_confounding,GAM,large_scale_comparison,Wald,-0.597837000755621,-0.124971662042818,-0.200492545240518,-0.049450778845118,0.0385310628559694,,,,,,,,,
176,phase_and_confounding,Aligned NB,large_scale_comparison,Wald,-0.597837000755621,-0.380332518432145,-0.490304075796986,-0.270360961067303,0.0561079374310416,,,,,,,,,
177,phase_and_confounding,ITS,large_scale_comparison,Wald,-0.597837000755621,-0.390967627487257,-0.516379182840307,-0.265556072134207,0.0639854874250255,,,,,,,,,
177,phase_and_confounding,GAM,large_scale_comparison,Wald,-0.597837000755621,-0.539606215367131,-0.604178804522556,-0.475033626211706,0.0329451985486862,,,,,,,,,
177,phase_and_confounding,Aligned NB,large_scale_comparison,Wald,-0.597837000755621,-0.419327860083742,-0.542374636476091,-0.296281083691394,0.0627789675471165,,,,,,,,,
178,phase_and_confounding,ITS,large_scale_comparison,Wald,-0.597837000755621,-0.41817369829762,-0.547700179789881,-0.28864721680536,0.0660849395368677,,,,,,,,,
178,phase_and_confounding,GAM,large_scale_comparison,Wald,-0.597837000755621,-0.535999298556925,-0.624776031934554,-0.447222565179295,0.0452942517232803,,,,,,,,,
178,phase_and_confounding,Aligned NB,large_scale_comparison,Wald,-0.597837000755621,-0.442503791682985,-0.568313683619653,-0.316693899746317,0.064188720375851,,,,,,,,,
179,phase_and_confounding,ITS,large_scale_comparison,Wald,-0.597837000755621,-0.302348286015485,-0.429783904987956,-0.174912667043014,0.0650181729451382,,,,,,,,,
179,phase_and_confounding,GAM,large_scale_comparison,Wald,-0.597837000755621,-0.28760702596588,-0.349996690362856,-0.225217361568903,0.0318314614270288,,,,,,,,,
179,phase_and_confounding,Aligned NB,large_scale_comparison,Wald,-0.597837000755621,-0.316037430339932,-0.441361246271026,-0.190713614408839,0.0639407224138233,,,,,,,,,
180,phase_and_confounding,ITS,large_scale_comparison,Wald,-0.597837000755621,-0.350385906070406,-0.481829742816568,-0.218942069324246,0.0670631820133474,,,,,,,,,
180,phase_and_confounding,GAM,large_scale_comparison,Wald,-0.597837000755621,-0.308259637771516,-0.39919939113964,-0.217319884403392,0.0463978333510837,,,,,,,,,
180,phase_and_confounding,Aligned NB,large_scale_comparison,Wald,-0.597837000755621,-0.35913606566545,-0.489491256371482,-0.228780874959418,0.0665077503602204,,,,,,,,,
181,phase_and_confounding,ITS,large_scale_comparison,Wald,-0.597837000755621,-0.529930378612542,-0.692599129881501,-0.367261627343583,0.0829942608515098,,,,,,,,,
181,phase_and_confounding,GAM,large_scale_comparison,Wald,-0.597837000755621,-0.684728756109693,-0.782498083735224,-0.586959428484161,0.0498823100130263,,,,,,,,,
181,phase_and_confounding,Aligned NB,large_scale_comparison,Wald,-0.597837000755621,-0.538709481941768,-0.700625742001433,-0.376793221882102,0.0826103367651354,,,,,,,,,
182,phase_and_confounding,ITS,large_scale_comparison,Wald,-0.597837000755621,-0.25391522213938,-0.406687832628771,-0.101142611649988,0.0779452094333629,,,,,,,,,
182,phase_and_confounding,GAM,large_scale_comparison,Wald,-0.597837000755621,-0.345947459617386,-0.434475076275599,-0.257419842959172,0.0451671513562316,,,,,,,,,
182,phase_and_confounding,Aligned NB,large_scale_comparison,Wald,-0.597837000755621,-0.258118451259644,-0.40670561972289,-0.109531282796399,0.0758097798281866,,,,,,,,,
183,phase_and_confounding,ITS,large_scale_comparison,Wald,-0.597837000755621,-0.32478085708989,-0.47664895105249,-0.17291276312729,0.0774837214094897,,,,,,,,,
183,phase_and_confounding,GAM,large_scale_comparison,Wald,-0.597837000755621,-0.315475502903343,-0.402164021510986,-0.2287869842957,0.0442288360243075,,,,,,,,,
183,phase_and_confounding,Aligned NB,large_scale_comparison,Wald,-0.597837000755621,-0.344367575720068,-0.492394301489011,-0.196340849951125,0.0755238396780321,,,,,,,,,
184,phase_and_confounding,ITS,large_scale_comparison,Wald,-0.597837000755621,-0.416276440818907,-0.494144810565681,-0.338408071072132,0.0397287600748851,,,,,,,,,
184,phase_and_confounding,GAM,large_scale_comparison,Wald,-0.597837000755621,-0.573646264842675,-0.642277471993537,-0.505015057691813,0.0350159220157459,,,,,,,,,
184,phase_and_confounding,Aligned NB,large_scale_comparison,Wald,-0.597837000755621,-0.428684894251425,-0.505934513379517,-0.351435275123332,0.0394130709837207,,,,,,,,,
185,phase_and_confounding,ITS,large_scale_comparison,Wald,-0.597837000755621,-0.188965227829238,-0.342333188296534,-0.0355972673619423,0.0782489594220898,,,,,,,,,
185,phase_and_confounding,GAM,large_scale_comparison,Wald,-0.597837000755621,-0.379509254925826,-0.471240419778891,-0.28777809007276,0.0468016147209518,,,,,,,,,
185,phase_and_confounding,Aligned NB,large_scale_comparison,Wald,-0.597837000755621,-0.191263629153703,-0.342059787210411,-0.0404674710969952,0.0769368153350549,,,,,,,,,
186,phase_and_confounding,ITS,large_scale_comparison,Wald,-0.597837000755621,-0.434097466381474,-0.532211844882291,-0.335983087880657,0.0500583563779677,,,,,,,,,
186,phase_and_confounding,GAM,large_scale_comparison,Wald,-0.597837000755621,-0.455014982819902,-0.519731672741879,-0.390298292897926,0.0330187193479473,,,,,,,,,
186,phase_and_confounding,Aligned NB,large_scale_comparison,Wald,-0.597837000755621,-0.455314991995262,-0.553113339641632,-0.357516644348892,0.0498971161461072,,,,,,,,,
187,phase_and_confounding,ITS,large_scale_comparison,Wald,-0.597837000755621,-0.220127483418893,-0.330702902981602,-0.109552063856184,0.0564160303891371,,,,,,,,,
187,phase_and_confounding,GAM,large_scale_comparison,Wald,-0.597837000755621,-0.277640966312847,-0.354343706295878,-0.200938226329815,0.0391340510117509,,,,,,,,,
187,phase_and_confounding,Aligned NB,large_scale_comparison,Wald,-0.597837000755621,-0.24586906247664,-0.352845805110682,-0.138892319842597,0.0545799707316545,,,,,,,,,
188,phase_and_confounding,ITS,large_scale_comparison,Wald,-0.597837000755621,-0.383210320784715,-0.554610373825974,-0.211810267743457,0.0874490066537032,,,,,,,,,
188,phase_and_confounding,GAM,large_scale_comparison,Wald,-0.597837000755621,-0.15511345111691,-0.259180391819007,-0.0510465104148142,0.0530953779092328,,,,,,,,,
188,phase_and_confounding,Aligned NB,large_scale_comparison,Wald,-0.597837000755621,-0.392962754135355,-0.560555846121335,-0.225369662149375,0.0855066795846836,,,,,,,,,
189,phase_and_confounding,ITS,large_scale_comparison,Wald,-0.597837000755621,-0.264759588196443,-0.57217081886922,0.0426516424763347,0.156842464628968,,,,,,,,,
189,phase_and_confounding,GAM,large_scale_comparison,Wald,-0.597837000755621,-0.34404742222115,-0.460904491968441,-0.227190352473859,0.0596209539526996,,,,,,,,,
189,phase_and_confounding,Aligned NB,large_scale_comparison,Wald,-0.597837000755621,-0.251862603606937,-0.553980220273694,0.0502550130598191,0.154141641156508,,,,,,,,,
190,phase_and_confounding,ITS,large_scale_comparison,Wald,-0.597837000755621,-0.390055378959557,-0.496898639484469,-0.283212118434644,0.0545118676147513,,,,,,,,,
190,phase_and_confounding,GAM,large_scale_comparison,Wald,-0.597837000755621,-0.59316199868746,-0.679352606088965,-0.506971391285954,0.0439747996946458,,,,,,,,,
190,phase_and_confounding,Aligned NB,large_scale_comparison,Wald,-0.597837000755621,-0.413458647620666,-0.519021902701624,-0.307895392539708,0.0538588036127338,,,,,,,,,
191,phase_and_confounding,ITS,large_scale_comparison,Wald,-0.597837000755621,-0.456188234149603,-0.596099241803449,-0.316277226495756,0.0713831671703299,,,,,,,,,
191,phase_and_confounding,GAM,large_scale_comparison,Wald,-0.597837000755621,-0.563352007558389,-0.632437866772801,-0.494266148343977,0.035247887354292,,,,,,,,,
191,phase_and_confounding,Aligned NB,large_scale_comparison,Wald,-0.597837000755621,-0.463544077603373,-0.602541590532313,-0.324546564674433,0.0709170984331325,,,,,,,,,
192,phase_and_confounding,ITS,large_scale_comparison,Wald,-0.597837000755621,-0.334113318544259,-0.458487338205385,-0.209739298883133,0.0634561324801662,,,,,,,,,
192,phase_and_confounding,GAM,large_scale_comparison,Wald,-0.597837000755621,-0.477480941288352,-0.540697241272893,-0.414264641303812,0.0322532142778268,,,,,,,,,
192,phase_and_confounding,Aligned NB,large_scale_comparison,Wald,-0.597837000755621,-0.369022559213193,-0.490741952630516,-0.24730316579587,0.0621017313353689,,,,,,,,,
193,phase_and_confounding,ITS,large_scale_comparison,Wald,-0.597837000755621,-0.460588529950474,-0.574423508143686,-0.346753551757263,0.0580790705067405,,,,,,,,,
193,phase_and_confounding,GAM,large_scale_comparison,Wald,-0.597837000755621,-0.416037527425856,-0.495782055827567,-0.336292999024145,0.0406859838784238,,,,,,,,,
193,phase_and_confounding,Aligned NB,large_scale_comparison,Wald,-0.597837000755621,-0.48369037772283,-0.595463266191186,-0.371917489254474,0.0570269839124265,,,,,,,,,
194,phase_and_confounding,ITS,large_scale_comparison,Wald,-0.597837000755621,-0.379812269164144,-0.523346694947565,-0.236277843380723,0.0732318498895004,,,,,,,,,
194,phase_and_confounding,GAM,large_scale_comparison,Wald,-0.597837000755621,-0.416323022573614,-0.506871152279946,-0.325774892867283,0.0461980253603733,,,,,,,,,
194,phase_and_confounding,Aligned NB,large_scale_comparison,Wald,-0.597837000755621,-0.408867877006929,-0.549025203957139,-0.268710550056719,0.0715088402807193,,,,,,,,,
195,phase_and_confounding,ITS,large_scale_comparison,Wald,-0.597837000755621,-0.335630127309367,-0.437430403912133,-0.233829850706602,0.0519389166340638,,,,,,,,,
195,phase_and_confounding,GAM,large_scale_comparison,Wald,-0.597837000755621,-0.453083922660193,-0.522054193279146,-0.384113652041239,0.0351889135810985,,,,,,,,,
195,phase_and_confounding,Aligned NB,large_scale_comparison,Wald,-0.597837000755621,-0.35401331729423,-0.455042857293325,-0.252983777295136,0.0515456836730073,,,,,,,,,
196,phase_and_confounding,ITS,large_scale_comparison,Wald,-0.597837000755621,-0.375805008059712,-0.636982862595826,-0.114627153523599,0.133254007416385,,,,,,,,,
196,phase_and_confounding,GAM,large_scale_comparison,Wald,-0.597837000755621,-0.602241115435335,-0.671366412620309,-0.533115818250361,0.0352680087678439,,,,,,,,,
196,phase_and_confounding,Aligned NB,large_scale_comparison,Wald,-0.597837000755621,-0.393003395555391,-0.648430431162562,-0.13757635994822,0.130319916126108,,,,,,,,,
197,phase_and_confounding,ITS,large_scale_comparison,Wald,-0.597837000755621,-0.398280500542121,-0.479471371583766,-0.317089629500476,0.0414239137967576,,,,,,,,,
197,phase_and_confounding,GAM,large_scale_comparison,Wald,-0.597837000755621,-0.430094523451707,-0.483802334782021,-0.376386712121393,0.0274019445562825,,,,,,,,,
197,phase_and_confounding,Aligned NB,large_scale_comparison,Wald,-0.597837000755621,-0.414115999042247,-0.494225040241329,-0.334006957843164,0.0408719597954503,,,,,,,,,
198,phase_and_confounding,ITS,large_scale_comparison,Wald,-0.597837000755621,-0.41425590939298,-0.515314511257815,-0.313197307528145,0.051560511155528,,,,,,,,,
198,phase_and_confounding,GAM,large_scale_comparison,Wald,-0.597837000755621,-0.394253022479819,-0.464056897817078,-0.32444914714256,0.0356142221108466,,,,,,,,,
198,phase_and_confounding,Aligned NB,large_scale_comparison,Wald,-0.597837000755621,-0.466216675079754,-0.567208613447651,-0.365224736711857,0.0515264991672942,,,,,,,,,
199,phase_and_confounding,ITS,large_scale_comparison,Wald,-0.597837000755621,-0.394647544206266,-0.487690419249107,-0.301604669163424,0.0474708546136947,,,,,,,,,
199,phase_and_confounding,GAM,large_scale_comparison,Wald,-0.597837000755621,-0.370472876115406,-0.423407131701666,-0.317538620529145,0.0270072732582961,,,,,,,,,
199,phase_and_confounding,Aligned NB,large_scale_comparison,Wald,-0.597837000755621,-0.424529215893831,-0.515839071324223,-0.333219360463438,0.0465866609338737,,,,,,,,,
200,phase_and_confounding,ITS,large_scale_comparison,Wald,-0.597837000755621,-0.419140161418417,-0.556924606075956,-0.281355716760879,0.0702981860497646,,,,,,,,,
200,phase_and_confounding,GAM,large_scale_comparison,Wald,-0.597837000755621,-0.447464231637361,-0.511479006134617,-0.383449457140104,0.0326605992332942,,,,,,,,,
200,phase_and_confounding,Aligned NB,large_scale_comparison,Wald,-0.597837000755621,-0.45361633623088,-0.588869040875928,-0.318363631585831,0.0690064819617594,,,,,,,,,
201,phase_and_confounding,ITS,large_scale_comparison,Wald,-0.597837000755621,-0.145234903340676,-0.319206295238924,0.0287364885575732,0.0887609142338004,,,,,,,,,
201,phase_and_confounding,GAM,large_scale_comparison,Wald,-0.597837000755621,-0.525484778676286,-0.603704857919829,-0.447264699432742,0.0399082036956854,,,,,,,,,
201,phase_and_confounding,Aligned NB,large_scale_comparison,Wald,-0.597837000755621,-0.156416322814495,-0.325868322698177,0.0130356770691876,0.0864551019814705,,,,,,,,,
202,phase_and_confounding,ITS,large_scale_comparison,Wald,-0.597837000755621,-0.192267183245652,-0.384690032644675,0.00015566615337223,0.0981749231627672,,,,,,,,,
202,phase_and_confounding,GAM,large_scale_comparison,Wald,-0.597837000755621,-0.423228715960585,-0.502571428304278,-0.343886003616892,0.0404809756855578,,,,,,,,,
202,phase_and_confounding,Aligned NB,large_scale_comparison,Wald,-0.597837000755621,-0.199622503606961,-0.389942436748405,-0.0093025704655163,0.0971020067048186,,,,,,,,,
203,phase_and_confounding,ITS,large_scale_comparison,Wald,-0.597837000755621,-0.414952944228753,-0.494227976715885,-0.33567791174162,0.0404464451464962,,,,,,,,,
203,phase_and_confounding,GAM,large_scale_comparison,Wald,-0.597837000755621,-0.324788480372978,-0.373776515642158,-0.275800445103798,0.0249938955455001,,,,,,,,,
203,phase_and_confounding,Aligned NB,large_scale_comparison,Wald,-0.597837000755621,-0.426195065987856,-0.504293237146885,-0.348096894828827,0.0398460056933823,,,,,,,,,
204,phase_and_confounding,ITS,large_scale_comparison,Wald,-0.597837000755621,-0.421967429186588,-0.515248678563512,-0.328686179809664,0.0475924741719001,,,,,,,,,
204,phase_and_confounding,GAM,large_scale_comparison,Wald,-0.597837000755621,-0.348757754580301,-0.411993254388047,-0.285522254772554,0.0322630101059932,,,,,,,,,
204,phase_and_confounding,Aligned NB,large_scale_comparison,Wald,-0.597837000755621,-0.470505145009029,-0.561390090396621,-0.379620199621436,0.0463698700957105,,,,,,,,,
205,phase_and_confounding,ITS,large_scale_comparison,Wald,-0.597837000755621,-0.546457460463676,-0.649131564986727,-0.443783355940624,0.0523847472056386,,,,,,,,,
205,phase_and_confounding,GAM,large_scale_comparison,Wald,-0.597837000755621,-0.557042783711646,-0.618483441497511,-0.495602125925781,0.0313472743805435,,,,,,,,,
205,phase_and_confounding,Aligned NB,large_scale_comparison,Wald,-0.597837000755621,-0.55886360450595,-0.661037567508656,-0.456689641503243,0.0521295729605647,,,,,,,,,
206,phase_and_confounding,ITS,large_scale_comparison,Wald,-0.597837000755621,-0.265447952815483,-0.390304817880357,-0.140591087750608,0.0637024821759565,,,,,,,,,
206,phase_and_confounding,GAM,large_scale_comparison,Wald,-0.597837000755621,-0.393357293310892,-0.481932689662024,-0.30478189695976,0.0451915287505774,,,,,,,,,
206,phase_and_confounding,Aligned NB,large_scale_comparison,Wald,-0.597837000755621,-0.269538001981305,-0.393822755450565,-0.145253248512046,0.0634105885047243,,,,,,,,,
207,phase_and_confounding,ITS,large_scale_comparison,Wald,-0.597837000755621,-0.215687877226343,-0.33053036828008,-0.100845386172606,0.0585931076804779,,,,,,,,,
207,phase_and_confounding,GAM,large_scale_comparison,Wald,-0.597837000755621,0.041145296538455,-0.0320590011159257,0.114349594192836,0.0373491314563167,,,,,,,,,
207,phase_and_confounding,Aligned NB,large_scale_comparison,Wald,-0.597837000755621,-0.23410944917378,-0.346000707370123,-0.122218190977436,0.0570873766307875,,,,,,,,,
208,phase_and_confounding,ITS,large_scale_comparison,Wald,-0.597837000755621,-0.539854097813696,-0.675297389654287,-0.404410805973105,0.0691037203268322,,,,,,,,,
208,phase_and_confounding,GAM,large_scale_comparison,Wald,-0.597837000755621,-0.434805615637671,-0.509848243294228,-0.359762987981114,0.0382870549268149,,,,,,,,,
208,phase_and_confounding,Aligned NB,large_scale_comparison,Wald,-0.597837000755621,-0.575249379689703,-0.708190515008604,-0.442308244370802,0.067827109856582,,,,,,,,,
209,phase_and_confounding,ITS,large_scale_comparison,Wald,-0.597837000755621,-0.515292415099505,-0.674304144792734,-0.356280685406275,0.0811284335169537,,,,,,,,,
209,phase_and_confounding,GAM,large_scale_comparison,Wald,-0.597837000755621,-0.577096555140587,-0.644984509055149,-0.509208601226026,0.0346367111808988,,,,,,,,,
209,phase_and_confounding,Aligned NB,large_scale_comparison,Wald,-0.597837000755621,-0.526533845239365,-0.684800852772954,-0.368266837705777,0.0807484732314228,,,,,,,,,
210,phase_and_confounding,ITS,large_scale_comparison,Wald,-0.597837000755621,-0.396310577201087,-0.54820203314959,-0.244419121252584,0.0774956407900525,,,,,,,,,
210,phase_and_confounding,GAM,large_scale_comparison,Wald,-0.597837000755621,-0.467938247712103,-0.532542154420492,-0.403334341003714,0.0329611768920352,,,,,,,,,
210,phase_and_confounding,Aligned NB,large_scale_comparison,Wald,-0.597837000755621,-0.415949969364851,-0.565527700745417,-0.266372237984285,0.0763151690717173,,,,,,,,,
211,phase_and_confounding,ITS,large_scale_comparison,Wald,-0.597837000755621,-0.373945960019281,-0.537288155320356,-0.210603764718206,0.0833378547454464,,,,,,,,,
211,phase_and_confounding,GAM,large_scale_comparison,Wald,-0.597837000755621,-0.523652971282713,-0.617120080438731,-0.430185862126695,0.0476873005898051,,,,,,,,,
211,phase_and_confounding,Aligned NB,large_scale_comparison,Wald,-0.597837000755621,-0.396093562347675,-0.555069345025575,-0.237117779669774,0.0811100932030105,,,,,,,,,
212,phase_and_confounding,ITS,large_scale_comparison,Wald,-0.597837000755621,-0.40603700515009,-0.519397193053902,-0.292676817246277,0.0578368305631698,,,,,,,,,
212,phase_and_confounding,GAM,large_scale_comparison,Wald,-0.597837000755621,-0.418854665877583,-0.500648122949067,-0.337061208806098,0.0417313556487166,,,,,,,,,
212,phase_and_confounding,Aligned NB,large_scale_comparison,Wald,-0.597837000755621,-0.408623014693272,-0.5216257768796,-0.295620252506943,0.0576544705032288,,,,,,,,,
213,phase_and_confounding,ITS,large_scale_comparison,Wald,-0.597837000755621,-0.460466625242834,-0.557034974556626,-0.363898275929042,0.0492695659764245,,,,,,,,,
213,phase_and_confounding,GAM,large_scale_comparison,Wald,-0.597837000755621,-0.460233706718594,-0.523777167918931,-0.396690245518257,0.0324201332654783,,,,,,,,,
213,phase_and_confounding,Aligned NB,large_scale_comparison,Wald,-0.597837000755621,-0.486861225167658,-0.582747141330576,-0.39097530900474,0.048921385797407,,,,,,,,,
214,phase_and_confounding,ITS,large_scale_comparison,Wald,-0.597837000755621,-0.380645753410599,-0.484724739620584,-0.276566767200614,0.053101523576523,,,,,,,,,
214,phase_and_confounding,GAM,large_scale_comparison,Wald,-0.597837000755621,-0.54574333888503,-0.631367269539895,-0.460119408230164,0.0436856789055436,,,,,,,,,
214,phase_and_confounding,Aligned NB,large_scale_comparison,Wald,-0.597837000755621,-0.385075276376532,-0.487671698861621,-0.282478853891443,0.0523451135128004,,,,,,,,,
215,phase_and_confounding,ITS,large_scale_comparison,Wald,-0.597837000755621,-0.434586867762287,-0.515583725416408,-0.353590010108165,0.0413249273745519,,,,,,,,,
215,phase_and_confounding,GAM,large_scale_comparison,Wald,-0.597837000755621,-0.464458756520761,-0.52554012720543,-0.403377385836093,0.031163964635035,,,,,,,,,
215,phase_and_confounding,Aligned NB,large_scale_comparison,Wald,-0.597837000755621,-0.440697679003293,-0.521490228706677,-0.359905129299909,0.0412206886241756,,,,,,,,,
216,phase_and_confounding,ITS,large_scale_comparison,Wald,-0.597837000755621,-0.534775040673813,-0.651583577552533,-0.417966503795093,0.0595961922850614,,,,,,,,,
216,phase_and_confounding,GAM,large_scale_comparison,Wald,-0.597837000755621,-0.348027335621793,-0.42134203586299,-0.274712635380596,0.0374054593067331,,,,,,,,,
216,phase_and_confounding,Aligned NB,large_scale_comparison,Wald,-0.597837000755621,-0.550235472703454,-0.666163365361803,-0.434307580045104,0.059146884009362,,,,,,,,,
217,phase_and_confounding,ITS,large_scale_comparison,Wald,-0.597837000755621,-0.300071992085998,-0.413683981061661,-0.186460003110336,0.057965300497787,,,,,,,,,
217,phase_and_confounding,GAM,large_scale_comparison,Wald,-0.597837000755621,-0.355458224200424,-0.439887432460258,-0.271029015940589,0.0430761266631807,,,,,,,,,
217,phase_and_confounding,Aligned NB,large_scale_comparison,Wald,-0.597837000755621,-0.308419975363189,-0.420659679677364,-0.196180271049015,0.057265155262334,,,,,,,,,
218,phase_and_confounding,ITS,large_scale_comparison,Wald,-0.597837000755621,-0.358889902503411,-0.463287178680825,-0.254492626325997,0.0532639164170481,,,,,,,,,
218,phase_and_confounding,GAM,large_scale_comparison,Wald,-0.597837000755621,-0.47204620992153,-0.542145339639396,-0.401947080203663,0.0357648621009522,,,,,,,,,
218,phase_and_confounding,Aligned NB,large_scale_comparison,Wald,-0.597837000755621,-0.387239939994752,-0.489232952585505,-0.285246927403999,0.0520372513218127,,,,,,,,,
219,phase_and_confounding,ITS,large_scale_comparison,Wald,-0.597837000755621,-0.40892323823207,-0.564465854459498,-0.253380622004643,0.0793584776670548,,,,,,,,,
219,phase_and_confounding,GAM,large_scale_comparison,Wald,-0.597837000755621,-0.209088695751125,-0.296305007303163,-0.121872384199088,0.0444981181387946,,,,,,,,,
219,phase_and_confounding,Aligned NB,large_scale_comparison,Wald,-0.597837000755621,-0.421497444095966,-0.573685134252824,-0.269309753939108,0.0776467806922745,,,,,,,,,
220,phase_and_confounding,ITS,large_scale_comparison,Wald,-0.597837000755621,-0.458402138885567,-0.572446256375283,-0.344358021395852,0.0581857742294468,,,,,,,,,
220,phase_and_confounding,GAM,large_scale_comparison,Wald,-0.597837000755621,-0.557910944750813,-0.631230151422885,-0.484591738078741,0.0374077585061593,,,,,,,,,
220,phase_and_confounding,Aligned NB,large_scale_comparison,Wald,-0.597837000755621,-0.47822347009075,-0.591079794516228,-0.365367145665273,0.0575797573599377,,,,,,,,,
221,phase_and_confounding,ITS,large_scale_comparison,Wald,-0.597837000755621,-0.46809162249814,-0.646317928330228,-0.289865316666052,0.0909317886898407,,,,,,,,,
221,phase_and_confounding,GAM,large_scale_comparison,Wald,-0.597837000755621,-0.623187316248435,-0.700669957109712,-0.545704675387158,0.0395319596231003,,,,,,,,,
221,phase_and_confounding,Aligned NB,large_scale_comparison,Wald,-0.597837000755621,-0.469682004178126,-0.647734023120141,-0.291629985236111,0.0908428668071506,,,,,,,,,
222,phase_and_confounding,ITS,large_scale_comparison,Wald,-0.597837000755621,-0.510268013230011,-0.69701701301884,-0.323519013441182,0.095280101933076,,,,,,,,,
222,phase_and_confounding,GAM,large_scale_comparison,Wald,-0.597837000755621,-0.589326919477238,-0.678505226647125,-0.500148612307351,0.045499136311167,,,,,,,,,
222,phase_and_confounding,Aligned NB,large_scale_comparison,Wald,-0.597837000755621,-0.517660864325163,-0.703944059301356,-0.33137766934897,0.0950424464164252,,,,,,,,,
223,phase_and_confounding,ITS,large_scale_comparison,Wald,-0.597837000755621,-0.430140538956361,-0.602005772900267,-0.258275305012454,0.087686343848932,,,,,,,,,
223,phase_and_confounding,GAM,large_scale_comparison,Wald,-0.597837000755621,-0.370428273585814,-0.467692937978807,-0.273163609192821,0.0496248287719351,,,,,,,,,
223,phase_and_confounding,Aligned NB,large_scale_comparison,Wald,-0.597837000755621,-0.459126555908488,-0.627762088904042,-0.290491022912934,0.0860385372426297,,,,,,,,,
224,phase_and_confounding,ITS,large_scale_comparison,Wald,-0.597837000755621,-0.475876274190665,-0.588891659746102,-0.362860888635229,0.0576609109976716,,,,,,,,,
224,phase_and_confounding,GAM,large_scale_comparison,Wald,-0.597837000755621,-0.511140819435445,-0.583968924861993,-0.438312714008896,0.0371571966461983,,,,,,,,,
224,phase_and_confounding,Aligned NB,large_scale_comparison,Wald,-0.597837000755621,-0.505397748127825,-0.615560016407707,-0.395235479847943,0.0562052389183071,,,,,,,,,
225,phase_and_confounding,ITS,large_scale_comparison,Wald,-0.597837000755621,-0.43844443619338,-0.538314136534146,-0.338574735852614,0.0509539287452888,,,,,,,,,
225,phase_and_confounding,GAM,large_scale_comparison,Wald,-0.597837000755621,-0.42810912334625,-0.504943124002381,-0.351275122690119,0.039201020742924,,,,,,,,,
225,phase_and_confounding,Aligned NB,large_scale_comparison,Wald,-0.597837000755621,-0.443706315752896,-0.542594888301433,-0.344817743204359,0.0504533533410903,,,,,,,,,
226,phase_and_confounding,ITS,large_scale_comparison,Wald,-0.597837000755621,-0.423110274706537,-0.537422206543549,-0.308798342869525,0.0583224142025571,,,,,,,,,
226,phase_and_confounding,GAM,large_scale_comparison,Wald,-0.597837000755621,-0.252288302329863,-0.330906708731672,-0.173669895928054,0.0401114318376576,,,,,,,,,
226,phase_and_confounding,Aligned NB,large_scale_comparison,Wald,-0.597837000755621,-0.439707930352362,-0.552740020940858,-0.326675839763865,0.0576694339737227,,,,,,,,,
227,phase_and_confounding,ITS,large_scale_comparison,Wald,-0.597837000755621,-0.391123599773254,-0.526864307872495,-0.255382891674013,0.0692554633159393,,,,,,,,,
227,phase_and_confounding,GAM,large_scale_comparison,Wald,-0.597837000755621,-0.527619152738121,-0.617009618523682,-0.438228686952561,0.045607380502837,,,,,,,,,
227,phase_and_confounding,Aligned NB,large_scale_comparison,Wald,-0.597837000755621,-0.407705801607963,-0.541953207283449,-0.273458395932477,0.0684935743242275,,,,,,,,,
228,phase_and_confounding,ITS,large_scale_comparison,Wald,-0.597837000755621,-0.445218545747599,-0.545817852911386,-0.344619238583811,0.0513261771243813,,,,,,,,,
228,phase_and_confounding,GAM,large_scale_comparison,Wald,-0.597837000755621,-0.510710016681364,-0.585666043005189,-0.43575399035754,0.0382428705733798,,,,,,,,,
228,phase_and_confounding,Aligned NB,large_scale_comparison,Wald,-0.597837000755621,-0.458763348216692,-0.558558615797751,-0.358968080635633,0.050915952847479,,,,,,,,,
229,phase_and_confounding,ITS,large_scale_comparison,Wald,-0.597837000755621,-0.36542530121753,-0.460405616620375,-0.270444985814684,0.0484593445932885,,,,,,,,,
229,phase_and_confounding,GAM,large_scale_comparison,Wald,-0.597837000755621,-0.530714702398404,-0.601024967545088,-0.46040443725172,0.0358725842585122,,,,,,,,,
229,phase_and_confounding,Aligned NB,large_scale_comparison,Wald,-0.597837000755621,-0.383440445311864,-0.475784221913193,-0.291096668710535,0.0471141717353718,,,,,,,,,
230,phase_and_confounding,ITS,large_scale_comparison,Wald,-0.597837000755621,-0.408091447338983,-0.511992800063346,-0.304190094614621,0.0530108942471237,,,,,,,,,
230,phase_and_confounding,GAM,large_scale_comparison,Wald,-0.597837000755621,-0.552657446304769,-0.631117204441409,-0.474197688168129,0.0400304888452245,,,,,,,,,
230,phase_and_confounding,Aligned NB,large_scale_comparison,Wald,-0.597837000755621,-0.423506644155863,-0.526672482875898,-0.320340805435828,0.0526356320000178,,,,,,,,,
231,phase_and_confounding,ITS,large_scale_comparison,Wald,-0.597837000755621,-0.32655357232095,-0.485569302669023,-0.167537841972877,0.0811304746673842,,,,,,,,,
231,phase_and_confounding,GAM,large_scale_comparison,Wald,-0.597837000755621,-0.295859991244486,-0.388354318327583,-0.203365664161389,0.047190983205662,,,,,,,,,
231,phase_and_confounding,Aligned NB,large_scale_comparison,Wald,-0.597837000755621,-0.361302593200166,-0.516681123399699,-0.205924063000633,0.0792747603058842,,,,,,,,,
232,phase_and_confounding,ITS,large_scale_comparison,Wald,-0.597837000755621,-0.546139513703847,-0.691532382189987,-0.400746645217708,0.0741800349419078,,,,,,,,,
232,phase_and_confounding,GAM,large_scale_comparison,Wald,-0.597837000755621,-0.700984481119487,-0.804977496741042,-0.596991465497932,0.0530576610314057,,,,,,,,,
232,phase_and_confounding,Aligned NB,large_scale_comparison,Wald,-0.597837000755621,-0.551306216861025,-0.695672800302056,-0.406939633419993,0.0736564201229754,,,,,,,,,
233,phase_and_confounding,ITS,large_scale_comparison,Wald,-0.597837000755621,-0.450951996271319,-0.538365826693194,-0.363538165849445,0.0445988930723848,,,,,,,,,
233,phase_and_confounding,GAM,large_scale_comparison,Wald,-0.597837000755621,-0.455892910941845,-0.513973503826701,-0.397812318056988,0.0296329555534983,,,,,,,,,
233,phase_and_confounding,Aligned NB,large_scale_comparison,Wald,-0.597837000755621,-0.463721006289742,-0.550170234762595,-0.377271777816889,0.0441067492208432,,,,,,,,,
234,phase_and_confounding,ITS,large_scale_comparison,Wald,-0.597837000755621,-0.349605577279518,-0.49112583203809,-0.208085322520946,0.0722042116115163,,,,,,,,,
234,phase_and_confounding,GAM,large_scale_comparison,Wald,-0.597837000755621,-0.422516628585079,-0.512946866262468,-0.33208639090769,0.0461378763660147,,,,,,,,,
234,phase_and_confounding,Aligned NB,large_scale_comparison,Wald,-0.597837000755621,-0.371605315030148,-0.50746674883882,-0.235743881221477,0.0693170580656487,,,,,,,,,
235,phase_and_confounding,ITS,large_scale_comparison,Wald,-0.597837000755621,-0.501973174714111,-0.582588677737987,-0.421357671690236,0.041130358685651,,,,,,,,,
235,phase_and_confounding,GAM,large_scale_comparison,Wald,-0.597837000755621,-0.55651043309841,-0.618432298092121,-0.494588568104698,0.0315927882620977,,,,,,,,,
235,phase_and_confounding,Aligned NB,large_scale_comparison,Wald,-0.597837000755621,-0.51999410305599,-0.599840045879094,-0.440148160232885,0.0407377259301554,,,,,,,,,
236,phase_and_confounding,ITS,large_scale_comparison,Wald,-0.597837000755621,-0.253433415189342,-0.431567551648631,-0.0752992787300531,0.0908847634996373,,,,,,,,,
236,phase_and_confounding,GAM,large_scale_comparison,Wald,-0.597837000755621,-0.534626235164211,-0.611245514540174,-0.458006955788249,0.0390914690693687,,,,,,,,,
236,phase_and_confounding,Aligned NB,large_scale_comparison,Wald,-0.597837000755621,-0.273814022628262,-0.447658977871723,-0.0999690673848004,0.0886964057364599,,,,,,,,,
237,phase_and_confounding,ITS,large_scale_comparison,Wald,-0.597837000755621,-0.439192666054577,-0.544548790306023,-0.33383654180313,0.0537531246180851,,,,,,,,,
237,phase_and_confounding,GAM,large_scale_comparison,Wald,-0.597837000755621,-0.186895018862288,-0.263060920636556,-0.110729117088019,0.0388601539664636,,,,,,,,,
237,phase_and_confounding,Aligned NB,large_scale_comparison,Wald,-0.597837000755621,-0.455626032859506,-0.559085313213496,-0.352166752505515,0.052785347119383,,,,,,,,,
238,phase_and_confounding,ITS,large_scale_comparison,Wald,-0.597837000755621,-0.506495118476099,-0.634539545947691,-0.378450691004507,0.0653287895263223,,,,,,,,,
238,phase_and_confounding,GAM,large_scale_comparison,Wald,-0.597837000755621,-0.523643644245167,-0.617140438491224,-0.43014684999911,0.0477024460439068,,,,,,,,,
238,phase_and_confounding,Aligned NB,large_scale_comparison,Wald,-0.597837000755621,-0.526214122239904,-0.652447762639939,-0.39998048183987,0.064404918571446,,,,,,,,,
239,phase_and_confounding,ITS,large_scale_comparison,Wald,-0.597837000755621,-0.502338380885831,-0.74631784937022,-0.258358912401443,0.1244793206553,,,,,,,,,
239,phase_and_confounding,GAM,large_scale_comparison,Wald,-0.597837000755621,-0.625278557812982,-0.705042000821534,-0.54551511480443,0.0406956341880368,,,,,,,,,
239,phase_and_confounding,Aligned NB,large_scale_comparison,Wald,-0.597837000755621,-0.556768642247057,-0.7932315254736,-0.320305759020513,0.120644328176808,,,,,,,,,
240,phase_and_confounding,ITS,large_scale_comparison,Wald,-0.597837000755621,-0.334245246562267,-0.499975583434498,-0.168514909690037,0.0845562943225664,,,,,,,,,
240,phase_and_confounding,GAM,large_scale_comparison,Wald,-0.597837000755621,-0.334385111776639,-0.436831122100211,-0.231939101453067,0.0522683726140674,,,,,,,,,
240,phase_and_confounding,Aligned NB,large_scale_comparison,Wald,-0.597837000755621,-0.343505713176597,-0.506717852459187,-0.180293573894006,0.0832714996339745,,,,,,,,,
241,phase_and_confounding,ITS,large_scale_comparison,Wald,-0.597837000755621,-0.456941834565963,-0.605720102706393,-0.308163566425533,0.0759072796634848,,,,,,,,,
241,phase_and_confounding,GAM,large_scale_comparison,Wald,-0.597837000755621,-0.614572573026553,-0.703846440099679,-0.525298705953428,0.0455478913638396,,,,,,,,,
241,phase_and_confounding,Aligned NB,large_scale_comparison,Wald,-0.597837000755621,-0.466641689966571,-0.613914053261807,-0.319369326671336,0.0751389608649161,,,,,,,,,
242,phase_and_confounding,ITS,large_scale_comparison,Wald,-0.597837000755621,-0.494045290579245,-0.593920606924174,-0.394169974234317,0.050956794053535,,,,,,,,,
242,phase_and_confounding,GAM,large_scale_comparison,Wald,-0.597837000755621,-0.364086789884526,-0.431671090277136,-0.296502489491917,0.0344817859145967,,,,,,,,,
242,phase_and_confounding,Aligned NB,large_scale_comparison,Wald,-0.597837000755621,-0.534344302013245,-0.6328716767997,-0.43581692722679,0.0502690687685996,,,,,,,,,
243,phase_and_confounding,ITS,large_scale_comparison,Wald,-0.597837000755621,-0.439266976489553,-0.518386795723268,-0.360147157255837,0.0403672547110794,,,,,,,,,
243,phase_and_confounding,GAM,large_scale_comparison,Wald,-0.597837000755621,-0.4567387373762,-0.520780709056961,-0.392696765695438,0.0326744753473274,,,,,,,,,
243,phase_and_confounding,Aligned NB,large_scale_comparison,Wald,-0.597837000755621,-0.450532534188107,-0.529666296141968,-0.371398772234247,0.0403743683438065,,,,,,,,,
244,phase_and_confounding,ITS,large_scale_comparison,Wald,-0.597837000755621,-0.38995444721608,-0.543013477801574,-0.236895416630587,0.0780913421354558,,,,,,,,,
244,phase_and_confounding,GAM,large_scale_comparison,Wald,-0.597837000755621,-0.577447596579905,-0.671962683030799,-0.482932510129011,0.0482219828831091,,,,,,,,,
244,phase_and_confounding,Aligned NB,large_scale_comparison,Wald,-0.597837000755621,-0.39169372668071,-0.543366424357342,-0.240021029004078,0.077384029426853,,,,,,,,,
245,phase_and_confounding,ITS,large_scale_comparison,Wald,-0.597837000755621,-0.272209467726144,-0.393686071934533,-0.150732863517756,0.0619778592899942,,,,,,,,,
245,phase_and_confounding,GAM,large_scale_comparison,Wald,-0.597837000755621,-0.333912816415053,-0.394719455730035,-0.273106177100071,0.0310237955688685,,,,,,,,,
245,phase_and_confounding,Aligned NB,large_scale_comparison,Wald,-0.597837000755621,-0.27686390608006,-0.396887226578024,-0.156840585582095,0.0612363880091658,,,,,,,,,
246,phase_and_confounding,ITS,large_scale_comparison,Wald,-0.597837000755621,-0.416839705445085,-0.521521500625016,-0.312157910265153,0.0534090791734344,,,,,,,,,
246,phase_and_confounding,GAM,large_scale_comparison,Wald,-0.597837000755621,-0.521945266713498,-0.597552757186786,-0.44633777624021,0.0385752502414735,,,,,,,,,
246,phase_and_confounding,Aligned NB,large_scale_comparison,Wald,-0.597837000755621,-0.421320870333567,-0.525694544087448,-0.316947196579685,0.0532518743642252,,,,,,,,,
247,phase_and_confounding,ITS,large_scale_comparison,Wald,-0.597837000755621,-0.440781140865099,-0.599589862708374,-0.281972419021823,0.0810248580833039,,,,,,,,,
247,phase_and_confounding,GAM,large_scale_comparison,Wald,-0.597837000755621,-0.514192747509969,-0.609016212449204,-0.419369282570735,0.0483793188465482,,,,,,,,,
247,phase_and_confounding,Aligned NB,large_scale_comparison,Wald,-0.597837000755621,-0.440063414379112,-0.598870270384549,-0.281256558373675,0.081023906125223,,,,,,,,,
248,phase_and_confounding,ITS,large_scale_comparison,Wald,-0.597837000755621,-0.425801215374911,-0.531605316796211,-0.319997113953611,0.0539816843986223,,,,,,,,,
248,phase_and_confounding,GAM,large_scale_comparison,Wald,-0.597837000755621,-0.610618539400803,-0.680037793453677,-0.541199285347929,0.0354179867616704,,,,,,,,,
248,phase_and_confounding,Aligned NB,large_scale_comparison,Wald,-0.597837000755621,-0.42864121787036,-0.533831603400531,-0.323450832340189,0.0536685640460058,,,,,,,,,
249,phase_and_confounding,ITS,large_scale_comparison,Wald,-0.597837000755621,-0.331236851026927,-0.484219156927415,-0.17825454512644,0.0780521968880037,,,,,,,,,
249,phase_and_confounding,GAM,large_scale_comparison,Wald,-0.597837000755621,-0.590555253414119,-0.687250145366363,-0.493860361461875,0.0493341285470632,,,,,,,,,
249,phase_and_confounding,Aligned NB,large_scale_comparison,Wald,-0.597837000755621,-0.344188362227557,-0.495815110255088,-0.192561614200026,0.0773605857283322,,,,,,,,,
250,phase_and_confounding,ITS,large_scale_comparison,Wald,-0.597837000755621,-0.448655078899464,-0.60709293618262,-0.290217221616307,0.0808356414709984,,,,,,,,,
250,phase_and_confounding,GAM,large_scale_comparison,Wald,-0.597837000755621,-0.404097545663706,-0.496729318903153,-0.311465772424258,0.0472611087956364,,,,,,,,,
250,phase_and_confounding,Aligned NB,large_scale_comparison,Wald,-0.597837000755621,-0.486712992354693,-0.641337856379202,-0.332088128330184,0.0788902367471983,,,,,,,,,
251,phase_and_confounding,ITS,large_scale_comparison,Wald,-0.597837000755621,-0.417406924889437,-0.561952092262464,-0.27286175751641,0.0737475343739934,,,,,,,,,
251,phase_and_confounding,GAM,large_scale_comparison,Wald,-0.597837000755621,-0.391255758010759,-0.463326077068939,-0.319185438952579,0.036770570948051,,,,,,,,,
251,phase_and_confounding,Aligned NB,large_scale_comparison,Wald,-0.597837000755621,-0.481016011714437,-0.619177992879101,-0.342854030549773,0.0704908067166654,,,,,,,,,
252,phase_and_confounding,ITS,large_scale_comparison,Wald,-0.597837000755621,-0.542010682738213,-0.619901271672766,-0.464120093803661,0.0397400963951798,,,,,,,,,
252,phase_and_confounding,GAM,large_scale_comparison,Wald,-0.597837000755621,-0.472447830002147,-0.53301442808726,-0.411881231917033,0.0309013255536293,,,,,,,,,
252,phase_and_confounding,Aligned NB,large_scale_comparison,Wald,-0.597837000755621,-0.552575018126525,-0.630161618243169,-0.474988418009881,0.0395850000595121,,,,,,,,,
253,phase_and_confounding,ITS,large_scale_comparison,Wald,-0.597837000755621,-0.607601325324438,-0.803305017030586,-0.411897633618291,0.0998488222990549,,,,,,,,,
253,phase_and_confounding,GAM,large_scale_comparison,Wald,-0.597837000755621,-0.270739139368761,-0.360506000130111,-0.180972278607412,0.0457994187557906,,,,,,,,,
253,phase_and_confounding,Aligned NB,large_scale_comparison,Wald,-0.597837000755621,-0.650922841702474,-0.841933867811718,-0.45991181559323,0.0974546051577774,,,,,,,,,
254,phase_and_confounding,ITS,large_scale_comparison,Wald,-0.597837000755621,-0.429587756602009,-0.549931561913047,-0.309243951290971,0.0613999006688971,,,,,,,,,
254,phase_and_confounding,GAM,large_scale_comparison,Wald,-0.597837000755621,-0.544864173510142,-0.625054527586227,-0.464673819434056,0.0409134459571865,,,,,,,,,
254,phase_and_confounding,Aligned NB,large_scale_comparison,Wald,-0.597837000755621,-0.430679965538278,-0.550347601943143,-0.311012329133412,0.0610549165330948,,,,,,,,,
255,phase_and_confounding,ITS,large_scale_comparison,Wald,-0.597837000755621,-0.518920453050272,-0.610226799764679,-0.427614106335865,0.0465848707726565,,,,,,,,,
255,phase_and_confounding,GAM,large_scale_comparison,Wald,-0.597837000755621,-0.457640373457633,-0.526527703074825,-0.388753043840442,0.035146596743465,,,,,,,,,
255,phase_and_confounding,Aligned NB,large_scale_comparison,Wald,-0.597837000755621,-0.580888992522286,-0.668495827684987,-0.493282157359586,0.0446973648789289,,,,,,,,,
256,phase_and_confounding,ITS,large_scale_comparison,Wald,-0.597837000755621,-0.26187355841046,-0.400479545337393,-0.123267571483528,0.0707173402688433,,,,,,,,,
256,phase_and_confounding,GAM,large_scale_comparison,Wald,-0.597837000755621,-0.267947687183443,-0.349484774970615,-0.186410599396271,0.0416005549934551,,,,,,,,,
256,phase_and_confounding,Aligned NB,large_scale_comparison,Wald,-0.597837000755621,-0.292958526045044,-0.428161253567816,-0.157755798522272,0.0689809834299857,,,,,,,,,
257,phase_and_confounding,ITS,large_scale_comparison,Wald,-0.597837000755621,-0.474654154908209,-0.619130449569376,-0.330177860247042,0.0737123952352894,,,,,,,,,
257,phase_and_confounding,GAM,large_scale_comparison,Wald,-0.597837000755621,-0.428660448409494,-0.518115352676758,-0.339205544142229,0.0456402572792166,,,,,,,,,
257,phase_and_confounding,Aligned NB,large_scale_comparison,Wald,-0.597837000755621,-0.485782854800265,-0.629372837908958,-0.342192871691571,0.0732601954636192,,,,,,,,,
258,phase_and_confounding,ITS,large_scale_comparison,Wald,-0.597837000755621,-0.482527741362821,-0.605589161720712,-0.35946632100493,0.0627864389581079,,,,,,,,,
258,phase_and_confounding,GAM,large_scale_comparison,Wald,-0.597837000755621,-0.378805747639514,-0.437236856051774,-0.320374639227254,0.0298117900062551,,,,,,,,,
258,phase_and_confounding,Aligned NB,large_scale_comparison,Wald,-0.597837000755621,-0.492426431429283,-0.613765488606187,-0.37108737425238,0.0619076822331139,,,,,,,,,
259,phase_and_confounding,ITS,large_scale_comparison,Wald,-0.597837000755621,-0.392095991252601,-0.526251312230097,-0.257940670275106,0.068446592335457,,,,,,,,,
259,phase_and_confounding,GAM,large_scale_comparison,Wald,-0.597837000755621,-0.488889197726637,-0.574344517275639,-0.403433878177635,0.0435996528311235,,,,,,,,,
259,phase_and_confounding,Aligned NB,large_scale_comparison,Wald,-0.597837000755621,-0.408097670539287,-0.541596209831933,-0.274599131246642,0.068111499639105,,,,,,,,,
260,phase_and_confounding,ITS,large_scale_comparison,Wald,-0.597837000755621,-0.365065581792934,-0.513392926273605,-0.216738237312263,0.0756772165717711,,,,,,,,,
260,phase_and_confounding,GAM,large_scale_comparison,Wald,-0.597837000755621,-0.505638295837511,-0.571519028630003,-0.439757563045019,0.0336126187716795,,,,,,,,,
260,phase_and_confounding,Aligned NB,large_scale_comparison,Wald,-0.597837000755621,-0.395971280250759,-0.541128861475458,-0.250813699026061,0.0740599904207646,,,,,,,,,
261,phase_and_confounding,ITS,large_scale_comparison,Wald,-0.597837000755621,-0.291152521923071,-0.40808260686018,-0.174222436985962,0.0596582066005657,,,,,,,,,
261,phase_and_confounding,GAM,large_scale_comparison,Wald,-0.597837000755621,-0.384742284526447,-0.460893677992452,-0.308590891060442,0.0388527517683698,,,,,,,,,
261,phase_and_confounding,Aligned NB,large_scale_comparison,Wald,-0.597837000755621,-0.316912073531109,-0.432042828483216,-0.201781318579003,0.0587401810980136,,,,,,,,,
262,phase_and_confounding,ITS,large_scale_comparison,Wald,-0.597837000755621,-0.518680443395715,-0.635087239825246,-0.402273646966185,0.0593912226681279,,,,,,,,,
262,phase_and_confounding,GAM,large_scale_comparison,Wald,-0.597837000755621,-0.675180407145676,-0.744326442193755,-0.606034372097596,0.0352785893102448,,,,,,,,,
262,phase_and_confounding,Aligned NB,large_scale_comparison,Wald,-0.597837000755621,-0.519953189238383,-0.636190534626106,-0.40371584385066,0.0593047680549608,,,,,,,,,
263,phase_and_confounding,ITS,large_scale_comparison,Wald,-0.597837000755621,-0.419354397524275,-0.539065187058762,-0.299643607989787,0.0610769334359629,,,,,,,,,
263,phase_and_confounding,GAM,large_scale_comparison,Wald,-0.597837000755621,-0.453828492182876,-0.536817904402821,-0.370839079962931,0.0423415368469105,,,,,,,,,
263,phase_and_confounding,Aligned NB,large_scale_comparison,Wald,-0.597837000755621,-0.448052143548302,-0.564942476773918,-0.331161810322686,0.0596379251151103,,,,,,,,,
264,phase_and_confounding,ITS,large_scale_comparison,Wald,-0.597837000755621,-0.563253446677989,-0.696152138967057,-0.430354754388922,0.0678054552495243,,,,,,,,,
264,phase_and_confounding,GAM,large_scale_comparison,Wald,-0.597837000755621,-0.570741960143018,-0.656707022195486,-0.484776898090551,0.0438597255369732,,,,,,,,,
264,phase_and_confounding,Aligned NB,large_scale_comparison,Wald,-0.597837000755621,-0.58863944705519,-0.72020108353664,-0.45707781057374,0.0671232839191071,,,,,,,,,
265,phase_and_confounding,ITS,large_scale_comparison,Wald,-0.597837000755621,-0.443458380116423,-0.575340742493716,-0.311576017739131,0.0672869195802515,,,,,,,,,
265,phase_and_confounding,GAM,large_scale_comparison,Wald,-0.597837000755621,-0.32315041947584,-0.40830256222827,-0.237998276723411,0.0434449707920559,,,,,,,,,
265,phase_and_confounding,Aligned NB,large_scale_comparison,Wald,-0.597837000755621,-0.465929847829093,-0.595741060196385,-0.336118635461801,0.0662302103914755,,,,,,,,,
266,phase_and_confounding,ITS,large_scale_comparison,Wald,-0.597837000755621,-0.391940931955186,-0.497298232314046,-0.286583631596326,0.0537537246728876,,,,,,,,,
266,phase_and_confounding,GAM,large_scale_comparison,Wald,-0.597837000755621,-0.444144980358738,-0.520156855781768,-0.368133104935708,0.0387815690933828,,,,,,,,,
266,phase_and_confounding,Aligned NB,large_scale_comparison,Wald,-0.597837000755621,-0.395521227280343,-0.500229678405431,-0.290812776155255,0.0534226791454529,,,,,,,,,
267,phase_and_confounding,ITS,large_scale_comparison,Wald,-0.597837000755621,-0.528209907517107,-0.65570754600544,-0.400712269028773,0.0650498155552721,,,,,,,,,
267,phase_and_confounding,GAM,large_scale_comparison,Wald,-0.597837000755621,-0.567631029133432,-0.650843308896271,-0.484418749370593,0.0424552447769586,,,,,,,,,
267,phase_and_confounding,Aligned NB,large_scale_comparison,Wald,-0.597837000755621,-0.551685250036942,-0.677625862307124,-0.42574463776676,0.0642554144235623,,,,,,,,,
268,phase_and_confounding,ITS,large_scale_comparison,Wald,-0.597837000755621,-0.444841704869964,-0.551926413475288,-0.33775699626464,0.0546350554108797,,,,,,,,,
268,phase_and_confounding,GAM,large_scale_comparison,Wald,-0.597837000755621,-0.563402080801226,-0.636151701210651,-0.4906524603918,0.0371171532701152,,,,,,,,,
268,phase_and_confounding,Aligned NB,large_scale_comparison,Wald,-0.597837000755621,-0.48135232127592,-0.58550338116123,-0.37720126139061,0.0531382958598521,,,,,,,,,
269,phase_and_confounding,ITS,large_scale_comparison,Wald,-0.597837000755621,-0.476654542754802,-0.592746491466706,-0.360562594042899,0.0592305860775019,,,,,,,,,
269,phase_and_confounding,GAM,large_scale_comparison,Wald,-0.597837000755621,-0.313797222425463,-0.386027415967359,-0.241567028883567,0.0368521395621919,,,,,,,,,
269,phase_and_confounding,Aligned NB,large_scale_comparison,Wald,-0.597837000755621,-0.524687491238432,-0.637088830719049,-0.412286151757814,0.0573476221839885,,,,,,,,,
270,phase_and_confounding,ITS,large_scale_comparison,Wald,-0.597837000755621,-0.387810161745786,-0.472256959181093,-0.303363364310479,0.0430851007322995,,,,,,,,,
270,phase_and_confounding,GAM,large_scale_comparison,Wald,-0.597837000755621,-0.409447839922744,-0.46522530428516,-0.353670375560328,0.0284578899808246,,,,,,,,,
270,phase_and_confounding,Aligned NB,large_scale_comparison,Wald,-0.597837000755621,-0.397780882659147,-0.481299288774708,-0.314262476543586,0.0426114316916129,,,,,,,,,
271,phase_and_confounding,ITS,large_scale_comparison,Wald,-0.597837000755621,-0.330419540190537,-0.533120064130621,-0.127719016250453,0.103418634663308,,,,,,,,,
271,phase_and_confounding,GAM,large_scale_comparison,Wald,-0.597837000755621,-0.635213361070877,-0.736530015138787,-0.533896707002966,0.0516921704428115,,,,,,,,,
271,phase_and_confounding,Aligned NB,large_scale_comparison,Wald,-0.597837000755621,-0.347177246368277,-0.542380786376881,-0.151973706359673,0.0995936428615327,,,,,,,,,
272,phase_and_confounding,ITS,large_scale_comparison,Wald,-0.597837000755621,-0.222209928108344,-0.356456907179959,-0.0879629490367297,0.0684933566691911,,,,,,,,,
272,phase_and_confounding,GAM,large_scale_comparison,Wald,-0.597837000755621,-0.42215602413885,-0.485796405383496,-0.358515642894203,0.0324695822676768,,,,,,,,,
272,phase_and_confounding,Aligned NB,large_scale_comparison,Wald,-0.597837000755621,-0.236216634631321,-0.367406901682837,-0.105026367579806,0.0669338097201609,,,,,,,,,
273,phase_and_confounding,ITS,large_scale_comparison,Wald,-0.597837000755621,-0.504736869300258,-0.593866142194598,-0.415607596405918,0.045474118823643,,,,,,,,,
273,phase_and_confounding,GAM,large_scale_comparison,Wald,-0.597837000755621,-0.424278456915585,-0.495383567037031,-0.353173346794138,0.0362781174089015,,,,,,,,,
273,phase_and_confounding,Aligned NB,large_scale_comparison,Wald,-0.597837000755621,-0.508335061796346,-0.597289941324931,-0.419380182267761,0.0453851426166249,,,,,,,,,
274,phase_and_confounding,ITS,large_scale_comparison,Wald,-0.597837000755621,-0.224591010034059,-0.373012406819115,-0.0761696132490032,0.0757252024413551,,,,,,,,,
274,phase_and_confounding,GAM,large_scale_comparison,Wald,-0.597837000755621,-0.250483073828405,-0.334165159956826,-0.166800987699983,0.0426949419022559,,,,,,,,,
274,phase_and_confounding,Aligned NB,large_scale_comparison,Wald,-0.597837000755621,-0.241916883390635,-0.387082970925937,-0.0967507958553332,0.0740643303751539,,,,,,,,,
275,phase_and_confounding,ITS,large_scale_comparison,Wald,-0.597837000755621,-0.495169957768533,-0.58769334079066,-0.402646574746406,0.0472058076643505,,,,,,,,,
275,phase_and_confounding,GAM,large_scale_comparison,Wald,-0.597837000755621,-0.453988002772388,-0.525699026272183,-0.382276979272593,0.0365872568876505,,,,,,,,,
275,phase_and_confounding,Aligned NB,large_scale_comparison,Wald,-0.597837000755621,-0.512888977440615,-0.604351131385541,-0.421426823495689,0.0466643642576151,,,,,,,,,
276,phase_and_confounding,ITS,large_scale_comparison,Wald,-0.597837000755621,-0.378819709602297,-0.571252270112662,-0.186387149091932,0.0981798778114107,,,,,,,,,
276,phase_and_confounding,GAM,large_scale_comparison,Wald,-0.597837000755621,-0.181945030075309,-0.277357035687228,-0.0865330244633899,0.0486795946999586,,,,,,,,,
276,phase_and_confounding,Aligned NB,large_scale_comparison,Wald,-0.597837000755621,-0.397745977730928,-0.586972241410039,-0.208519714051817,0.0965440120811791,,,,,,,,,
277,phase_and_confounding,ITS,large_scale_comparison,Wald,-0.597837000755621,-0.271841084851255,-0.433878363572397,-0.109803806130112,0.0826720809801747,,,,,,,,,
277,phase_and_confounding,GAM,large_scale_comparison,Wald,-0.597837000755621,-0.48128075868092,-0.55354858238689,-0.40901293497495,0.0368713386254948,,,,,,,,,
277,phase_and_confounding,Aligned NB,large_scale_comparison,Wald,-0.597837000755621,-0.279113508933107,-0.437851805016741,-0.120375212849473,0.0809889265732826,,,,,,,,,
278,phase_and_confounding,ITS,large_scale_comparison,Wald,-0.597837000755621,-0.469585978953167,-0.553534600002299,-0.385637357904035,0.0428309291067,,,,,,,,,
278,phase_and_confounding,GAM,large_scale_comparison,Wald,-0.597837000755621,-0.366858821548957,-0.427687142913042,-0.306030500184872,0.0310348578388189,,,,,,,,,
278,phase_and_confounding,Aligned NB,large_scale_comparison,Wald,-0.597837000755621,-0.493957185211449,-0.577762539517774,-0.410151830905123,0.0427578338297578,,,,,,,,,
279,phase_and_confounding,ITS,large_scale_comparison,Wald,-0.597837000755621,-0.385078362464022,-0.489910551943581,-0.280246172984464,0.0534858109589586,,,,,,,,,
279,phase_and_confounding,GAM,large_scale_comparison,Wald,-0.597837000755621,-0.52666550268162,-0.594042445780209,-0.459288559583031,0.0343759913768312,,,,,,,,,
279,phase_and_confounding,Aligned NB,large_scale_comparison,Wald,-0.597837000755621,-0.39130775803215,-0.494986523057933,-0.287628993006368,0.052897329094787,,,,,,,,,
280,phase_and_confounding,ITS,large_scale_comparison,Wald,-0.597837000755621,-0.546591696667655,-0.700934776560071,-0.392248616775239,0.0787464693328653,,,,,,,,,
280,phase_and_confounding,GAM,large_scale_comparison,Wald,-0.597837000755621,-0.654362872133458,-0.735549311856095,-0.573176432410821,0.0414216529197126,,,,,,,,,
280,phase_and_confounding,Aligned NB,large_scale_comparison,Wald,-0.597837000755621,-0.558243981091266,-0.71252858914849,-0.403959373034043,0.0787166367638896,,,,,,,,,
281,phase_and_confounding,ITS,large_scale_comparison,Wald,-0.597837000755621,-0.375096915644962,-0.459022188198271,-0.291171643091654,0.0428190166088308,,,,,,,,,
281,phase_and_confounding,GAM,large_scale_comparison,Wald,-0.597837000755621,-0.323116005578567,-0.378889380536943,-0.267342630620192,0.0284558035501916,,,,,,,,,
281,phase_and_confounding,Aligned NB,large_scale_comparison,Wald,-0.597837000755621,-0.376590624381167,-0.459895381510259,-0.293285867252075,0.0425024271066797,,,,,,,,,
282,phase_and_confounding,ITS,large_scale_comparison,Wald,-0.597837000755621,-0.396022989178921,-0.472914693085157,-0.319131285272686,0.0392304611766508,,,,,,,,,
282,phase_and_confounding,GAM,large_scale_comparison,Wald,-0.597837000755621,-0.445228577905266,-0.506323750213288,-0.384133405597244,0.031171006279603,,,,,,,,,
282,phase_and_confounding,Aligned NB,large_scale_comparison,Wald,-0.597837000755621,-0.425497921963035,-0.501318910479241,-0.349676933446828,0.0386841778143912,,,,,,,,,
283,phase_and_confounding,ITS,large_scale_comparison,Wald,-0.597837000755621,-0.240619902508376,-0.371032459913369,-0.110207345103383,0.06653701908418,,,,,,,,,
283,phase_and_confounding,GAM,large_scale_comparison,Wald,-0.597837000755621,-0.553834576066881,-0.62499203046514,-0.482677121668622,0.0363048236725813,,,,,,,,,
283,phase_and_confounding,Aligned NB,large_scale_comparison,Wald,-0.597837000755621,-0.246085943551769,-0.374042679629983,-0.118129207473555,0.0652840490194969,,,,,,,,,
284,phase_and_confounding,ITS,large_scale_comparison,Wald,-0.597837000755621,-0.449858028667369,-0.530540270036596,-0.369175787298141,0.0411644088618509,,,,,,,,,
284,phase_and_confounding,GAM,large_scale_comparison,Wald,-0.597837000755621,-0.499751363418436,-0.569092686485289,-0.430410040351583,0.0353782260545167,,,,,,,,,
284,phase_and_confounding,Aligned NB,large_scale_comparison,Wald,-0.597837000755621,-0.45401144736934,-0.534432376297775,-0.373590518440906,0.0410310861879767,,,,,,,,,
285,phase_and_confounding,ITS,large_scale_comparison,Wald,-0.597837000755621,-0.43552870221973,-0.556875036975347,-0.314182367464113,0.0619113952834781,,,,,,,,,
285,phase_and_confounding,GAM,large_scale_comparison,Wald,-0.597837000755621,-0.540363426303906,-0.610594538395701,-0.470132314212111,0.0358322000468342,,,,,,,,,
285,phase_and_confounding,Aligned NB,large_scale_comparison,Wald,-0.597837000755621,-0.452931440492939,-0.569972323716661,-0.335890557269217,0.0597147363386337,,,,,,,,,
286,phase_and_confounding,ITS,large_scale_comparison,Wald,-0.597837000755621,-0.436028343404074,-0.530577991384803,-0.341478695423345,0.0482396163166983,,,,,,,,,
286,phase_and_confounding,GAM,large_scale_comparison,Wald,-0.597837000755621,-0.620571322112008,-0.696784906885946,-0.544357737338069,0.0388844820275195,,,,,,,,,
286,phase_and_confounding,Aligned NB,large_scale_comparison,Wald,-0.597837000755621,-0.446691255630196,-0.540441190345101,-0.352941320915291,0.0478315993443395,,,,,,,,,
287,phase_and_confounding,ITS,large_scale_comparison,Wald,-0.597837000755621,-0.529889977188951,-0.640740051239094,-0.419039903138809,0.0565561602296647,,,,,,,,,
287,phase_and_confounding,GAM,large_scale_comparison,Wald,-0.597837000755621,-0.579486228332086,-0.642441801849789,-0.516530654814384,0.0321201905702562,,,,,,,,,
287,phase_and_confounding,Aligned NB,large_scale_comparison,Wald,-0.597837000755621,-0.53681418933612,-0.647492651833124,-0.426135726839116,0.0564686033147977,,,,,,,,,
288,phase_and_confounding,ITS,large_scale_comparison,Wald,-0.597837000755621,-0.364105232986338,-0.485955321600882,-0.242255144371795,0.0621684125584407,,,,,,,,,
288,phase_and_confounding,GAM,large_scale_comparison,Wald,-0.597837000755621,-0.413182002964618,-0.492260147092946,-0.33410385883629,0.0403459919022083,,,,,,,,,
288,phase_and_confounding,Aligned NB,large_scale_comparison,Wald,-0.597837000755621,-0.380079868551395,-0.499282313062002,-0.260877424040787,0.0608175737299016,,,,,,,,,
289,phase_and_confounding,ITS,large_scale_comparison,Wald,-0.597837000755621,-0.19146912016139,-0.371949340565976,-0.0109888997568049,0.0920817451043804,,,,,,,,,
289,phase_and_confounding,GAM,large_scale_comparison,Wald,-0.597837000755621,-0.408748750805414,-0.5028164584298,-0.314681043181029,0.0479937283797885,,,,,,,,,
289,phase_and_confounding,Aligned NB,large_scale_comparison,Wald,-0.597837000755621,-0.194491156625277,-0.372719051842867,-0.0162632614076859,0.0909325996008115,,,,,,,,,
290,phase_and_confounding,ITS,large_scale_comparison,Wald,-0.597837000755621,-0.38339990543581,-0.558324509545726,-0.208475301325894,0.0892472469948551,,,,,,,,,
290,phase_and_confounding,GAM,large_scale_comparison,Wald,-0.597837000755621,-0.506911452612434,-0.59080470217876,-0.423018203046108,0.0428026783501664,,,,,,,,,
290,phase_and_confounding,Aligned NB,large_scale_comparison,Wald,-0.597837000755621,-0.441599049150055,-0.608848465456449,-0.27434963284366,0.0853313348502011,,,,,,,,,
291,phase_and_confounding,ITS,large_scale_comparison,Wald,-0.597837000755621,-0.173322192396491,-0.345883352888045,-0.000761031904936316,0.0880414084140584,,,,,,,,,
291,phase_and_confounding,GAM,large_scale_comparison,Wald,-0.597837000755621,-0.597613781393459,-0.674399941053635,-0.520827621733283,0.0391766120715184,,,,,,,,,
291,phase_and_confounding,Aligned NB,large_scale_comparison,Wald,-0.597837000755621,-0.182748493178695,-0.350052931310968,-0.0154440550464226,0.0853594072103433,,,,,,,,,
292,phase_and_confounding,ITS,large_scale_comparison,Wald,-0.597837000755621,-0.435896057057856,-0.500838912907389,-0.370953201208322,0.033134110127313,,,,,,,,,
292,phase_and_confounding,GAM,large_scale_comparison,Wald,-0.597837000755621,-0.474716134559154,-0.526246692429448,-0.423185576688859,0.0262911009542318,,,,,,,,,
292,phase_and_confounding,Aligned NB,large_scale_comparison,Wald,-0.597837000755621,-0.445200237591526,-0.509945571928119,-0.380454903254932,0.0330333338452006,,,,,,,,,
293,phase_and_confounding,ITS,large_scale_comparison,Wald,-0.597837000755621,-0.541692169654375,-0.662572918726669,-0.420811420582082,0.0616738515674968,,,,,,,,,
293,phase_and_confounding,GAM,large_scale_comparison,Wald,-0.597837000755621,-0.574009052934543,-0.641661787609016,-0.506356318260071,0.0345167013645266,,,,,,,,,
293,phase_and_confounding,Aligned NB,large_scale_comparison,Wald,-0.597837000755621,-0.566964647365013,-0.685133159629923,-0.448796135100103,0.0602900572780153,,,,,,,,,
294,phase_and_confounding,ITS,large_scale_comparison,Wald,-0.597837000755621,-0.532419553057097,-0.680399811473571,-0.384439294640623,0.0755001318451398,,,,,,,,,
294,phase_and_confounding,GAM,large_scale_comparison,Wald,-0.597837000755621,-0.597765763387294,-0.665344481772532,-0.530187045002056,0.034478937951652,,,,,,,,,
294,phase_and_confounding,Aligned NB,large_scale_comparison,Wald,-0.597837000755621,-0.541440361685524,-0.688407100322329,-0.394473623048719,0.0749830299167374,,,,,,,,,
295,phase_and_confounding,ITS,large_scale_comparison,Wald,-0.597837000755621,-0.480969925592372,-0.556257874221152,-0.405681976963591,0.0384122186881532,,,,,,,,,
295,phase_and_confounding,GAM,large_scale_comparison,Wald,-0.597837000755621,-0.425378047870065,-0.481152090118478,-0.369604005621652,0.0284561440042924,,,,,,,,,
295,phase_and_confounding,Aligned NB,large_scale_comparison,Wald,-0.597837000755621,-0.50209374016051,-0.576914394895234,-0.427273085425786,0.0381738034360836,,,,,,,,,
296,phase_and_confounding,ITS,large_scale_comparison,Wald,-0.597837000755621,-0.536361383166699,-0.647293379196638,-0.42542938713676,0.056597957158132,,,,,,,,,
296,phase_and_confounding,GAM,large_scale_comparison,Wald,-0.597837000755621,-0.322882213847804,-0.38632348602568,-0.259440941669928,0.0323679960091204,,,,,,,,,
296,phase_and_confounding,Aligned NB,large_scale_comparison,Wald,-0.597837000755621,-0.53828756216475,-0.649047398119087,-0.427527726210413,0.0565101203848656,,,,,,,,,
297,phase_and_confounding,ITS,large_scale_comparison,Wald,-0.597837000755621,-0.514320161819948,-0.607336387350301,-0.421303936289595,0.0474572579236493,,,,,,,,,
297,phase_and_confounding,GAM,large_scale_comparison,Wald,-0.597837000755621,-0.493447674264882,-0.555215595502753,-0.431679753027012,0.0315142455295257,,,,,,,,,
297,phase_and_confounding,Aligned NB,large_scale_comparison,Wald,-0.597837000755621,-0.524168620316444,-0.61661858752928,-0.431718653103608,0.047168350618794,,,,,,,,,
298,phase_and_confounding,ITS,large_scale_comparison,Wald,-0.597837000755621,-0.388392621247512,-0.544291310172712,-0.232493932322312,0.0795401474108162,,,,,,,,,
298,phase_and_confounding,GAM,large_scale_comparison,Wald,-0.597837000755621,-0.665076702299749,-0.744254825387181,-0.585898579212318,0.0403970015752202,,,,,,,,,
298,phase_and_confounding,Aligned NB,large_scale_comparison,Wald,-0.597837000755621,-0.404900012661872,-0.557143264335002,-0.252656760988741,0.0776751284046583,,,,,,,,,
299,phase_and_confounding,ITS,large_scale_comparison,Wald,-0.597837000755621,-0.486409337622376,-0.619416744979486,-0.353401930265267,0.0678609221209742,,,,,,,,,
299,phase_and_confounding,GAM,large_scale_comparison,Wald,-0.597837000755621,-0.398349009137597,-0.485388474347201,-0.311309543927992,0.0444078904130636,,,,,,,,,
299,phase_and_confounding,Aligned NB,large_scale_comparison,Wald,-0.597837000755621,-0.514557190302655,-0.645259381301973,-0.383854999303336,0.0666847913261831,,,,,,,,,
300,phase_and_confounding,ITS,large_scale_comparison,Wald,-0.597837000755621,-0.442109533540994,-0.5316321491141,-0.352586917967889,0.0456748038638293,,,,,,,,,
300,phase_and_confounding,GAM,large_scale_comparison,Wald,-0.597837000755621,-0.44601546982472,-0.509988618270516,-0.382042321378923,0.0326393614519369,,,,,,,,,
300,phase_and_confounding,Aligned NB,large_scale_comparison,Wald,-0.597837000755621,-0.48981052881456,-0.576615879777516,-0.403005177851604,0.0442884443688551,,,,,,,,,
301,phase_and_confounding,ITS,large_scale_comparison,Wald,-0.597837000755621,-0.290522599081247,-0.43696457606418,-0.144080622098315,0.0747152943790471,,,,,,,,,
301,phase_and_confounding,GAM,large_scale_comparison,Wald,-0.597837000755621,-0.146745160378,-0.231466742720537,-0.0620235780354642,0.0432252971135389,,,,,,,,,
301,phase_and_confounding,Aligned NB,large_scale_comparison,Wald,-0.597837000755621,-0.300662336500385,-0.44215415494479,-0.15917051805598,0.0721897032879618,,,,,,,,,
302,phase_and_confounding,ITS,large_scale_comparison,Wald,-0.597837000755621,-0.29637139516558,-0.436476717315198,-0.156266073015961,0.071482307219193,,,,,,,,,
302,phase_and_confounding,GAM,large_scale_comparison,Wald,-0.597837000755621,-0.362177733492155,-0.441938379003829,-0.282417087980481,0.0406942068937112,,,,,,,,,
302,phase_and_confounding,Aligned NB,large_scale_comparison,Wald,-0.597837000755621,-0.301931689540373,-0.440806439974253,-0.163056939106492,0.070854464507082,,,,,,,,,
303,phase_and_confounding,ITS,large_scale_comparison,Wald,-0.597837000755621,-0.44803798101436,-0.533607645933472,-0.362468316095248,0.0436579923056694,,,,,,,,,
303,phase_and_confounding,GAM,large_scale_comparison,Wald,-0.597837000755621,-0.438833775089077,-0.490572704159685,-0.387094846018469,0.0263974127911266,,,,,,,,,
303,phase_and_confounding,Aligned NB,large_scale_comparison,Wald,-0.597837000755621,-0.455520647677973,-0.540742020599912,-0.370299274756034,0.0434802923071117,,,,,,,,,
304,phase_and_confounding,ITS,large_scale_comparison,Wald,-0.597837000755621,-0.340915912970991,-0.438072154109921,-0.243759671832061,0.0495695107851685,,,,,,,,,
304,phase_and_confounding,GAM,large_scale_comparison,Wald,-0.597837000755621,-0.449113875001267,-0.516108486848036,-0.382119263154499,0.0341809244116166,,,,,,,,,
304,phase_and_confounding,Aligned NB,large_scale_comparison,Wald,-0.597837000755621,-0.390560512430761,-0.483780461124741,-0.297340563736782,0.047561198313255,,,,,,,,,
305,phase_and_confounding,ITS,large_scale_comparison,Wald,-0.597837000755621,-0.394052673323669,-0.493180720651277,-0.294924625996062,0.05057553435082,,,,,,,,,
305,phase_and_confounding,GAM,large_scale_comparison,Wald,-0.597837000755621,-0.490177756793248,-0.557014489500999,-0.423341024085496,0.0341003738304855,,,,,,,,,
305,phase_and_confounding,Aligned NB,large_scale_comparison,Wald,-0.597837000755621,-0.419599911274219,-0.516217358560455,-0.322982463987983,0.0492946159623651,,,,,,,,,
306,phase_and_confounding,ITS,large_scale_comparison,Wald,-0.597837000755621,-0.401273755555766,-0.551084187362011,-0.251463323749521,0.0764338937786963,,,,,,,,,
306,phase_and_confounding,GAM,large_scale_comparison,Wald,-0.597837000755621,-0.378848776736522,-0.444672871005176,-0.313024682467868,0.0335837215656399,,,,,,,,,
306,phase_and_confounding,Aligned NB,large_scale_comparison,Wald,-0.597837000755621,-0.409584563862831,-0.558078875066061,-0.261090252659601,0.0757624036751175,,,,,,,,,
307,phase_and_confounding,ITS,large_scale_comparison,Wald,-0.597837000755621,-0.45639910172841,-0.534394187910293,-0.378404015546527,0.039793411317287,,,,,,,,,
307,phase_and_confounding,GAM,large_scale_comparison,Wald,-0.597837000755621,-0.579236953816235,-0.64595295078288,-0.512520956849589,0.0340387739625743,,,,,,,,,
307,phase_and_confounding,Aligned NB,large_scale_comparison,Wald,-0.597837000755621,-0.467662895883998,-0.545549896632711,-0.389775895135285,0.0397382656881188,,,,,,,,,
308,phase_and_confounding,ITS,large_scale_comparison,Wald,-0.597837000755621,-0.205456352543755,-0.374024114101474,-0.0368885909860349,0.0860039599784284,,,,,,,,,
308,phase_and_confounding,GAM,large_scale_comparison,Wald,-0.597837000755621,-0.433505817733307,-0.501186722952763,-0.365824912513852,0.034531074091559,,,,,,,,,
308,phase_and_confounding,Aligned NB,large_scale_comparison,Wald,-0.597837000755621,-0.205752448577946,-0.372677063498101,-0.0388278336577913,0.0851656198572217,,,,,,,,,
309,phase_and_confounding,ITS,large_scale_comparison,Wald,-0.597837000755621,-0.367936916001323,-0.528241100742499,-0.207632731260147,0.081787849357743,,,,,,,,,
309,phase_and_confounding,GAM,large_scale_comparison,Wald,-0.597837000755621,-0.541998489445811,-0.615998143568058,-0.467998835323563,0.0377549255725753,,,,,,,,,
309,phase_and_confounding,Aligned NB,large_scale_comparison,Wald,-0.597837000755621,-0.385860073212943,-0.544013438502275,-0.227706707923611,0.0806904924945573,,,,,,,,,
310,phase_and_confounding,ITS,large_scale_comparison,Wald,-0.597837000755621,-0.298169177605323,-0.418952170027043,-0.177386185183602,0.0616239757253676,,,,,,,,,
310,phase_and_confounding,GAM,large_scale_comparison,Wald,-0.597837000755621,-0.419578078673887,-0.484600146060982,-0.354556011286792,0.0331745241770894,,,,,,,,,
310,phase_and_confounding,Aligned NB,large_scale_comparison,Wald,-0.597837000755621,-0.309794705198067,-0.428789454475723,-0.190799955920411,0.0607116067743143,,,,,,,,,
311,phase_and_confounding,ITS,large_scale_comparison,Wald,-0.597837000755621,-0.380559959706376,-0.494032205001337,-0.267087714411416,0.0578940027015104,,,,,,,,,
311,phase_and_confounding,GAM,large_scale_comparison,Wald,-0.597837000755621,-0.638018198386446,-0.724435137414798,-0.551601259358093,0.0440902750144654,,,,,,,,,
311,phase_and_confounding,Aligned NB,large_scale_comparison,Wald,-0.597837000755621,-0.391039678718293,-0.502888802775176,-0.279190554661409,0.0570658796208589,,,,,,,,,
312,phase_and_confounding,ITS,large_scale_comparison,Wald,-0.597837000755621,-0.369702409155633,-0.513145891339326,-0.22625892697194,0.073185450093721,,,,,,,,,
312,phase_and_confounding,GAM,large_scale_comparison,Wald,-0.597837000755621,-0.447428629356952,-0.537773124864236,-0.357084133849668,0.0460941303608591,,,,,,,,,
312,phase_and_confounding,Aligned NB,large_scale_comparison,Wald,-0.597837000755621,-0.405113209013526,-0.543562039383054,-0.266664378643999,0.0706371583517997,,,,,,,,,
313,phase_and_confounding,ITS,large_scale_comparison,Wald,-0.597837000755621,-0.254605789964739,-0.399883910340987,-0.109327669588491,0.0741214899878818,,,,,,,,,
313,phase_and_confounding,GAM,large_scale_comparison,Wald,-0.597837000755621,-0.547706781228016,-0.615294846376506,-0.480118716079525,0.0344837067084136,,,,,,,,,
313,phase_and_confounding,Aligned NB,large_scale_comparison,Wald,-0.597837000755621,-0.264360683292384,-0.40702046581205,-0.121700900772719,0.07278560332636,,,,,,,,,
314,phase_and_confounding,ITS,large_scale_comparison,Wald,-0.597837000755621,-0.38076377269214,-0.487553692446039,-0.273973852938241,0.0544846529356625,,,,,,,,,
314,phase_and_confounding,GAM,large_scale_comparison,Wald,-0.597837000755621,-0.414057523672784,-0.491286874266055,-0.336828173079514,0.0394027298945258,,,,,,,,,
314,phase_and_confounding,Aligned NB,large_scale_comparison,Wald,-0.597837000755621,-0.388010652521829,-0.494321086051519,-0.281700218992138,0.0542400171069848,,,,,,,,,
315,phase_and_confounding,ITS,large_scale_comparison,Wald,-0.597837000755621,-0.297782113390262,-0.457449136963601,-0.138115089816923,0.0814627671292547,,,,,,,,,
315,phase_and_confounding,GAM,large_scale_comparison,Wald,-0.597837000755621,-0.596872226433418,-0.686741245832065,-0.50700320703477,0.0458515405095138,,,,,,,,,
315,phase_and_confounding,Aligned NB,large_scale_comparison,Wald,-0.597837000755621,-0.298905837441714,-0.457961726163771,-0.139849948719656,0.081150963633703,,,,,,,,,
316,phase_and_confounding,ITS,large_scale_comparison,Wald,-0.597837000755621,-0.403615810512829,-0.566243955795246,-0.240987665230411,0.0829735435114374,,,,,,,,,
316,phase_and_confounding,GAM,large_scale_comparison,Wald,-0.597837000755621,-0.249391799994963,-0.340159131934401,-0.158624468055524,0.0463098632344073,,,,,,,,,
316,phase_and_confounding,Aligned NB,large_scale_comparison,Wald,-0.597837000755621,-0.411451635045428,-0.572447652008163,-0.250455618082693,0.0821408249809872,,,,,,,,,
317,phase_and_confounding,ITS,large_scale_comparison,Wald,-0.597837000755621,-0.439862789333142,-0.526039252061297,-0.353686326604986,0.0439675830245692,,,,,,,,,
317,phase_and_confounding,GAM,large_scale_comparison,Wald,-0.597837000755621,-0.375615203917394,-0.439691916866235,-0.311538490968554,0.0326922004841023,,,,,,,,,
317,phase_and_confounding,Aligned NB,large_scale_comparison,Wald,-0.597837000755621,-0.471975011235558,-0.556239139484197,-0.38771088298692,0.0429919021676728,,,,,,,,,
318,phase_and_confounding,ITS,large_scale_comparison,Wald,-0.597837000755621,-0.476850204423968,-0.575053091186953,-0.378647317660983,0.050103513654584,,,,,,,,,
318,phase_and_confounding,GAM,large_scale_comparison,Wald,-0.597837000755621,-0.408210195474748,-0.474150305525478,-0.342270085424017,0.033642913291189,,,,,,,,,
318,phase_and_confounding,Aligned NB,large_scale_comparison,Wald,-0.597837000755621,-0.488786480683299,-0.586279025374093,-0.391293935992505,0.0497410942299969,,,,,,,,,
319,phase_and_confounding,ITS,large_scale_comparison,Wald,-0.597837000755621,-0.51782082555669,-0.611495975048328,-0.424145676065052,0.0477934436181826,,,,,,,,,
319,phase_and_confounding,GAM,large_scale_comparison,Wald,-0.597837000755621,-0.300758765729296,-0.370865409697334,-0.230652121761259,0.0357686959020599,,,,,,,,,
319,phase_and_confounding,Aligned NB,large_scale_comparison,Wald,-0.597837000755621,-0.52838417013576,-0.621295475028779,-0.435472865242741,0.0474037269862342,,,,,,,,,
320,phase_and_confounding,ITS,large_scale_comparison,Wald,-0.597837000755621,-0.576906045745441,-0.672927539111455,-0.480884552379428,0.0489905578398026,,,,,,,,,
320,phase_and_confounding,GAM,large_scale_comparison,Wald,-0.597837000755621,-0.442855051563731,-0.514724549499248,-0.370985553628214,0.0366681111915902,,,,,,,,,
320,phase_and_confounding,Aligned NB,large_scale_comparison,Wald,-0.597837000755621,-0.581973543673477,-0.677686267198793,-0.486260820148162,0.0488330222067937,,,,,,,,,
321,phase_and_confounding,ITS,large_scale_comparison,Wald,-0.597837000755621,-0.476210905414258,-0.562392148345402,-0.390029662483114,0.0439700219036448,,,,,,,,,
321,phase_and_confounding,GAM,large_scale_comparison,Wald,-0.597837000755621,-0.398927459355047,-0.463745430862103,-0.334109487847991,0.0330703936260488,,,,,,,,,
321,phase_and_confounding,Aligned NB,large_scale_comparison,Wald,-0.597837000755621,-0.507764679856118,-0.592317019754511,-0.423212339957724,0.0431389489277517,,,,,,,,,
322,phase_and_confounding,ITS,large_scale_comparison,Wald,-0.597837000755621,-0.32688216209937,-0.484212575367791,-0.169551748830948,0.0802706190145007,,,,,,,,,
322,phase_and_confounding,GAM,large_scale_comparison,Wald,-0.597837000755621,-0.579442842064388,-0.653871616648779,-0.505014067479998,0.0379738645838728,,,,,,,,,
322,phase_and_confounding,Aligned NB,large_scale_comparison,Wald,-0.597837000755621,-0.334627448382526,-0.489683384543551,-0.1795715122215,0.0791101715107272,,,,,,,,,
323,phase_and_confounding,ITS,large_scale_comparison,Wald,-0.597837000755621,-0.470933566352173,-0.59122400285377,-0.350643129850576,0.0613726716844884,,,,,,,,,
323,phase_and_confounding,GAM,large_scale_comparison,Wald,-0.597837000755621,-0.526983016379589,-0.603354056310527,-0.450611976448651,0.038964816291295,,,,,,,,,
323,phase_and_confounding,Aligned NB,large_scale_comparison,Wald,-0.597837000755621,-0.472734405524056,-0.591137423039446,-0.354331388008665,0.0604097028139747,,,,,,,,,
324,phase_and_confounding,ITS,large_scale_comparison,Wald,-0.597837000755621,-0.413549144681144,-0.534708703106274,-0.292389586256014,0.0618161012373113,,,,,,,,,
324,phase_and_confounding,GAM,large_scale_comparison,Wald,-0.597837000755621,-0.382148139624185,-0.458233754582806,-0.306062524665564,0.0388191913054188,,,,,,,,,
324,phase_and_confounding,Aligned NB,large_scale_comparison,Wald,-0.597837000755621,-0.46649303868699,-0.583192611450172,-0.349793465923809,0.0595405983485619,,,,,,,,,
325,phase_and_confounding,ITS,large_scale_comparison,Wald,-0.597837000755621,-0.322441312780675,-0.529683269684156,-0.115199355877194,0.105735692297695,,,,,,,,,
325,phase_and_confounding,GAM,large_scale_comparison,Wald,-0.597837000755621,-0.676359854360234,-0.781222879537782,-0.571496829182685,0.053501543457933,,,,,,,,,
325,phase_and_confounding,Aligned NB,large_scale_comparison,Wald,-0.597837000755621,-0.324123653338084,-0.52680799007866,-0.121439316597509,0.103410375888049,,,,,,,,,
326,phase_and_confounding,ITS,large_scale_comparison,Wald,-0.597837000755621,-0.4003510179977,-0.508077753704291,-0.29262428229111,0.0549626202584645,,,,,,,,,
326,phase_and_confounding,GAM,large_scale_comparison,Wald,-0.597837000755621,-0.558840553565841,-0.640037617068408,-0.477643490063275,0.0414270732155951,,,,,,,,,
326,phase_and_confounding,Aligned NB,large_scale_comparison,Wald,-0.597837000755621,-0.400475768401885,-0.508216868067471,-0.2927346687363,0.0549699488089722,,,,,,,,,
327,phase_and_confounding,ITS,large_scale_comparison,Wald,-0.597837000755621,-0.352811767900946,-0.464139389631073,-0.241484146170819,0.0567998070051669,,,,,,,,,
327,phase_and_confounding,GAM,large_scale_comparison,Wald,-0.597837000755621,-0.325518552796849,-0.403879176491469,-0.24715792910223,0.0399799100482753,,,,,,,,,
327,phase_and_confounding,Aligned NB,large_scale_comparison,Wald,-0.597837000755621,-0.37537005312787,-0.484425285937512,-0.266314820318228,0.0556404249028787,,,,,,,,,
328,phase_and_confounding,ITS,large_scale_comparison,Wald,-0.597837000755621,-0.345706291385133,-0.474794365164006,-0.216618217606259,0.0658612621320782,,,,,,,,,
328,phase_and_confounding,GAM,large_scale_comparison,Wald,-0.597837000755621,-0.634957881645256,-0.720929798715217,-0.548985964575296,0.0438632229948779,,,,,,,,,
328,phase_and_confounding,Aligned NB,large_scale_comparison,Wald,-0.597837000755621,-0.360822774427102,-0.487755992904979,-0.233889555949226,0.0647618461621819,,,,,,,,,
329,phase_and_confounding,ITS,large_scale_comparison,Wald,-0.597837000755621,-0.44135732632596,-0.558078070773648,-0.324636581878272,0.0595514002284121,,,,,,,,,
329,phase_and_confounding,GAM,large_scale_comparison,Wald,-0.597837000755621,-0.407323323418154,-0.486726344525637,-0.32792030231067,0.0405117454630019,,,,,,,,,
329,phase_and_confounding,Aligned NB,large_scale_comparison,Wald,-0.597837000755621,-0.451592914007956,-0.567405302921437,-0.335780525094475,0.0590879535272862,,,,,,,,,
330,phase_and_confounding,ITS,large_scale_comparison,Wald,-0.597837000755621,-0.529053522731464,-0.653572710969498,-0.40453433449343,0.0635301980806296,,,,,,,,,
330,phase_and_confounding,GAM,large_scale_comparison,Wald,-0.597837000755621,-0.412211001736294,-0.477968146236666,-0.346453857235921,0.0335495635205984,,,,,,,,,
330,phase_and_confounding,Aligned NB,large_scale_comparison,Wald,-0.597837000755621,-0.559426547306086,-0.680068526614358,-0.438784567997813,0.0615520302593226,,,,,,,,,
331,phase_and_confounding,ITS,large_scale_comparison,Wald,-0.597837000755621,-0.411859052115393,-0.493209003739715,-0.330509100491071,0.0415050773593479,,,,,,,,,
331,phase_and_confounding,GAM,large_scale_comparison,Wald,-0.597837000755621,-0.420669910076901,-0.483947491580887,-0.357392328572915,0.0322844803591764,,,,,,,,,
331,phase_and_confounding,Aligned NB,large_scale_comparison,Wald,-0.597837000755621,-0.423149669398739,-0.502130087942031,-0.344169250855447,0.0402961319098427,,,,,,,,,
332,phase_and_confounding,ITS,large_scale_comparison,Wald,-0.597837000755621,-0.54145023188324,-0.69589773574569,-0.38700272802079,0.078799746868597,,,,,,,,,
332,phase_and_confounding,GAM,large_scale_comparison,Wald,-0.597837000755621,-0.480722051561373,-0.565309196955523,-0.396134906167223,0.0431567068337499,,,,,,,,,
332,phase_and_confounding,Aligned NB,large_scale_comparison,Wald,-0.597837000755621,-0.567677051224475,-0.719686950427643,-0.415667152021307,0.0775560710220245,,,,,,,,,
333,phase_and_confounding,ITS,large_scale_comparison,Wald,-0.597837000755621,-0.106297850003991,-0.24523808557997,0.0326423855719868,0.0708878752938665,,,,,,,,,
333,phase_and_confounding,GAM,large_scale_comparison,Wald,-0.597837000755621,-0.0989129259310307,-0.197754447015492,-7.14048465693257e-05,0.0504293474920722,,,,,,,,,
333,phase_and_confounding,Aligned NB,large_scale_comparison,Wald,-0.597837000755621,-0.130114739512832,-0.26299176760019,0.00276228857452632,0.0677944020853867,,,,,,,,,
334,phase_and_confounding,ITS,large_scale_comparison,Wald,-0.597837000755621,-0.468956598788359,-0.574756369235466,-0.363156828341251,0.0539794747179121,,,,,,,,,
334,phase_and_confounding,GAM,large_scale_comparison,Wald,-0.597837000755621,-0.357114255489803,-0.430869801114271,-0.283358709865334,0.0376303804206472,,,,,,,,,
334,phase_and_confounding,Aligned NB,large_scale_comparison,Wald,-0.597837000755621,-0.494446459866914,-0.5988574938921,-0.390035425841729,0.0532709357271352,,,,,,,,,
335,phase_and_confounding,ITS,large_scale_comparison,Wald,-0.597837000755621,-0.403741396649316,-0.510244633174156,-0.297238160124475,0.0543383859820615,,,,,,,,,
335,phase_and_confounding,GAM,large_scale_comparison,Wald,-0.597837000755621,-0.329072853595481,-0.401360707131573,-0.256785000059389,0.0368815579265774,,,,,,,,,
335,phase_and_confounding,Aligned NB,large_scale_comparison,Wald,-0.597837000755621,-0.439143624508741,-0.542937408465993,-0.335349840551488,0.0529560122230879,,,,,,,,,
336,phase_and_confounding,ITS,large_scale_comparison,Wald,-0.597837000755621,-0.548968714662626,-0.704529482268142,-0.393407947057111,0.0793677385742426,,,,,,,,,
336,phase_and_confounding,GAM,large_scale_comparison,Wald,-0.597837000755621,-0.636292230606698,-0.725576257210045,-0.547008204003351,0.045553074797626,,,,,,,,,
336,phase_and_confounding,Aligned NB,large_scale_comparison,Wald,-0.597837000755621,-0.582082700405916,-0.733419979888515,-0.430745420923317,0.0772128976952035,,,,,,,,,
337,phase_and_confounding,ITS,large_scale_comparison,Wald,-0.597837000755621,-0.302412659772664,-0.437225209493114,-0.167600110052215,0.0687819131226783,,,,,,,,,
337,phase_and_confounding,GAM,large_scale_comparison,Wald,-0.597837000755621,-0.428519371040454,-0.516231770202601,-0.340806971878308,0.0447512240623198,,,,,,,,,
337,phase_and_confounding,Aligned NB,large_scale_comparison,Wald,-0.597837000755621,-0.318960056690507,-0.450952393090505,-0.186967720290509,0.067343028775509,,,,,,,,,
338,phase_and_confounding,ITS,large_scale_comparison,Wald,-0.597837000755621,-0.375923499757609,-0.468075796997686,-0.283771202517533,0.0470164781837126,,,,,,,,,
338,phase_and_confounding,GAM,large_scale_comparison,Wald,-0.597837000755621,-0.353240116590782,-0.426910648845831,-0.279569584335734,0.0375870062525756,,,,,,,,,
338,phase_and_confounding,Aligned NB,large_scale_comparison,Wald,-0.597837000755621,-0.42409437646095,-0.510668221834981,-0.337520531086919,0.0441703292724648,,,,,,,,,
339,phase_and_confounding,ITS,large_scale_comparison,Wald,-0.597837000755621,-0.441944661556035,-0.519435493911779,-0.364453829200291,0.0395361389570122,,,,,,,,,
339,phase_and_confounding,GAM,large_scale_comparison,Wald,-0.597837000755621,-0.404929213048411,-0.46255077066685,-0.347307655429973,0.0293987538869584,,,,,,,,,
339,phase_and_confounding,Aligned NB,large_scale_comparison,Wald,-0.597837000755621,-0.468937484307341,-0.546393236114734,-0.391481732499948,0.0395182407180578,,,,,,,,,
340,phase_and_confounding,ITS,large_scale_comparison,Wald,-0.597837000755621,-0.455923652053949,-0.579844990935275,-0.332002313172623,0.0632251728986357,,,,,,,,,
340,phase_and_confounding,GAM,large_scale_comparison,Wald,-0.597837000755621,-0.487104867958964,-0.565784566772286,-0.408425169145643,0.0401427034761844,,,,,,,,,
340,phase_and_confounding,Aligned NB,large_scale_comparison,Wald,-0.597837000755621,-0.477092902318685,-0.598644943901181,-0.355540860736188,0.0620163477461719,,,,,,,,,
341,phase_and_confounding,ITS,large_scale_comparison,Wald,-0.597837000755621,-0.114274267864749,-0.264404460474514,0.0358559247450165,0.0765970370457986,,,,,,,,,
341,phase_and_confounding,GAM,large_scale_comparison,Wald,-0.597837000755621,-0.429708412270932,-0.515267526366483,-0.344149298175381,0.0436526092324239,,,,,,,,,
341,phase_and_confounding,Aligned NB,large_scale_comparison,Wald,-0.597837000755621,-0.116725610894425,-0.265036440870225,0.0315852190813757,0.0756687908039798,,,,,,,,,
342,phase_and_confounding,ITS,large_scale_comparison,Wald,-0.597837000755621,-0.439171907325504,-0.554480002508605,-0.323863812142402,0.0588306608077049,,,,,,,,,
342,phase_and_confounding,GAM,large_scale_comparison,Wald,-0.597837000755621,-0.390363854698183,-0.470969586538855,-0.30975812285751,0.041125373388098,,,,,,,,,
342,phase_and_confounding,Aligned NB,large_scale_comparison,Wald,-0.597837000755621,-0.462227281047795,-0.574564885712986,-0.349889676382604,0.0573151044210157,,,,,,,,,
343,phase_and_confounding,ITS,large_scale_comparison,Wald,-0.597837000755621,-0.420144300892167,-0.537961540602622,-0.302327061181712,0.0601108365869667,,,,,,,,,
343,phase_and_confounding,GAM,large_scale_comparison,Wald,-0.597837000755621,-0.414613923012926,-0.485153260545368,-0.344074585480484,0.0359894579247152,,,,,,,,,
343,phase_and_confounding,Aligned NB,large_scale_comparison,Wald,-0.597837000755621,-0.425513090584633,-0.542891968070209,-0.308134213099058,0.0598871823905998,,,,,,,,,
344,phase_and_confounding,ITS,large_scale_comparison,Wald,-0.597837000755621,-0.374041652530774,-0.508079859500547,-0.240003445561,0.0683868402907007,,,,,,,,,
344,phase_and_confounding,GAM,large_scale_comparison,Wald,-0.597837000755621,-0.584313582995227,-0.67326002877933,-0.495367137211125,0.0453808396857668,,,,,,,,,
344,phase_and_confounding,Aligned NB,large_scale_comparison,Wald,-0.597837000755621,-0.377409505548251,-0.510525517202482,-0.244293493894019,0.0679163324766488,,,,,,,,,
345,phase_and_confounding,ITS,large_scale_comparison,Wald,-0.597837000755621,-0.385934218241218,-0.600450278501166,-0.17141815798127,0.109446969520382,,,,,,,,,
345,phase_and_confounding,GAM,large_scale_comparison,Wald,-0.597837000755621,-0.938504612126658,-1.05448109429742,-0.822528129955896,0.0591716745769194,,,,,,,,,
345,phase_and_confounding,Aligned NB,large_scale_comparison,Wald,-0.597837000755621,-0.394291390387397,-0.605165438428915,-0.18341734234588,0.107588800021182,,,,,,,,,
346,phase_and_confounding,ITS,large_scale_comparison,Wald,-0.597837000755621,-0.266641812599154,-0.424932417339101,-0.108351207859208,0.0807605126224218,,,,,,,,,
346,phase_and_confounding,GAM,large_scale_comparison,Wald,-0.597837000755621,-0.342020941930283,-0.426370210976787,-0.257671672883779,0.043035341350257,,,,,,,,,
346,phase_and_confounding,Aligned NB,large_scale_comparison,Wald,-0.597837000755621,-0.291729321901538,-0.446128660322879,-0.137329983480198,0.0787751726639492,,,,,,,,,
347,phase_and_confounding,ITS,large_scale_comparison,Wald,-0.597837000755621,-0.541811265931046,-0.70389465726066,-0.379727874601433,0.0826956078212314,,,,,,,,,
347,phase_and_confounding,GAM,large_scale_comparison,Wald,-0.597837000755621,-0.428514649752608,-0.527736576734751,-0.329292722770465,0.0506234321337465,,,,,,,,,
347,phase_and_confounding,Aligned NB,large_scale_comparison,Wald,-0.597837000755621,-0.588270534577662,-0.746792875728946,-0.429748193426378,0.0808787454853491,,,,,,,,,
348,phase_and_confounding,ITS,large_scale_comparison,Wald,-0.597837000755621,-0.450991915180346,-0.623962445423378,-0.278021384937315,0.0882502705321591,,,,,,,,,
348,phase_and_confounding,GAM,large_scale_comparison,Wald,-0.597837000755621,-0.444407784872181,-0.543175849133672,-0.345639720610689,0.0503918695211691,,,,,,,,,
348,phase_and_confounding,Aligned NB,large_scale_comparison,Wald,-0.597837000755621,-0.482825337873422,-0.652308370747047,-0.313342304999797,0.0864709351396045,,,,,,,,,
349,phase_and_confounding,ITS,large_scale_comparison,Wald,-0.597837000755621,-0.343688380087686,-0.556441454420549,-0.130935305754822,0.108547486904522,,,,,,,,,
349,phase_and_confounding,GAM,large_scale_comparison,Wald,-0.597837000755621,-0.702614220210235,-0.79518244477118,-0.610045995649289,0.0472286860004825,,,,,,,,,
349,phase_and_confounding,Aligned NB,large_scale_comparison,Wald,-0.597837000755621,-0.349657383689252,-0.558245298131153,-0.14106946924735,0.106422405327501,,,,,,,,,
350,phase_and_confounding,ITS,large_scale_comparison,Wald,-0.597837000755621,-0.307621671390838,-0.439054055593999,-0.176189287187676,0.0670573388791642,,,,,,,,,
350,phase_and_confounding,GAM,large_scale_comparison,Wald,-0.597837000755621,-0.290012299460689,-0.350569869342675,-0.229454729578704,0.0308967193275436,,,,,,,,,
350,phase_and_confounding,Aligned NB,large_scale_comparison,Wald,-0.597837000755621,-0.336210894235083,-0.463163602863695,-0.209258185606471,0.0647717901166389,,,,,,,,,
351,phase_and_confounding,ITS,large_scale_comparison,Wald,-0.597837000755621,-0.604078315324339,-0.730376332217694,-0.477780298430985,0.0644377637210994,,,,,,,,,
351,phase_and_confounding,GAM,large_scale_comparison,Wald,-0.597837000755621,-0.458584968841288,-0.524358910718012,-0.392811026964564,0.0335581336105736,,,,,,,,,
351,phase_and_confounding,Aligned NB,large_scale_comparison,Wald,-0.597837000755621,-0.617750162080623,-0.742961043479627,-0.492539280681619,0.0638831027545941,,,,,,,,,
352,phase_and_confounding,ITS,large_scale_comparison,Wald,-0.597837000755621,-0.388091374482636,-0.533868309959509,-0.242314439005764,0.0743759874882001,,,,,,,,,
352,phase_and_confounding,GAM,large_scale_comparison,Wald,-0.597837000755621,-0.629600643057681,-0.712387778045005,-0.546813508070356,0.0422383341772064,,,,,,,,,
352,phase_and_confounding,Aligned NB,large_scale_comparison,Wald,-0.597837000755621,-0.400275947850527,-0.544478859580285,-0.256073036120768,0.0735729141478361,,,,,,,,,
353,phase_and_confounding,ITS,large_scale_comparison,Wald,-0.597837000755621,-0.427854643128248,-0.505979968696248,-0.349729317560249,0.0398598599836733,,,,,,,,,
353,phase_and_confounding,GAM,large_scale_comparison,Wald,-0.597837000755621,-0.352550415435901,-0.412935893881833,-0.292164936989968,0.0308089175744554,,,,,,,,,
353,phase_and_confounding,Aligned NB,large_scale_comparison,Wald,-0.597837000755621,-0.440784683926821,-0.517762590786382,-0.36380677706726,0.0392744422752862,,,,,,,,,
354,phase_and_confounding,ITS,large_scale_comparison,Wald,-0.597837000755621,-0.378680893703654,-0.466138711010342,-0.291223076396965,0.0446213353605553,,,,,,,,,
354,phase_and_confounding,GAM,large_scale_comparison,Wald,-0.597837000755621,-0.642486001444677,-0.738374757800698,-0.546597245088657,0.0489228348755206,,,,,,,,,
354,phase_and_confounding,Aligned NB,large_scale_comparison,Wald,-0.597837000755621,-0.379287877260499,-0.466753889126854,-0.291821865394144,0.0446255162583443,,,,,,,,,
355,phase_and_confounding,ITS,large_scale_comparison,Wald,-0.597837000755621,-0.489526066525211,-0.591292292075877,-0.387759840974544,0.0519215436482992,,,,,,,,,
355,phase_and_confounding,GAM,large_scale_comparison,Wald,-0.597837000755621,-0.393316824371633,-0.465937335838474,-0.320696312904793,0.0370512813606329,,,,,,,,,
355,phase_and_confounding,Aligned NB,large_scale_comparison,Wald,-0.597837000755621,-0.494251103950911,-0.595627100295413,-0.392875107606409,0.051722447114542,,,,,,,,,
356,phase_and_confounding,ITS,large_scale_comparison,Wald,-0.597837000755621,-0.367669880413947,-0.553427557356332,-0.181912203471561,0.094774324970605,,,,,,,,,
356,phase_and_confounding,GAM,large_scale_comparison,Wald,-0.597837000755621,-0.283993779092314,-0.375921982574605,-0.192065575610023,0.046902144633822,,,,,,,,,
356,phase_and_confounding,Aligned NB,large_scale_comparison,Wald,-0.597837000755621,-0.380957019177102,-0.564946249215594,-0.196967789138611,0.0938720561420875,,,,,,,,,
357,phase_and_confounding,ITS,large_scale_comparison,Wald,-0.597837000755621,-0.467394857905564,-0.556653854771556,-0.378135861039573,0.0455403045234649,,,,,,,,,
357,phase_and_confounding,GAM,large_scale_comparison,Wald,-0.597837000755621,-0.410825976986282,-0.472950834832496,-0.348701119140067,0.0316963560439871,,,,,,,,,
357,phase_and_confounding,Aligned NB,large_scale_comparison,Wald,-0.597837000755621,-0.472631129768189,-0.561862119345972,-0.383400140190406,0.0455260150907057,,,,,,,,,
358,phase_and_confounding,ITS,large_scale_comparison,Wald,-0.597837000755621,-0.46961448585071,-0.591524956576606,-0.347704015124814,0.0621992197581101,,,,,,,,,
358,phase_and_confounding,GAM,large_scale_comparison,Wald,-0.597837000755621,-0.550771528766034,-0.614766693659623,-0.486776363872445,0.0326505943334637,,,,,,,,,
358,phase_and_confounding,Aligned NB,large_scale_comparison,Wald,-0.597837000755621,-0.501160384070981,-0.619357106590344,-0.382963661551618,0.0603044502649814,,,,,,,,,
359,phase_and_confounding,ITS,large_scale_comparison,Wald,-0.597837000755621,-0.362136762808315,-0.462652555349125,-0.261620970267505,0.0512835676228622,,,,,,,,,
359,phase_and_confounding,GAM,large_scale_comparison,Wald,-0.597837000755621,-0.313999447631373,-0.38323407043002,-0.244764824832726,0.0353237871421668,,,,,,,,,
359,phase_and_confounding,Aligned NB,large_scale_comparison,Wald,-0.597837000755621,-0.39468836996059,-0.492272555138463,-0.297104184782717,0.0497878495805475,,,,,,,,,
360,phase_and_confounding,ITS,large_scale_comparison,Wald,-0.597837000755621,-0.510049193582671,-0.602278137815148,-0.417820249350193,0.0470555837920804,,,,,,,,,
360,phase_and_confounding,GAM,large_scale_comparison,Wald,-0.597837000755621,-0.409178955756861,-0.477287575797081,-0.341070335716641,0.0347492959388876,,,,,,,,,
360,phase_and_confounding,Aligned NB,large_scale_comparison,Wald,-0.597837000755621,-0.534147762250946,-0.625322633344625,-0.442972891157266,0.0465177913743263,,,,,,,,,
361,phase_and_confounding,ITS,large_scale_comparison,Wald,-0.597837000755621,-0.354452695725097,-0.442502125683046,-0.266403265767149,0.0449231785499739,,,,,,,,,
361,phase_and_confounding,GAM,large_scale_comparison,Wald,-0.597837000755621,-0.401614854501881,-0.466231307969658,-0.336998401034103,0.0329675782998864,,,,,,,,,
361,phase_and_confounding,Aligned NB,large_scale_comparison,Wald,-0.597837000755621,-0.360709842250538,-0.448275391413034,-0.273144293088042,0.0446763005931101,,,,,,,,,
362,phase_and_confounding,ITS,large_scale_comparison,Wald,-0.597837000755621,-0.530098220330141,-0.647969158667073,-0.412227281993209,0.0601382338453734,,,,,,,,,
362,phase_and_confounding,GAM,large_scale_comparison,Wald,-0.597837000755621,-0.488359049607952,-0.54614441426324,-0.430573684952663,0.0294823289057592,,,,,,,,,
362,phase_and_confounding,Aligned NB,large_scale_comparison,Wald,-0.597837000755621,-0.57373997200012,-0.690063027780355,-0.457416916219885,0.0593484978470585,,,,,,,,,
363,phase_and_confounding,ITS,large_scale_comparison,Wald,-0.597837000755621,-0.508872769597021,-0.650154693007476,-0.367590846186566,0.072082613984926,,,,,,,,,
363,phase_and_confounding,GAM,large_scale_comparison,Wald,-0.597837000755621,-0.443036206724665,-0.516704275483437,-0.369368137965894,0.0375857493667202,,,,,,,,,
363,phase_and_confounding,Aligned NB,large_scale_comparison,Wald,-0.597837000755621,-0.5297642724275,-0.668769069528289,-0.390759475326711,0.0709208148473414,,,,,,,,,
364,phase_and_confounding,ITS,large_scale_comparison,Wald,-0.597837000755621,-0.3720400886158,-0.48652829845077,-0.25755187878083,0.0584123519566172,,,,,,,,,
364,phase_and_confounding,GAM,large_scale_comparison,Wald,-0.597837000755621,-0.470391209128164,-0.552681906952135,-0.388100511304194,0.0419850499101888,,,,,,,,,
364,phase_and_confounding,Aligned NB,large_scale_comparison,Wald,-0.597837000755621,-0.391659507704714,-0.503388266747711,-0.279930748661717,0.0570044688994883,,,,,,,,,
365,phase_and_confounding,ITS,large_scale_comparison,Wald,-0.597837000755621,-0.450986535210855,-0.520803802234769,-0.381169268186941,0.0356210546040377,,,,,,,,,
365,phase_and_confounding,GAM,large_scale_comparison,Wald,-0.597837000755621,-0.344972623187208,-0.403870743698703,-0.286074502675713,0.0300500614854566,,,,,,,,,
365,phase_and_confounding,Aligned NB,large_scale_comparison,Wald,-0.597837000755621,-0.474702298413026,-0.543952973933775,-0.405451622892277,0.0353319773065045,,,,,,,,,
366,phase_and_confounding,ITS,large_scale_comparison,Wald,-0.597837000755621,-0.33249622830413,-0.42684441909716,-0.2381480375111,0.0481368320372602,,,,,,,,,
366,phase_and_confounding,GAM,large_scale_comparison,Wald,-0.597837000755621,-0.37274023555925,-0.426069650754759,-0.319410820363741,0.0272088853038313,,,,,,,,,
366,phase_and_confounding,Aligned NB,large_scale_comparison,Wald,-0.597837000755621,-0.355221196796043,-0.447413742422138,-0.263028651169948,0.0470370130745381,,,,,,,,,
367,phase_and_confounding,ITS,large_scale_comparison,Wald,-0.597837000755621,-0.367738300223778,-0.510482815616841,-0.224993784830714,0.0728288343842161,,,,,,,,,
367,phase_and_confounding,GAM,large_scale_comparison,Wald,-0.597837000755621,-0.583135219435356,-0.670897724400095,-0.495372714470617,0.0447767882473157,,,,,,,,,
367,phase_and_confounding,Aligned NB,large_scale_comparison,Wald,-0.597837000755621,-0.372553226989652,-0.51492344620827,-0.230183007771033,0.0726378669482746,,,,,,,,,
368,phase_and_confounding,ITS,large_scale_comparison,Wald,-0.597837000755621,-0.447658463604417,-0.593009341633559,-0.302307585575276,0.074158611239358,,,,,,,,,
368,phase_and_confounding,GAM,large_scale_comparison,Wald,-0.597837000755621,-0.382792463076975,-0.466856870627477,-0.298728055526473,0.042890003852297,,,,,,,,,
368,phase_and_confounding,Aligned NB,large_scale_comparison,Wald,-0.597837000755621,-0.500346040319009,-0.649797165426022,-0.350894915211995,0.0762505740341906,,,,,,,,,
369,phase_and_confounding,ITS,large_scale_comparison,Wald,-0.597837000755621,-0.43679571029053,-0.602637351892877,-0.270954068688184,0.0846130824501769,,,,,,,,,
369,phase_and_confounding,GAM,large_scale_comparison,Wald,-0.597837000755621,-0.257692845053739,-0.35785869401927,-0.157526996088209,0.0511050249824137,,,,,,,,,
369,phase_and_confounding,Aligned NB,large_scale_comparison,Wald,-0.597837000755621,-0.442996729675239,-0.607116775642275,-0.278876683708202,0.0837347173301205,,,,,,,,,
370,phase_and_confounding,ITS,large_scale_comparison,Wald,-0.597837000755621,-0.380424990607848,-0.490408561697466,-0.27044141951823,0.056114066882458,,,,,,,,,
370,phase_and_confounding,GAM,large_scale_comparison,Wald,-0.597837000755621,-0.325461316124612,-0.379054047929812,-0.271868584319413,0.027343230512857,,,,,,,,,
370,phase_and_confounding,Aligned NB,large_scale_comparison,Wald,-0.597837000755621,-0.439886506782276,-0.545725627977542,-0.33404738558701,0.0539995516302378,,,,,,,,,
371,phase_and_confounding,ITS,large_scale_comparison,Wald,-0.597837000755621,-0.450467962656504,-0.531273600428187,-0.36966232488482,0.0412273662100425,,,,,,,,,
371,phase_and_confounding,GAM,large_scale_comparison,Wald,-0.597837000755621,-0.423558642520431,-0.48023435208247,-0.366882932958392,0.028916178347979,,,,,,,,,
371,phase_and_confounding,Aligned NB,large_scale_comparison,Wald,-0.597837000755621,-0.472437415824124,-0.552884269679679,-0.39199056196857,0.0410443131916094,,,,,,,,,
372,phase_and_confounding,ITS,large_scale_comparison,Wald,-0.597837000755621,-0.329163005166323,-0.438845009391719,-0.219481000940927,0.0559602062374468,,,,,,,,,
372,phase_and_confounding,GAM,large_scale_comparison,Wald,-0.597837000755621,-0.295637841470808,-0.364755479671672,-0.226520203269944,0.0352641011228899,,,,,,,,,
372,phase_and_confounding,Aligned NB,large_scale_comparison,Wald,-0.597837000755621,-0.377789438230864,-0.482945128683047,-0.272633747778681,0.0536508624756036,,,,,,,,,
373,phase_and_confounding,ITS,large_scale_comparison,Wald,-0.597837000755621,-0.34187793060394,-0.467372931136927,-0.216382930070952,0.0640280614964223,,,,,,,,,
373,phase_and_confounding,GAM,large_scale_comparison,Wald,-0.597837000755621,-0.255424116263529,-0.332517905404397,-0.178330327122661,0.039333565888198,,,,,,,,,
373,phase_and_confounding,Aligned NB,large_scale_comparison,Wald,-0.597837000755621,-0.367506871872401,-0.489606990339903,-0.245406753404899,0.0622959788099501,,,,,,,,,
374,phase_and_confounding,ITS,large_scale_comparison,Wald,-0.597837000755621,-0.284463619305288,-0.408128595869272,-0.160798642741304,0.0630943757979508,,,,,,,,,
374,phase_and_confounding,GAM,large_scale_comparison,Wald,-0.597837000755621,-0.296186256313637,-0.379317189794301,-0.213055322832973,0.0424137415717674,,,,,,,,,
374,phase_and_confounding,Aligned NB,large_scale_comparison,Wald,-0.597837000755621,-0.301694267376384,-0.422971936426342,-0.180416598326426,0.0618763617601826,,,,,,,,,
375,phase_and_confounding,ITS,large_scale_comparison,Wald,-0.597837000755621,-0.437806940072342,-0.552625814203401,-0.322988065941282,0.0585810582301325,,,,,,,,,
375,phase_and_confounding,GAM,large_scale_comparison,Wald,-0.597837000755621,-0.320346300384884,-0.393193690484811,-0.247498910284958,0.0371670357652687,,,,,,,,,
375,phase_and_confounding,Aligned NB,large_scale_comparison,Wald,-0.597837000755621,-0.448848731239955,-0.562065279240321,-0.335632183239589,0.057763544898146,,,,,,,,,
376,phase_and_confounding,ITS,large_scale_comparison,Wald,-0.597837000755621,-0.475837731268021,-0.570485148433248,-0.381190314102793,0.0482894985536874,,,,,,,,,
376,phase_and_confounding,GAM,large_scale_comparison,Wald,-0.597837000755621,-0.442578280822139,-0.498596835022743,-0.386559726621535,0.0285808950003084,,,,,,,,,
376,phase_and_confounding,Aligned NB,large_scale_comparison,Wald,-0.597837000755621,-0.481221382276168,-0.575562469225315,-0.386880295327021,0.048133207627116,,,,,,,,,
377,phase_and_confounding,ITS,large_scale_comparison,Wald,-0.597837000755621,-0.411377249393153,-0.500452664973194,-0.322301833813111,0.0454466406020622,,,,,,,,,
377,phase_and_confounding,GAM,large_scale_comparison,Wald,-0.597837000755621,-0.356587952232199,-0.421242109964625,-0.291933794499773,0.0329868151696049,,,,,,,,,
377,phase_and_confounding,Aligned NB,large_scale_comparison,Wald,-0.597837000755621,-0.434401426404179,-0.52152992481635,-0.347272927992007,0.0444533155164142,,,,,,,,,
378,phase_and_confounding,ITS,large_scale_comparison,Wald,-0.597837000755621,-0.398456745471245,-0.550487864892588,-0.246425626049903,0.0775668976639501,,,,,,,,,
378,phase_and_confounding,GAM,large_scale_comparison,Wald,-0.597837000755621,-0.323546540367828,-0.424776422522986,-0.22231665821267,0.0516478990587542,,,,,,,,,
378,phase_and_confounding,Aligned NB,large_scale_comparison,Wald,-0.597837000755621,-0.416381754270944,-0.56509941879121,-0.267664089750679,0.0758763594491149,,,,,,,,,
379,phase_and_confounding,ITS,large_scale_comparison,Wald,-0.597837000755621,-0.465396540238368,-0.581808786715874,-0.348984293760862,0.0593940033048501,,,,,,,,,
379,phase_and_confounding,GAM,large_scale_comparison,Wald,-0.597837000755621,-0.482957943097323,-0.561238824198963,-0.404677061995683,0.039939225051857,,,,,,,,,
379,phase_and_confounding,Aligned NB,large_scale_comparison,Wald,-0.597837000755621,-0.486927315655348,-0.600881402970368,-0.372973228340329,0.0581398404668466,,,,,,,,,
380,phase_and_confounding,ITS,large_scale_comparison,Wald,-0.597837000755621,-0.417262707610876,-0.530935872415128,-0.303589542806624,0.0579965126552306,,,,,,,,,
380,phase_and_confounding,GAM,large_scale_comparison,Wald,-0.597837000755621,-0.571710731695011,-0.651360558976667,-0.492060904413355,0.0406376669804367,,,,,,,,,
380,phase_and_confounding,Aligned NB,large_scale_comparison,Wald,-0.597837000755621,-0.422814131817057,-0.536031339393872,-0.309596924240242,0.0577638814167423,,,,,,,,,
381,phase_and_confounding,ITS,large_scale_comparison,Wald,-0.597837000755621,-0.275237883962558,-0.371726760627802,-0.178749007297313,0.0492290187067574,,,,,,,,,
381,phase_and_confounding,GAM,large_scale_comparison,Wald,-0.597837000755621,-0.424341762457955,-0.491544870458587,-0.357138654457323,0.0342873000003225,,,,,,,,,
381,phase_and_confounding,Aligned NB,large_scale_comparison,Wald,-0.597837000755621,-0.279384468171825,-0.374479168522816,-0.184289767820835,0.0485177042607094,,,,,,,,,
382,phase_and_confounding,ITS,large_scale_comparison,Wald,-0.597837000755621,-0.277204923989661,-0.480390415664795,-0.0740194323145276,0.103666067181191,,,,,,,,,
382,phase_and_confounding,GAM,large_scale_comparison,Wald,-0.597837000755621,-0.65669153479842,-0.732438714443182,-0.580944355153659,0.038646520226919,,,,,,,,,
382,phase_and_confounding,Aligned NB,large_scale_comparison,Wald,-0.597837000755621,-0.303099135441548,-0.502085051061951,-0.104113219821145,0.10152342633694,,,,,,,,,
383,phase_and_confounding,ITS,large_scale_comparison,Wald,-0.597837000755621,-0.438143154902335,-0.556052498819949,-0.320233810984722,0.0601578285293947,,,,,,,,,
383,phase_and_confounding,GAM,large_scale_comparison,Wald,-0.597837000755621,-0.487487074839288,-0.563848169680837,-0.411125979997739,0.0389597422660964,,,,,,,,,
383,phase_and_confounding,Aligned NB,large_scale_comparison,Wald,-0.597837000755621,-0.479383220183556,-0.595959604326834,-0.362806836040278,0.0594777470118765,,,,,,,,,
384,phase_and_confounding,ITS,large_scale_comparison,Wald,-0.597837000755621,-0.181064156316498,-0.299409114130904,-0.0627191985020925,0.0603800805175539,,,,,,,,,
384,phase_and_confounding,GAM,large_scale_comparison,Wald,-0.597837000755621,-0.0827232646437527,-0.162325868209273,-0.00312066107823251,0.0406135732477144,,,,,,,,,
384,phase_and_confounding,Aligned NB,large_scale_comparison,Wald,-0.597837000755621,-0.212529168334899,-0.322979649256645,-0.102078687413153,0.0563522861845642,,,,,,,,,
385,phase_and_confounding,ITS,large_scale_comparison,Wald,-0.597837000755621,-0.4798995990913,-0.611972723349461,-0.347826474833139,0.0673842470704904,,,,,,,,,
385,phase_and_confounding,GAM,large_scale_comparison,Wald,-0.597837000755621,-0.409369838970851,-0.4713634765475,-0.347376201394202,0.0316294069268618,,,,,,,,,
385,phase_and_confounding,Aligned NB,large_scale_comparison,Wald,-0.597837000755621,-0.518098600746866,-0.648043483498858,-0.388153717994873,0.0662984095673432,,,,,,,,,
386,phase_and_confounding,ITS,large_scale_comparison,Wald,-0.597837000755621,-0.462769545947842,-0.569973851632183,-0.355565240263502,0.0546960743287451,,,,,,,,,
386,phase_and_confounding,GAM,large_scale_comparison,Wald,-0.597837000755621,-0.383061657324816,-0.461439332956029,-0.304683981693604,0.0399886100159246,,,,,,,,,
386,phase_and_confounding,Aligned NB,large_scale_comparison,Wald,-0.597837000755621,-0.473631211557173,-0.580434544719719,-0.366827878394626,0.0544914965115034,,,,,,,,,
387,phase_and_confounding,ITS,large_scale_comparison,Wald,-0.597837000755621,-0.339027377650874,-0.444113972224209,-0.233940783077539,0.0536156094761913,,,,,,,,,
387,phase_and_confounding,GAM,large_scale_comparison,Wald,-0.597837000755621,-0.369748194759776,-0.444141699326361,-0.295354690193191,0.037955869676829,,,,,,,,,
387,phase_and_confounding,Aligned NB,large_scale_comparison,Wald,-0.597837000755621,-0.345630215809126,-0.449336769805803,-0.241923661812449,0.0529115071411617,,,,,,,,,
388,phase_and_confounding,ITS,large_scale_comparison,Wald,-0.597837000755621,-0.409344131396369,-0.515820067507565,-0.302868195285173,0.0543244571995897,,,,,,,,,
388,phase_and_confounding,GAM,large_scale_comparison,Wald,-0.597837000755621,-0.353772195843134,-0.412617789576549,-0.294926602109719,0.0300232621088852,,,,,,,,,
388,phase_and_confounding,Aligned NB,large_scale_comparison,Wald,-0.597837000755621,-0.44980336161216,-0.552619004215028,-0.346987719009293,0.0524569605116671,,,,,,,,,
389,phase_and_confounding,ITS,large_scale_comparison,Wald,-0.597837000755621,-0.491342878171341,-0.580387904836285,-0.402297851506396,0.0454311360535431,,,,,,,,,
389,phase_and_confounding,GAM,large_scale_comparison,Wald,-0.597837000755621,-0.468982068804368,-0.537143454686562,-0.400820682922174,0.0347762172868338,,,,,,,,,
389,phase_and_confounding,Aligned NB,large_scale_comparison,Wald,-0.597837000755621,-0.507901307627516,-0.595793433363147,-0.420009181891884,0.0448429212936896,,,,,,,,,
390,phase_and_confounding,ITS,large_scale_comparison,Wald,-0.597837000755621,-0.388052229860087,-0.488125040799201,-0.287979418920974,0.0510575566015885,,,,,,,,,
390,phase_and_confounding,GAM,large_scale_comparison,Wald,-0.597837000755621,-0.306915343989518,-0.378942112138318,-0.234888575840717,0.0367483510963266,,,,,,,,,
390,phase_and_confounding,Aligned NB,large_scale_comparison,Wald,-0.597837000755621,-0.399817826528094,-0.498694147001047,-0.300941506055142,0.0504471022821186,,,,,,,,,
391,phase_and_confounding,ITS,large_scale_comparison,Wald,-0.597837000755621,-0.439107790149383,-0.516713085913158,-0.361502494385608,0.0395945386549872,,,,,,,,,
391,phase_and_confounding,GAM,large_scale_comparison,Wald,-0.597837000755621,-0.566392165690307,-0.623268793029583,-0.509515538351031,0.0290186874179979,,,,,,,,,
391,phase_and_confounding,Aligned NB,large_scale_comparison,Wald,-0.597837000755621,-0.451277168043742,-0.528075350348443,-0.374478985739042,0.0391827460738266,,,,,,,,,
392,phase_and_confounding,ITS,large_scale_comparison,Wald,-0.597837000755621,-0.340159752437033,-0.433199676767931,-0.247119828106135,0.0474693491484172,,,,,,,,,
392,phase_and_confounding,GAM,large_scale_comparison,Wald,-0.597837000755621,-0.301155706978134,-0.367792824907302,-0.234518589048966,0.033998529555698,,,,,,,,,
392,phase_and_confounding,Aligned NB,large_scale_comparison,Wald,-0.597837000755621,-0.359154302317575,-0.450118315888934,-0.268190288746216,0.0464102110057956,,,,,,,,,
393,phase_and_confounding,ITS,large_scale_comparison,Wald,-0.597837000755621,-0.473505505356673,-0.59451598274248,-0.352495027970866,0.0617400394825545,,,,,,,,,
393,phase_and_confounding,GAM,large_scale_comparison,Wald,-0.597837000755621,-0.480300532675899,-0.56291321940732,-0.397687845944478,0.0421493299650106,,,,,,,,,
393,phase_and_confounding,Aligned NB,large_scale_comparison,Wald,-0.597837000755621,-0.491908470042183,-0.610420785623637,-0.373396154460728,0.0604654671333951,,,,,,,,,
394,phase_and_confounding,ITS,large_scale_comparison,Wald,-0.597837000755621,-0.507618920012512,-0.703122907761936,-0.312114932263088,0.0997469325252164,,,,,,,,,
394,phase_and_confounding,GAM,large_scale_comparison,Wald,-0.597837000755621,-0.370203288879334,-0.439642504453312,-0.300764073305356,0.0354281712112133,,,,,,,,,
394,phase_and_confounding,Aligned NB,large_scale_comparison,Wald,-0.597837000755621,-0.539388473668328,-0.729883807469581,-0.348893139867075,0.097191496837374,,,,,,,,,
395,phase_and_confounding,ITS,large_scale_comparison,Wald,-0.597837000755621,-0.434681879850625,-0.534678521440395,-0.334685238260855,0.051018694688658,,,,,,,,,
395,phase_and_confounding,GAM,large_scale_comparison,Wald,-0.597837000755621,-0.525044097505559,-0.59081336343458,-0.459274831576538,0.0335557479229697,,,,,,,,,
395,phase_and_confounding,Aligned NB,large_scale_comparison,Wald,-0.597837000755621,-0.444036459092507,-0.542835698191934,-0.345237219993081,0.0504077750507278,,,,,,,,,
396,phase_and_confounding,ITS,large_scale_comparison,Wald,-0.597837000755621,-0.387626979858515,-0.540726630245001,-0.234527329472029,0.0781120665237172,,,,,,,,,
396,phase_and_confounding,GAM,large_scale_comparison,Wald,-0.597837000755621,-0.390862260939406,-0.474224004480526,-0.307500517398287,0.0425315018066936,,,,,,,,,
396,phase_and_confounding,Aligned NB,large_scale_comparison,Wald,-0.597837000755621,-0.388684321153697,-0.541488920127504,-0.235879722179889,0.0779615300886773,,,,,,,,,
397,phase_and_confounding,ITS,large_scale_comparison,Wald,-0.597837000755621,-0.473332426076486,-0.605294879887231,-0.341369972265741,0.0673277825565026,,,,,,,,,
397,phase_and_confounding,GAM,large_scale_comparison,Wald,-0.597837000755621,-0.426738590554584,-0.515252395775086,-0.338224785334082,0.0451601047043378,,,,,,,,,
397,phase_and_confounding,Aligned NB,large_scale_comparison,Wald,-0.597837000755621,-0.499090128481534,-0.628309275240099,-0.369870981722968,0.0659281361013091,,,,,,,,,
398,phase_and_confounding,ITS,large_scale_comparison,Wald,-0.597837000755621,-0.387842738787131,-0.478268361268684,-0.297417116305579,0.0461355216742613,,,,,,,,,
398,phase_and_confounding,GAM,large_scale_comparison,Wald,-0.597837000755621,-0.581285869832869,-0.644128675496736,-0.518443064169002,0.0320626559509526,,,,,,,,,
398,phase_and_confounding,Aligned NB,large_scale_comparison,Wald,-0.597837000755621,-0.413466615899285,-0.502776317682578,-0.324156914115993,0.0455661743792308,,,,,,,,,
399,phase_and_confounding,ITS,large_scale_comparison,Wald,-0.597837000755621,-0.554055084564853,-0.721656183353999,-0.386453985775707,0.0855107646883398,,,,,,,,,
399,phase_and_confounding,GAM,large_scale_comparison,Wald,-0.597837000755621,-0.455634492938407,-0.548080633328778,-0.363188352548036,0.0471663981583524,,,,,,,,,
399,phase_and_confounding,Aligned NB,large_scale_comparison,Wald,-0.597837000755621,-0.561990815596683,-0.728832346330607,-0.39514928486276,0.0851232299662873,,,,,,,,,
400,phase_and_confounding,ITS,large_scale_comparison,Wald,-0.597837000755621,-0.497248809666917,-0.570932006192494,-0.42356561314134,0.0375934676150902,,,,,,,,,
400,phase_and_confounding,GAM,large_scale_comparison,Wald,-0.597837000755621,-0.42547973703584,-0.477005199021628,-0.373954275050051,0.0262885010131573,,,,,,,,,
400,phase_and_confounding,Aligned NB,large_scale_comparison,Wald,-0.597837000755621,-0.54822685294679,-0.620027770574288,-0.476425935319292,0.0366331212385193,,,,,,,,,
401,phase_and_confounding,ITS,large_scale_comparison,Wald,-0.597837000755621,-0.418896091343928,-0.509203630564753,-0.328588552123103,0.0460752751126659,,,,,,,,,
401,phase_and_confounding,GAM,large_scale_comparison,Wald,-0.597837000755621,-0.630799695949195,-0.70103965264075,-0.56055973925764,0.0358367125977323,,,,,,,,,
401,phase_and_confounding,Aligned NB,large_scale_comparison,Wald,-0.597837000755621,-0.45656062014768,-0.544886732972,-0.368234507323359,0.0450643432777147,,,,,,,,,
402,phase_and_confounding,ITS,large_scale_comparison,Wald,-0.597837000755621,-0.475706390984801,-0.580401835136981,-0.37101094683262,0.0534160429347861,,,,,,,,,
402,phase_and_confounding,GAM,large_scale_comparison,Wald,-0.597837000755621,-0.365691485392277,-0.431802335612719,-0.299580635171836,0.0337300256226744,,,,,,,,,
402,phase_and_confounding,Aligned NB,large_scale_comparison,Wald,-0.597837000755621,-0.493328213255401,-0.596847981177253,-0.389808445333549,0.0528162081233938,,,,,,,,,
403,phase_and_confounding,ITS,large_scale_comparison,Wald,-0.597837000755621,-0.287353495623613,-0.464388851204133,-0.110318140043092,0.0903241610104695,,,,,,,,,
403,phase_and_confounding,GAM,large_scale_comparison,Wald,-0.597837000755621,-0.432236804885121,-0.531107933758996,-0.333365676011247,0.0504444535070788,,,,,,,,,
403,phase_and_confounding,Aligned NB,large_scale_comparison,Wald,-0.597837000755621,-0.304902798011514,-0.476137515471661,-0.133668080551367,0.0873646517653813,,,,,,,,,
404,phase_and_confounding,ITS,large_scale_comparison,Wald,-0.597837000755621,-0.68849342638827,-0.914533056905936,-0.462453795870604,0.11532634210085,,,,,,,,,
404,phase_and_confounding,GAM,large_scale_comparison,Wald,-0.597837000755621,-0.531536259207608,-0.615684689730849,-0.447387828684366,0.0429328727159395,,,,,,,,,
404,phase_and_confounding,Aligned NB,large_scale_comparison,Wald,-0.597837000755621,-0.724738196287239,-0.945496252016803,-0.503980140557676,0.112631661086512,,,,,,,,,
405,phase_and_confounding,ITS,large_scale_comparison,Wald,-0.597837000755621,-0.420807147411999,-0.568590776223582,-0.273023518600416,0.0753998106181548,,,,,,,,,
405,phase_and_confounding,GAM,large_scale_comparison,Wald,-0.597837000755621,-0.660238983108026,-0.759833297056473,-0.56064466915958,0.0508134254839011,,,,,,,,,
405,phase_and_confounding,Aligned NB,large_scale_comparison,Wald,-0.597837000755621,-0.434563764325798,-0.580760249201191,-0.288367279450405,0.0745900433037719,,,,,,,,,
406,phase_and_confounding,ITS,large_scale_comparison,Wald,-0.597837000755621,-0.472286158852072,-0.572374871189658,-0.372197446514487,0.0510656695599927,,,,,,,,,
406,phase_and_confounding,GAM,large_scale_comparison,Wald,-0.597837000755621,-0.551577349735454,-0.619042273737718,-0.484112425733189,0.034420879592992,,,,,,,,,
406,phase_and_confounding,Aligned NB,large_scale_comparison,Wald,-0.597837000755621,-0.47718008099506,-0.576612700753551,-0.377747461236569,0.0507309284482096,,,,,,,,,
407,phase_and_confounding,ITS,large_scale_comparison,Wald,-0.597837000755621,-0.461144934107802,-0.567688590908519,-0.354601277307086,0.0543590085717941,,,,,,,,,
407,phase_and_confounding,GAM,large_scale_comparison,Wald,-0.597837000755621,-0.237336828207651,-0.305645995037843,-0.169027661377459,0.0348516157296898,,,,,,,,,
407,phase_and_confounding,Aligned NB,large_scale_comparison,Wald,-0.597837000755621,-0.493750012022882,-0.597842619820709,-0.389657404225056,0.053108473366238,,,,,,,,,
408,phase_and_confounding,ITS,large_scale_comparison,Wald,-0.597837000755621,-0.508398195226303,-0.589417702429032,-0.427378688023574,0.0413364832666986,,,,,,,,,
408,phase_and_confounding,GAM,large_scale_comparison,Wald,-0.597837000755621,-0.394846936457898,-0.452211281994846,-0.337482590920949,0.0292675232331371,,,,,,,,,
408,phase_and_confounding,Aligned NB,large_scale_comparison,Wald,-0.597837000755621,-0.529820903235747,-0.610489652689336,-0.449152153782159,0.0411575252314226,,,,,,,,,
409,phase_and_confounding,ITS,large_scale_comparison,Wald,-0.597837000755621,-0.508484592268427,-0.607025956589814,-0.40994322794704,0.0502762062864218,,,,,,,,,
409,phase_and_confounding,GAM,large_scale_comparison,Wald,-0.597837000755621,-0.4413368935008,-0.51353747079367,-0.369136316207929,0.0368370292310563,,,,,,,,,
409,phase_and_confounding,Aligned NB,large_scale_comparison,Wald,-0.597837000755621,-0.514810352899259,-0.613254080121345,-0.416366625677173,0.0502263914398398,,,,,,,,,
410,phase_and_confounding,ITS,large_scale_comparison,Wald,-0.597837000755621,-0.586909535432988,-0.839371221600965,-0.33444784926501,0.128806982738764,,,,,,,,,
410,phase_and_confounding,GAM,large_scale_comparison,Wald,-0.597837000755621,-0.608810445166359,-0.700991707123637,-0.516629183209081,0.047031256100652,,,,,,,,,
410,phase_and_confounding,Aligned NB,large_scale_comparison,Wald,-0.597837000755621,-0.608070641601781,-0.859215720274744,-0.356925562928819,0.128135244220899,,,,,,,,,
411,phase_and_confounding,ITS,large_scale_comparison,Wald,-0.597837000755621,-0.486036298849868,-0.608224392836056,-0.363848204863679,0.0623408642786678,,,,,,,,,
411,phase_and_confounding,GAM,large_scale_comparison,Wald,-0.597837000755621,-0.473381062999889,-0.552639674234939,-0.394122451764838,0.0404380669566583,,,,,,,,,
411,phase_and_confounding,Aligned NB,large_scale_comparison,Wald,-0.597837000755621,-0.50491149777248,-0.625803587924997,-0.384019407619963,0.0616796378329169,,,,,,,,,
412,phase_and_confounding,ITS,large_scale_comparison,Wald,-0.597837000755621,-0.476889331901008,-0.609253541930007,-0.344525121872009,0.0675327602188769,,,,,,,,,
412,phase_and_confounding,GAM,large_scale_comparison,Wald,-0.597837000755621,-0.642814922775905,-0.713210884258157,-0.572418961293653,0.0359163068787,,,,,,,,,
412,phase_and_confounding,Aligned NB,large_scale_comparison,Wald,-0.597837000755621,-0.50093479384344,-0.632762629033185,-0.369106958653694,0.0672590995866047,,,,,,,,,
413,phase_and_confounding,ITS,large_scale_comparison,Wald,-0.597837000755621,-0.369290855019649,-0.48097306867996,-0.257608641359338,0.0569807212552607,,,,,,,,,
413,phase_and_confounding,GAM,large_scale_comparison,Wald,-0.597837000755621,-0.299816558755431,-0.373265771239679,-0.226367346271184,0.0374740880021671,,,,,,,,,
413,phase_and_confounding,Aligned NB,large_scale_comparison,Wald,-0.597837000755621,-0.379089344006336,-0.490049048939679,-0.268129639072994,0.0566120943537463,,,,,,,,,
414,phase_and_confounding,ITS,large_scale_comparison,Wald,-0.597837000755621,-0.458372290838615,-0.546908324093093,-0.369836257584137,0.045171445537999,,,,,,,,,
414,phase_and_confounding,GAM,large_scale_comparison,Wald,-0.597837000755621,-0.47057503562168,-0.543610838282605,-0.397539232960755,0.0372631646229211,,,,,,,,,
414,phase_and_confounding,Aligned NB,large_scale_comparison,Wald,-0.597837000755621,-0.461760377899466,-0.550167141738739,-0.373353614060193,0.0451054917547313,,,,,,,,,
415,phase_and_confounding,ITS,large_scale_comparison,Wald,-0.597837000755621,-0.411233135058346,-0.581062175771047,-0.241404094345644,0.0866474697513782,,,,,,,,,
415,phase_and_confounding,GAM,large_scale_comparison,Wald,-0.597837000755621,-0.555778192210115,-0.655720955328447,-0.455835429091783,0.0509912056726185,,,,,,,,,
415,phase_and_confounding,Aligned NB,large_scale_comparison,Wald,-0.597837000755621,-0.449963015004301,-0.610206342034308,-0.289719687974294,0.0817567995051056,,,,,,,,,
416,phase_and_confounding,ITS,large_scale_comparison,Wald,-0.597837000755621,-0.552512392902485,-0.731328575544766,-0.373696210260204,0.0912327462460618,,,,,,,,,
416,phase_and_confounding,GAM,large_scale_comparison,Wald,-0.597837000755621,-0.536462538864094,-0.643140283445523,-0.429784794282664,0.0544274207048108,,,,,,,,,
416,phase_and_confounding,Aligned NB,large_scale_comparison,Wald,-0.597837000755621,-0.578159063394236,-0.752034273577378,-0.404283853211095,0.0887118419301743,,,,,,,,,
417,phase_and_confounding,ITS,large_scale_comparison,Wald,-0.597837000755621,-0.462168742699091,-0.601546745508604,-0.322790739889578,0.0711112259232211,,,,,,,,,
417,phase_and_confounding,GAM,large_scale_comparison,Wald,-0.597837000755621,-0.49760801548016,-0.581751815284025,-0.413464215676296,0.0429305101040125,,,,,,,,,
417,phase_and_confounding,Aligned NB,large_scale_comparison,Wald,-0.597837000755621,-0.503724969120505,-0.635408726117336,-0.372041212123675,0.0671855903045052,,,,,,,,,
418,phase_and_confounding,ITS,large_scale_comparison,Wald,-0.597837000755621,-0.402426022753303,-0.489940758452549,-0.314911287054057,0.0446503753567581,,,,,,,,,
418,phase_and_confounding,GAM,large_scale_comparison,Wald,-0.597837000755621,-0.474470462986254,-0.527952978022467,-0.420987947950042,0.0272869974674554,,,,,,,,,
418,phase_and_confounding,Aligned NB,large_scale_comparison,Wald,-0.597837000755621,-0.409490313391133,-0.496468594286453,-0.322512032495813,0.0443766739261837,,,,,,,,,
419,phase_and_confounding,ITS,large_scale_comparison,Wald,-0.597837000755621,-0.280045294276355,-0.401060527273431,-0.159030061279279,0.0617424658148345,,,,,,,,,
419,phase_and_confounding,GAM,large_scale_comparison,Wald,-0.597837000755621,-0.533611997219189,-0.603286598924274,-0.463937395514105,0.0355482661760635,,,,,,,,,
419,phase_and_confounding,Aligned NB,large_scale_comparison,Wald,-0.597837000755621,-0.324194298605768,-0.441282970672969,-0.207105626538566,0.0597391184016334,,,,,,,,,
420,phase_and_confounding,ITS,large_scale_comparison,Wald,-0.597837000755621,-0.623211869048753,-0.729453265582947,-0.516970472514559,0.054204794150099,,,,,,,,,
420,phase_and_confounding,GAM,large_scale_comparison,Wald,-0.597837000755621,-0.470383362814359,-0.524634616501018,-0.416132109127699,0.0276792110646224,,,,,,,,,
420,phase_and_confounding,Aligned NB,large_scale_comparison,Wald,-0.597837000755621,-0.631046435945814,-0.737036042105439,-0.52505682978619,0.054076329673278,,,,,,,,,
421,phase_and_confounding,ITS,large_scale_comparison,Wald,-0.597837000755621,-0.529056885738352,-0.640445823470448,-0.417667948006256,0.0568310906796409,,,,,,,,,
421,phase_and_confounding,GAM,large_scale_comparison,Wald,-0.597837000755621,-0.529103426274333,-0.609825782464751,-0.448381070083916,0.041184875607356,,,,,,,,,
421,phase_and_confounding,Aligned NB,large_scale_comparison,Wald,-0.597837000755621,-0.556596637535413,-0.66614783736651,-0.447045437704316,0.0558934693015802,,,,,,,,,
422,phase_and_confounding,ITS,large_scale_comparison,Wald,-0.597837000755621,-0.333831370794853,-0.463588924482823,-0.204073817106883,0.0662028335142704,,,,,,,,,
422,phase_and_confounding,GAM,large_scale_comparison,Wald,-0.597837000755621,-0.309359459144869,-0.389268662036451,-0.229450256253288,0.0407700014752966,,,,,,,,,
422,phase_and_confounding,Aligned NB,large_scale_comparison,Wald,-0.597837000755621,-0.350910187664384,-0.478941878250056,-0.222878497078713,0.0653222911151384,,,,,,,,,
423,phase_and_confounding,ITS,large_scale_comparison,Wald,-0.597837000755621,-0.437530572910274,-0.58351408709076,-0.291547058729788,0.0744813847859623,,,,,,,,,
423,phase_and_confounding,GAM,large_scale_comparison,Wald,-0.597837000755621,-0.583515230602676,-0.671538151292175,-0.495492309913177,0.0449096534130099,,,,,,,,,
423,phase_and_confounding,Aligned NB,large_scale_comparison,Wald,-0.597837000755621,-0.46355135416552,-0.603810836957641,-0.323291871373399,0.0715609606082252,,,,,,,,,
424,phase_and_confounding,ITS,large_scale_comparison,Wald,-0.597837000755621,-0.276246402695553,-0.484000701297662,-0.0684921040934435,0.105997091123525,,,,,,,,,
424,phase_and_confounding,GAM,large_scale_comparison,Wald,-0.597837000755621,-0.584256043740017,-0.673098372175418,-0.495413715304616,0.0453277185894902,,,,,,,,,
424,phase_and_confounding,Aligned NB,large_scale_comparison,Wald,-0.597837000755621,-0.276990981913328,-0.481618693865551,-0.072363269961105,0.104401893853175,,,,,,,,,
425,phase_and_confounding,ITS,large_scale_comparison,Wald,-0.597837000755621,-0.254907222994108,-0.398382241339722,-0.111432204648495,0.0732015399722518,,,,,,,,,
425,phase_and_confounding,GAM,large_scale_comparison,Wald,-0.597837000755621,-0.301530772893472,-0.398402071401947,-0.204659474384998,0.0494241318920787,,,,,,,,,
425,phase_and_confounding,Aligned NB,large_scale_comparison,Wald,-0.597837000755621,-0.263800896961123,-0.404645823279409,-0.122955970642836,0.0718596562848401,,,,,,,,,
426,phase_and_confounding,ITS,large_scale_comparison,Wald,-0.597837000755621,-0.336441399883823,-0.475725754038234,-0.197157045729413,0.0710634459971482,,,,,,,,,
426,phase_and_confounding,GAM,large_scale_comparison,Wald,-0.597837000755621,-0.572503898338604,-0.666389899702888,-0.47861789697432,0.0479010211042265,,,,,,,,,
426,phase_and_confounding,Aligned NB,large_scale_comparison,Wald,-0.597837000755621,-0.338042782808341,-0.475870281612811,-0.20021528400387,0.0703201524512604,,,,,,,,,
427,phase_and_confounding,ITS,large_scale_comparison,Wald,-0.597837000755621,-0.409882416940852,-0.51624388234335,-0.303520951538353,0.0542660537767849,,,,,,,,,
427,phase_and_confounding,GAM,large_scale_comparison,Wald,-0.597837000755621,-0.322051967334051,-0.375180813870857,-0.268923120797244,0.0271065543555136,,,,,,,,,
427,phase_and_confounding,Aligned NB,large_scale_comparison,Wald,-0.597837000755621,-0.459445561164729,-0.562553767311036,-0.356337355018421,0.0526062276256672,,,,,,,,,
428,phase_and_confounding,ITS,large_scale_comparison,Wald,-0.597837000755621,-0.456468549083302,-0.551948340960559,-0.360988757206045,0.0487141795292128,,,,,,,,,
428,phase_and_confounding,GAM,large_scale_comparison,Wald,-0.597837000755621,-0.42604108157133,-0.490578659628281,-0.361503503514379,0.0329273357433424,,,,,,,,,
428,phase_and_confounding,Aligned NB,large_scale_comparison,Wald,-0.597837000755621,-0.460859683583491,-0.555642350904972,-0.36607701626201,0.0483585037354496,,,,,,,,,
429,phase_and_confounding,ITS,large_scale_comparison,Wald,-0.597837000755621,-0.3927587599201,-0.540297414174052,-0.245220105666147,0.0752748235989553,,,,,,,,,
429,phase_and_confounding,GAM,large_scale_comparison,Wald,-0.597837000755621,-0.578526662977798,-0.6474421674281,-0.509611158527496,0.0351609716583173,,,,,,,,,
429,phase_and_confounding,Aligned NB,large_scale_comparison,Wald,-0.597837000755621,-0.398552178596542,-0.542324475663817,-0.254779881529266,0.0733532127894262,,,,,,,,,
430,phase_and_confounding,ITS,large_scale_comparison,Wald,-0.597837000755621,-0.498270991377821,-0.690485511421345,-0.306056471334296,0.0980686326752676,,,,,,,,,
430,phase_and_confounding,GAM,large_scale_comparison,Wald,-0.597837000755621,-0.190761526513308,-0.255571958410408,-0.125951094616209,0.0330665468862755,,,,,,,,,
430,phase_and_confounding,Aligned NB,large_scale_comparison,Wald,-0.597837000755621,-0.51263846778734,-0.702576263232933,-0.322700672341747,0.0969070384926494,,,,,,,,,
431,phase_and_confounding,ITS,large_scale_comparison,Wald,-0.597837000755621,-0.28279549681615,-0.434522479998058,-0.131068513634242,0.0774117261132182,,,,,,,,,
431,phase_and_confounding,GAM,large_scale_comparison,Wald,-0.597837000755621,-0.27309847305529,-0.359987138903423,-0.186209807207157,0.0443309519633332,,,,,,,,,
431,phase_and_confounding,Aligned NB,large_scale_comparison,Wald,-0.597837000755621,-0.309779659544907,-0.456389479496316,-0.163169839593498,0.0748009285466373,,,,,,,,,
432,phase_and_confounding,ITS,large_scale_comparison,Wald,-0.597837000755621,-0.448716265672755,-0.659999320763496,-0.237433210582015,0.107797477087112,,,,,,,,,
432,phase_and_confounding,GAM,large_scale_comparison,Wald,-0.597837000755621,-0.463518543365703,-0.586745411984085,-0.340291674747322,0.062870851335909,,,,,,,,,
432,phase_and_confounding,Aligned NB,large_scale_comparison,Wald,-0.597837000755621,-0.471865909239709,-0.678541079893872,-0.265190738585546,0.105446515639879,,,,,,,,,
433,phase_and_confounding,ITS,large_scale_comparison,Wald,-0.597837000755621,-0.664466737982377,-0.799019770353748,-0.529913705611006,0.068649506311924,,,,,,,,,
433,phase_and_confounding,GAM,large_scale_comparison,Wald,-0.597837000755621,-0.617728422892013,-0.684490251703949,-0.550966594080076,0.0340621575571103,,,,,,,,,
433,phase_and_confounding,Aligned NB,large_scale_comparison,Wald,-0.597837000755621,-0.688014886172138,-0.821303003942352,-0.554726768401923,0.0680041417194972,,,,,,,,,
434,phase_and_confounding,ITS,large_scale_comparison,Wald,-0.597837000755621,-0.425237740060681,-0.545057967267489,-0.305417512853873,0.0611327689830653,,,,,,,,,
434,phase_and_confounding,GAM,large_scale_comparison,Wald,-0.597837000755621,-0.586565835298455,-0.663096743532643,-0.510034927064268,0.0390463817521366,,,,,,,,,
434,phase_and_confounding,Aligned NB,large_scale_comparison,Wald,-0.597837000755621,-0.466115181828206,-0.581980101123671,-0.350250262532741,0.0591147547425842,,,,,,,,,
435,phase_and_confounding,ITS,large_scale_comparison,Wald,-0.597837000755621,-0.177259468270628,-0.364470690109364,0.00995175356810682,0.0955159295095588,,,,,,,,,
435,phase_and_confounding,GAM,large_scale_comparison,Wald,-0.597837000755621,-0.44457209005162,-0.547332428898394,-0.341811751204846,0.0524287443095787,,,,,,,,,
435,phase_and_confounding,Aligned NB,large_scale_comparison,Wald,-0.597837000755621,-0.180073730733677,-0.366015250829679,0.00586778936232466,0.09486812249796,,,,,,,,,
436,phase_and_confounding,ITS,large_scale_comparison,Wald,-0.597837000755621,-0.370331829803217,-0.480794215416855,-0.25986944418958,0.0563583600069579,,,,,,,,,
436,phase_and_confounding,GAM,large_scale_comparison,Wald,-0.597837000755621,-0.496273339954618,-0.565519719489722,-0.427026960419514,0.0353297854770938,,,,,,,,,
436,phase_and_confounding,Aligned NB,large_scale_comparison,Wald,-0.597837000755621,-0.369399841919948,-0.480008989169507,-0.258790694670389,0.0564332383926323,,,,,,,,,
437,phase_and_confounding,ITS,large_scale_comparison,Wald,-0.597837000755621,-0.591614584223784,-0.713639178700769,-0.469589989746799,0.0622574461617269,,,,,,,,,
437,phase_and_confounding,GAM,large_scale_comparison,Wald,-0.597837000755621,-0.575979586116087,-0.637837565672166,-0.514121606560007,0.0315601936510608,,,,,,,,,
437,phase_and_confounding,Aligned NB,large_scale_comparison,Wald,-0.597837000755621,-0.608968599335287,-0.729720185297671,-0.488217013372903,0.0616079520216247,,,,,,,,,
438,phase_and_confounding,ITS,large_scale_comparison,Wald,-0.597837000755621,-0.421935346337149,-0.516930822180925,-0.326939870493374,0.0484670795121305,,,,,,,,,
438,phase_and_confounding,GAM,large_scale_comparison,Wald,-0.597837000755621,-0.546056511044521,-0.620639889738735,-0.471473132350306,0.0380527442317421,,,,,,,,,
438,phase_and_confounding,Aligned NB,large_scale_comparison,Wald,-0.597837000755621,-0.460781952402019,-0.552610060942251,-0.368953843861788,0.0468510757858325,,,,,,,,,
439,phase_and_confounding,ITS,large_scale_comparison,Wald,-0.597837000755621,-0.293562762203612,-0.499047729065843,-0.088077795341382,0.10483926880726,,,,,,,,,
439,phase_and_confounding,GAM,large_scale_comparison,Wald,-0.597837000755621,-0.691603851243625,-0.805154782253693,-0.578052920233558,0.0579341484745244,,,,,,,,,
439,phase_and_confounding,Aligned NB,large_scale_comparison,Wald,-0.597837000755621,-0.28796364551992,-0.492037160803561,-0.0838901302362794,0.104119140450837,,,,,,,,,
440,phase_and_confounding,ITS,large_scale_comparison,Wald,-0.597837000755621,-0.477132187073132,-0.591859642365278,-0.362404731780986,0.0585344159653807,,,,,,,,,
440,phase_and_confounding,GAM,large_scale_comparison,Wald,-0.597837000755621,-0.606723374851908,-0.687765523744385,-0.525681225959432,0.0413480351492225,,,,,,,,,
440,phase_and_confounding,Aligned NB,large_scale_comparison,Wald,-0.597837000755621,-0.482568029877471,-0.596548808454381,-0.368587251300561,0.058153458457607,,,,,,,,,
441,phase_and_confounding,ITS,large_scale_comparison,Wald,-0.597837000755621,-0.379220831659301,-0.526822877846548,-0.231618785472054,0.0753071664220648,,,,,,,,,
441,phase_and_confounding,GAM,large_scale_comparison,Wald,-0.597837000755621,-0.480790638031272,-0.57443648407257,-0.387144791989974,0.0477784928782132,,,,,,,,,
441,phase_and_confounding,Aligned NB,large_scale_comparison,Wald,-0.597837000755621,-0.385786348224417,-0.531004677976334,-0.2405680184725,0.0740909845673047,,,,,,,,,
442,phase_and_confounding,ITS,large_scale_comparison,Wald,-0.597837000755621,-0.194134014531143,-0.334064427381732,-0.0542036016805539,0.0713930677809127,,,,,,,,,
442,phase_and_confounding,GAM,large_scale_comparison,Wald,-0.597837000755621,-0.338678206261631,-0.426286646811778,-0.251069765711484,0.0446981839541566,,,,,,,,,
442,phase_and_confounding,Aligned NB,large_scale_comparison,Wald,-0.597837000755621,-0.200974011752698,-0.339118438308446,-0.0628295851969508,0.0704818502835446,,,,,,,,,
443,phase_and_confounding,ITS,large_scale_comparison,Wald,-0.597837000755621,-0.471554472735383,-0.572510455199344,-0.370598490271422,0.0515081543183476,,,,,,,,,
443,phase_and_confounding,GAM,large_scale_comparison,Wald,-0.597837000755621,-0.417608674253111,-0.488032814757791,-0.347184533748431,0.0359306839309592,,,,,,,,,
443,phase_and_confounding,Aligned NB,large_scale_comparison,Wald,-0.597837000755621,-0.476419565059832,-0.57716716024023,-0.375671969879434,0.0514018342757133,,,,,,,,,
444,phase_and_confounding,ITS,large_scale_comparison,Wald,-0.597837000755621,-0.370714326276367,-0.447070791113597,-0.294357861439136,0.0389573800189951,,,,,,,,,
444,phase_and_confounding,GAM,large_scale_comparison,Wald,-0.597837000755621,-0.392893392046434,-0.4511303530919,-0.334656431000967,0.0297127352272788,,,,,,,,,
444,phase_and_confounding,Aligned NB,large_scale_comparison,Wald,-0.597837000755621,-0.396146963506235,-0.470599265189949,-0.321694661822521,0.0379858682059766,,,,,,,,,
445,phase_and_confounding,ITS,large_scale_comparison,Wald,-0.597837000755621,-0.42972145483144,-0.530862249920188,-0.328580659742692,0.0516024464738511,,,,,,,,,
445,phase_and_confounding,GAM,large_scale_comparison,Wald,-0.597837000755621,-0.288482808874864,-0.357416843348209,-0.219548774401518,0.0351704257517069,,,,,,,,,
445,phase_and_confounding,Aligned NB,large_scale_comparison,Wald,-0.597837000755621,-0.461591858125815,-0.560297975369059,-0.362885740882571,0.0503602638996144,,,,,,,,,
446,phase_and_confounding,ITS,large_scale_comparison,Wald,-0.597837000755621,-0.29551625153376,-0.441602117142031,-0.149430385925488,0.0745336049021794,,,,,,,,,
446,phase_and_confounding,GAM,large_scale_comparison,Wald,-0.597837000755621,-0.247142865731181,-0.334704413185856,-0.159581318276507,0.044674258905446,,,,,,,,,
446,phase_and_confounding,Aligned NB,large_scale_comparison,Wald,-0.597837000755621,-0.298041652657501,-0.443077871567444,-0.153005433747559,0.0739980708724196,,,,,,,,,
447,phase_and_confounding,ITS,large_scale_comparison,Wald,-0.597837000755621,-0.445771298735794,-0.591123329703942,-0.300419267767645,0.0741591994735452,,,,,,,,,
447,phase_and_confounding,GAM,large_scale_comparison,Wald,-0.597837000755621,-0.430799726528114,-0.514575185638698,-0.34702426741753,0.0427425811788694,,,,,,,,,
447,phase_and_confounding,Aligned NB,large_scale_comparison,Wald,-0.597837000755621,-0.464078749804863,-0.607638964071944,-0.320518535537782,0.0732450072791229,,,,,,,,,
448,phase_and_confounding,ITS,large_scale_comparison,Wald,-0.597837000755621,-0.250475940771925,-0.456021255551492,-0.0449306259923576,0.104870058561004,,,,,,,,,
448,phase_and_confounding,GAM,large_scale_comparison,Wald,-0.597837000755621,-0.607450949412518,-0.689137914575003,-0.525763984250033,0.0416770230420842,,,,,,,,,
448,phase_and_confounding,Aligned NB,large_scale_comparison,Wald,-0.597837000755621,-0.24668317397904,-0.449405856120673,-0.0439604918374074,0.10342993986818,,,,,,,,,
449,phase_and_confounding,ITS,large_scale_comparison,Wald,-0.597837000755621,-0.399428407969296,-0.504131920787443,-0.294724895151149,0.0534201596010955,,,,,,,,,
449,phase_and_confounding,GAM,large_scale_comparison,Wald,-0.597837000755621,-0.319013046706122,-0.377289769449538,-0.260736323962706,0.0297330218078653,,,,,,,,,
449,phase_and_confounding,Aligned NB,large_scale_comparison,Wald,-0.597837000755621,-0.428526148089673,-0.530272508482692,-0.326779787696655,0.0519114083637852,,,,,,,,,
450,phase_and_confounding,ITS,large_scale_comparison,Wald,-0.597837000755621,-0.370307431224615,-0.533119042230634,-0.207495820218596,0.0830671484724588,,,,,,,,,
450,phase_and_confounding,GAM,large_scale_comparison,Wald,-0.597837000755621,-0.40700865980122,-0.501748172870198,-0.312269146732242,0.0483364862596827,,,,,,,,,
450,phase_and_confounding,Aligned NB,large_scale_comparison,Wald,-0.597837000755621,-0.44381239879766,-0.59938811701606,-0.288236680579261,0.0793753664379588,,,,,,,,,
451,phase_and_confounding,ITS,large_scale_comparison,Wald,-0.597837000755621,-0.580714526721962,-0.709288644223374,-0.452140409220551,0.0655990395415364,,,,,,,,,
451,phase_and_confounding,GAM,large_scale_comparison,Wald,-0.597837000755621,-0.61881741615165,-0.715297826802365,-0.522337005500934,0.0492246993115895,,,,,,,,,
451,phase_and_confounding,Aligned NB,large_scale_comparison,Wald,-0.597837000755621,-0.5879333527017,-0.715679346755607,-0.460187358647793,0.0651765275785241,,,,,,,,,
452,phase_and_confounding,ITS,large_scale_comparison,Wald,-0.597837000755621,-0.465180048394819,-0.580731187365951,-0.349628909423687,0.0589546627403735,,,,,,,,,
452,phase_and_confounding,GAM,large_scale_comparison,Wald,-0.597837000755621,-0.41935654896555,-0.484896230363083,-0.353816867568016,0.0334386129579251,,,,,,,,,
452,phase_and_confounding,Aligned NB,large_scale_comparison,Wald,-0.597837000755621,-0.482872482403233,-0.596252769452861,-0.369492195353606,0.0578470852294016,,,,,,,,,
453,phase_and_confounding,ITS,large_scale_comparison,Wald,-0.597837000755621,-0.431125803420345,-0.517260499614218,-0.344991107226472,0.0439462735683024,,,,,,,,,
453,phase_and_confounding,GAM,large_scale_comparison,Wald,-0.597837000755621,-0.554146628632201,-0.625086724432337,-0.483206532832065,0.036193926428641,,,,,,,,,
453,phase_and_confounding,Aligned NB,large_scale_comparison,Wald,-0.597837000755621,-0.442492957035576,-0.528688421772277,-0.356297492298874,0.0439772779268885,,,,,,,,,
454,phase_and_confounding,ITS,large_scale_comparison,Wald,-0.597837000755621,-0.373437152324453,-0.568114647808351,-0.178759656840555,0.0993252527979072,,,,,,,,,
454,phase_and_confounding,GAM,large_scale_comparison,Wald,-0.597837000755621,-0.346286157651637,-0.424591083158448,-0.267981232144827,0.0399514926055157,,,,,,,,,
454,phase_and_confounding,Aligned NB,large_scale_comparison,Wald,-0.597837000755621,-0.395863192295616,-0.58740680645181,-0.204319578139423,0.09772633375316,,,,,,,,,
455,phase_and_confounding,ITS,large_scale_comparison,Wald,-0.597837000755621,-0.406064764198559,-0.497314032535728,-0.314815495861391,0.0465557491516164,,,,,,,,,
455,phase_and_confounding,GAM,large_scale_comparison,Wald,-0.597837000755621,-0.411768598272444,-0.471294777815535,-0.352242418729353,0.0303704997668833,,,,,,,,,
455,phase_and_confounding,Aligned NB,large_scale_comparison,Wald,-0.597837000755621,-0.41281262716231,-0.503927766823999,-0.321697487500621,0.0464873161539229,,,,,,,,,
456,phase_and_confounding,ITS,large_scale_comparison,Wald,-0.597837000755621,-0.199207377409637,-0.412889257941441,0.0144745031221657,0.109021367618267,,,,,,,,,
456,phase_and_confounding,GAM,large_scale_comparison,Wald,-0.597837000755621,-0.327975879432637,-0.42395275615418,-0.231999002711095,0.0489677942456852,,,,,,,,,
456,phase_and_confounding,Aligned NB,large_scale_comparison,Wald,-0.597837000755621,-0.203384405704138,-0.415196637897028,0.00842782648875182,0.108067465404536,,,,,,,,,
457,phase_and_confounding,ITS,large_scale_comparison,Wald,-0.597837000755621,-0.345349657325487,-0.529401076508764,-0.16129823814221,0.0939037852975904,,,,,,,,,
457,phase_and_confounding,GAM,large_scale_comparison,Wald,-0.597837000755621,-0.728246898000186,-0.822264021964348,-0.634229774036023,0.0479679203898789,,,,,,,,,
457,phase_and_confounding,Aligned NB,large_scale_comparison,Wald,-0.597837000755621,-0.365106035489688,-0.545460789076737,-0.184751281902638,0.0920177314219641,,,,,,,,,
458,phase_and_confounding,ITS,large_scale_comparison,Wald,-0.597837000755621,-0.32511120531264,-0.522989434252333,-0.127232976372948,0.100958280071272,,,,,,,,,
458,phase_and_confounding,GAM,large_scale_comparison,Wald,-0.597837000755621,-0.445927469927389,-0.550070287673076,-0.341784652181702,0.0531340906865752,,,,,,,,,
458,phase_and_confounding,Aligned NB,large_scale_comparison,Wald,-0.597837000755621,-0.333466977832054,-0.529332944877818,-0.13760101078629,0.0999316158396755,,,,,,,,,
459,phase_and_confounding,ITS,large_scale_comparison,Wald,-0.597837000755621,-0.4119320363815,-0.496847573532399,-0.327016499230602,0.0433242536484175,,,,,,,,,
459,phase_and_confounding,GAM,large_scale_comparison,Wald,-0.597837000755621,-0.460349658207612,-0.531910610145609,-0.388788706269615,0.0365106897642841,,,,,,,,,
459,phase_and_confounding,Aligned NB,large_scale_comparison,Wald,-0.597837000755621,-0.423107119976768,-0.507803078939993,-0.338411161013542,0.0432122239608292,,,,,,,,,
460,phase_and_confounding,ITS,large_scale_comparison,Wald,-0.597837000755621,-0.3740855442526,-0.529936697584057,-0.218234390921144,0.0795158945568655,,,,,,,,,
460,phase_and_confounding,GAM,large_scale_comparison,Wald,-0.597837000755621,-0.41796078378095,-0.511344573734619,-0.32457699382728,0.0476447907926885,,,,,,,,,
460,phase_and_confounding,Aligned NB,large_scale_comparison,Wald,-0.597837000755621,-0.394560357203562,-0.547318684743985,-0.241802029663138,0.0779379222145018,,,,,,,,,
461,phase_and_confounding,ITS,large_scale_comparison,Wald,-0.597837000755621,-0.475603678401923,-0.552728458136766,-0.398478898667079,0.0393493774157365,,,,,,,,,
461,phase_and_confounding,GAM,large_scale_comparison,Wald,-0.597837000755621,-0.476066366566645,-0.535467115268243,-0.416665617865047,0.0303065044395908,,,,,,,,,
461,phase_and_confounding,Aligned NB,large_scale_comparison,Wald,-0.597837000755621,-0.511853159203242,-0.586810155602564,-0.436896162803919,0.0382433655098585,,,,,,,,,
462,phase_and_confounding,ITS,large_scale_comparison,Wald,-0.597837000755621,-0.393670022194741,-0.496558562118322,-0.29078148227116,0.0524941530222352,,,,,,,,,
462,phase_and_confounding,GAM,large_scale_comparison,Wald,-0.597837000755621,-0.524167708338899,-0.597361434518329,-0.450973982159468,0.0373437378466483,,,,,,,,,
462,phase_and_confounding,Aligned NB,large_scale_comparison,Wald,-0.597837000755621,-0.402417705650995,-0.504383126841904,-0.300452284460086,0.0520231740769942,,,,,,,,,
463,phase_and_confounding,ITS,large_scale_comparison,Wald,-0.597837000755621,-0.520729370597407,-0.621775729807484,-0.419683011387329,0.0515542649031009,,,,,,,,,
463,phase_and_confounding,GAM,large_scale_comparison,Wald,-0.597837000755621,-0.498698101736362,-0.575704107298873,-0.42169209617385,0.0392887783482201,,,,,,,,,
463,phase_and_confounding,Aligned NB,large_scale_comparison,Wald,-0.597837000755621,-0.536604003270918,-0.636947990909577,-0.436260015632259,0.0511959120605403,,,,,,,,,
464,phase_and_confounding,ITS,large_scale_comparison,Wald,-0.597837000755621,-0.413649992369102,-0.570146461782511,-0.257153522955693,0.0798451374558209,,,,,,,,,
464,phase_and_confounding,GAM,large_scale_comparison,Wald,-0.597837000755621,-0.582087875854359,-0.65716331322068,-0.507012438488038,0.0383037945746537,,,,,,,,,
464,phase_and_confounding,Aligned NB,large_scale_comparison,Wald,-0.597837000755621,-0.43801544152745,-0.590425958351794,-0.285604924703107,0.0777604677675222,,,,,,,,,
465,phase_and_confounding,ITS,large_scale_comparison,Wald,-0.597837000755621,-0.423921176457754,-0.531765404850544,-0.316076948064964,0.0550225655065256,,,,,,,,,
465,phase_and_confounding,GAM,large_scale_comparison,Wald,-0.597837000755621,-0.38670118398332,-0.466348898054929,-0.307053469911711,0.0406365888120453,,,,,,,,,
465,phase_and_confounding,Aligned NB,large_scale_comparison,Wald,-0.597837000755621,-0.428082957913321,-0.5362805098919,-0.319885405934743,0.0552028326421318,,,,,,,,,
466,phase_and_confounding,ITS,large_scale_comparison,Wald,-0.597837000755621,-0.491032666264541,-0.598045024347176,-0.384020308181906,0.0545981418788954,,,,,,,,,
466,phase_and_confounding,GAM,large_scale_comparison,Wald,-0.597837000755621,-0.401461573472916,-0.463974331430297,-0.338948815515536,0.0318942642639697,,,,,,,,,
466,phase_and_confounding,Aligned NB,large_scale_comparison,Wald,-0.597837000755621,-0.533879565835289,-0.638769922256342,-0.428989209414235,0.0535154879699254,,,,,,,,,
467,phase_and_confounding,ITS,large_scale_comparison,Wald,-0.597837000755621,-0.440553207465707,-0.554916994923591,-0.326189420007823,0.0583488711519816,,,,,,,,,
467,phase_and_confounding,GAM,large_scale_comparison,Wald,-0.597837000755621,-0.271665102018571,-0.352590629064038,-0.190739574973103,0.0412885342068712,,,,,,,,,
467,phase_and_confounding,Aligned NB,large_scale_comparison,Wald,-0.597837000755621,-0.456047957519421,-0.568810848850493,-0.343285066188349,0.057532087413812,,,,,,,,,
468,phase_and_confounding,ITS,large_scale_comparison,Wald,-0.597837000755621,-0.42513372143685,-0.513114832968261,-0.337152609905439,0.0448883222099037,,,,,,,,,
468,phase_and_confounding,GAM,large_scale_comparison,Wald,-0.597837000755621,-0.628686781454155,-0.717086374631793,-0.540287188276516,0.0451018332538971,,,,,,,,,
468,phase_and_confounding,Aligned NB,large_scale_comparison,Wald,-0.597837000755621,-0.442693602366497,-0.530677196551077,-0.354710008181918,0.0448895888696834,,,,,,,,,
469,phase_and_confounding,ITS,large_scale_comparison,Wald,-0.597837000755621,-0.406775996808639,-0.608341921364223,-0.205210072253056,0.102839757426318,,,,,,,,,
469,phase_and_confounding,GAM,large_scale_comparison,Wald,-0.597837000755621,-0.265054278238855,-0.372664961756991,-0.15744359472072,0.0549034099582323,,,,,,,,,
469,phase_and_confounding,Aligned NB,large_scale_comparison,Wald,-0.597837000755621,-0.452679212519561,-0.649716019005512,-0.255642406033611,0.100528982900995,,,,,,,,,
470,phase_and_confounding,ITS,large_scale_comparison,Wald,-0.597837000755621,-0.470481738239818,-0.623883396383169,-0.317080080096466,0.0782661521139549,,,,,,,,,
470,phase_and_confounding,GAM,large_scale_comparison,Wald,-0.597837000755621,-0.466847361242904,-0.548751609880839,-0.384943112604969,0.0417878819581301,,,,,,,,,
470,phase_and_confounding,Aligned NB,large_scale_comparison,Wald,-0.597837000755621,-0.491420409280329,-0.64232428837368,-0.340516530186977,0.0769917750476284,,,,,,,,,
471,phase_and_confounding,ITS,large_scale_comparison,Wald,-0.597837000755621,-0.408055966272837,-0.513184735164405,-0.302927197381268,0.0536371269854941,,,,,,,,,
471,phase_and_confounding,GAM,large_scale_comparison,Wald,-0.597837000755621,-0.524014771698662,-0.594724477381322,-0.453305066016002,0.0360763804503366,,,,,,,,,
471,phase_and_confounding,Aligned NB,large_scale_comparison,Wald,-0.597837000755621,-0.422746045021509,-0.526496465776844,-0.318995624266175,0.0529338881404768,,,,,,,,,
472,phase_and_confounding,ITS,large_scale_comparison,Wald,-0.597837000755621,-0.350023872970758,-0.435533394954918,-0.264514350986598,0.0436273071347755,,,,,,,,,
472,phase_and_confounding,GAM,large_scale_comparison,Wald,-0.597837000755621,-0.350634952179595,-0.415921728766676,-0.285348175592513,0.033309579891368,,,,,,,,,
472,phase_and_confounding,Aligned NB,large_scale_comparison,Wald,-0.597837000755621,-0.374235942611806,-0.458136567664501,-0.290335317559111,0.0428064413534158,,,,,,,,,
473,phase_and_confounding,ITS,large_scale_comparison,Wald,-0.597837000755621,-0.448951906183933,-0.601881353301524,-0.296022459066343,0.0780252281212197,,,,,,,,,
473,phase_and_confounding,GAM,large_scale_comparison,Wald,-0.597837000755621,-0.231670997502263,-0.323640132106193,-0.139701862898333,0.0469230278591481,,,,,,,,,
473,phase_and_confounding,Aligned NB,large_scale_comparison,Wald,-0.597837000755621,-0.461261106653313,-0.613360031371556,-0.30916218193507,0.0776014922031854,,,,,,,,,
474,phase_and_confounding,ITS,large_scale_comparison,Wald,-0.597837000755621,-0.544917514278251,-0.707505263243328,-0.382329765313173,0.0829529331454478,,,,,,,,,
474,phase_and_confounding,GAM,large_scale_comparison,Wald,-0.597837000755621,-0.51393985243963,-0.591526823237028,-0.436352881642231,0.0395851891823461,,,,,,,,,
474,phase_and_confounding,Aligned NB,large_scale_comparison,Wald,-0.597837000755621,-0.552681305958894,-0.714853234665659,-0.390509377252129,0.082740779952431,,,,,,,,,
475,phase_and_confounding,ITS,large_scale_comparison,Wald,-0.597837000755621,-0.355780165069085,-0.48038754491791,-0.231172785220261,0.0635751938004207,,,,,,,,,
475,phase_and_confounding,GAM,large_scale_comparison,Wald,-0.597837000755621,-0.3668762314259,-0.446397660258279,-0.287354802593521,0.0405721575675404,,,,,,,,,
475,phase_and_confounding,Aligned NB,large_scale_comparison,Wald,-0.597837000755621,-0.367870059165518,-0.490391847424421,-0.245348270906615,0.062511116458624,,,,,,,,,
476,phase_and_confounding,ITS,large_scale_comparison,Wald,-0.597837000755621,-0.453716978809633,-0.563388135912331,-0.344045821706934,0.0559546719911729,,,,,,,,,
476,phase_and_confounding,GAM,large_scale_comparison,Wald,-0.597837000755621,-0.506259807276576,-0.571501550676955,-0.441018063876198,0.0332866037757032,,,,,,,,,
476,phase_and_confounding,Aligned NB,large_scale_comparison,Wald,-0.597837000755621,-0.462290301359118,-0.571276023295775,-0.353304579422461,0.0556049601717637,,,,,,,,,
477,phase_and_confounding,ITS,large_scale_comparison,Wald,-0.597837000755621,-0.441006513342403,-0.714229096294255,-0.167783930390552,0.139399277016251,,,,,,,,,
477,phase_and_confounding,GAM,large_scale_comparison,Wald,-0.597837000755621,-0.215472459564512,-0.321982826959576,-0.108962092169447,0.0543420241811553,,,,,,,,,
477,phase_and_confounding,Aligned NB,large_scale_comparison,Wald,-0.597837000755621,-0.450213434199479,-0.722110112187279,-0.178316756211678,0.138722794891735,,,,,,,,,
478,phase_and_confounding,ITS,large_scale_comparison,Wald,-0.597837000755621,-0.360734392842459,-0.524093541218283,-0.197375244466635,0.0833465042733795,,,,,,,,,
478,phase_and_confounding,GAM,large_scale_comparison,Wald,-0.597837000755621,-0.569706935401491,-0.667443423571129,-0.471970447231852,0.049865555188591,,,,,,,,,
478,phase_and_confounding,Aligned NB,large_scale_comparison,Wald,-0.597837000755621,-0.375215944476972,-0.536778584971581,-0.213653303982363,0.0824299186196985,,,,,,,,,
479,phase_and_confounding,ITS,large_scale_comparison,Wald,-0.597837000755621,-0.39871758535958,-0.513145062260551,-0.28429010845861,0.0583813657658013,,,,,,,,,
479,phase_and_confounding,GAM,large_scale_comparison,Wald,-0.597837000755621,-0.433218850792811,-0.515298625299228,-0.351139076286394,0.0418774359726616,,,,,,,,,
479,phase_and_confounding,Aligned NB,large_scale_comparison,Wald,-0.597837000755621,-0.424419627018431,-0.536665456947825,-0.312173797089037,0.0572682805762215,,,,,,,,,
480,phase_and_confounding,ITS,large_scale_comparison,Wald,-0.597837000755621,-0.542033248286887,-0.656581077883849,-0.427485418689924,0.0584427702025319,,,,,,,,,
480,phase_and_confounding,GAM,large_scale_comparison,Wald,-0.597837000755621,-0.486549742492246,-0.545794007593961,-0.42730547739053,0.0302266658682222,,,,,,,,,
480,phase_and_confounding,Aligned NB,large_scale_comparison,Wald,-0.597837000755621,-0.552086902630209,-0.665957647698484,-0.438216157561934,0.0580973189123851,,,,,,,,,
481,phase_and_confounding,ITS,large_scale_comparison,Wald,-0.597837000755621,-0.448192810398898,-0.536621482213436,-0.359764138584359,0.0451166692931318,,,,,,,,,
481,phase_and_confounding,GAM,large_scale_comparison,Wald,-0.597837000755621,-0.480365927646789,-0.537970724078401,-0.422761131215176,0.0293902022610268,,,,,,,,,
481,phase_and_confounding,Aligned NB,large_scale_comparison,Wald,-0.597837000755621,-0.458752729173127,-0.546483715091859,-0.371021743254396,0.0447607071013936,,,,,,,,,
482,phase_and_confounding,ITS,large_scale_comparison,Wald,-0.597837000755621,-0.473032564351502,-0.590917015869945,-0.35514811283306,0.0601451283257359,,,,,,,,,
482,phase_and_confounding,GAM,large_scale_comparison,Wald,-0.597837000755621,-0.45831813259006,-0.51525008900305,-0.401386176177069,0.0290469165372402,,,,,,,,,
482,phase_and_confounding,Aligned NB,large_scale_comparison,Wald,-0.597837000755621,-0.495036023929483,-0.611681199681922,-0.378390848177043,0.0595128447716528,,,,,,,,,
483,phase_and_confounding,ITS,large_scale_comparison,Wald,-0.597837000755621,-0.354958783588212,-0.491203076751903,-0.218714490424521,0.069512394471271,,,,,,,,,
483,phase_and_confounding,GAM,large_scale_comparison,Wald,-0.597837000755621,-0.354172631802606,-0.446321134107,-0.262024129498212,0.0470145419920379,,,,,,,,,
483,phase_and_confounding,Aligned NB,large_scale_comparison,Wald,-0.597837000755621,-0.372166671373566,-0.506100737540371,-0.238232605206761,0.0683337072279617,,,,,,,,,
484,phase_and_confounding,ITS,large_scale_comparison,Wald,-0.597837000755621,-0.477877488811367,-0.64382709166134,-0.311927885961393,0.0846681647193742,,,,,,,,,
484,phase_and_confounding,GAM,large_scale_comparison,Wald,-0.597837000755621,-0.423738064925375,-0.510817971461524,-0.336658158389226,0.0444285237429332,,,,,,,,,
484,phase_and_confounding,Aligned NB,large_scale_comparison,Wald,-0.597837000755621,-0.499102766051268,-0.661007430664722,-0.337198101437814,0.08260442072115,,,,,,,,,
485,phase_and_confounding,ITS,large_scale_comparison,Wald,-0.597837000755621,-0.338138354872241,-0.506794203973521,-0.169482505770961,0.0860489026026938,,,,,,,,,
485,phase_and_confounding,GAM,large_scale_comparison,Wald,-0.597837000755621,-0.259149779792826,-0.367600375293402,-0.15069918429225,0.0553319364798856,,,,,,,,,
485,phase_and_confounding,Aligned NB,large_scale_comparison,Wald,-0.597837000755621,-0.344192547837973,-0.507578573451935,-0.180806522224011,0.0833602171499805,,,,,,,,,
486,phase_and_confounding,ITS,large_scale_comparison,Wald,-0.597837000755621,-0.564400727053475,-0.688850407148359,-0.439951046958591,0.0634947347422877,,,,,,,,,
486,phase_and_confounding,GAM,large_scale_comparison,Wald,-0.597837000755621,-0.508784258052572,-0.570823625202173,-0.446744890902971,0.0316527383416331,,,,,,,,,
486,phase_and_confounding,Aligned NB,large_scale_comparison,Wald,-0.597837000755621,-0.610252961525417,-0.733192225571078,-0.487313697479755,0.0627241143090111,,,,,,,,,
487,phase_and_confounding,ITS,large_scale_comparison,Wald,-0.597837000755621,-0.400879802018848,-0.479919298867385,-0.32184030517031,0.0403262739023151,,,,,,,,,
487,phase_and_confounding,GAM,large_scale_comparison,Wald,-0.597837000755621,-0.48897741730279,-0.545724936441804,-0.432229898163776,0.0289528158872522,,,,,,,,,
487,phase_and_confounding,Aligned NB,large_scale_comparison,Wald,-0.597837000755621,-0.412541607049633,-0.490766465224676,-0.334316748874589,0.0399106419260426,,,,,,,,,
488,phase_and_confounding,ITS,large_scale_comparison,Wald,-0.597837000755621,-0.42831669035056,-0.574075146503037,-0.282558234198083,0.0743665592614678,,,,,,,,,
488,phase_and_confounding,GAM,large_scale_comparison,Wald,-0.597837000755621,-0.505334530736969,-0.592022665534574,-0.418646395939363,0.04422864020286,,,,,,,,,
488,phase_and_confounding,Aligned NB,large_scale_comparison,Wald,-0.597837000755621,-0.430240184742533,-0.575246453333938,-0.285233916151129,0.0739827900976554,,,,,,,,,
489,phase_and_confounding,ITS,large_scale_comparison,Wald,-0.597837000755621,-0.407632851220352,-0.541361552724359,-0.273904149716345,0.0682289293387792,,,,,,,,,
489,phase_and_confounding,GAM,large_scale_comparison,Wald,-0.597837000755621,-0.555721050927548,-0.64362111225757,-0.467820989597525,0.0448469700663381,,,,,,,,,
489,phase_and_confounding,Aligned NB,large_scale_comparison,Wald,-0.597837000755621,-0.419134384846479,-0.550968686361701,-0.287300083331258,0.0672623987322559,,,,,,,,,
490,phase_and_confounding,ITS,large_scale_comparison,Wald,-0.597837000755621,-0.0781012958972181,-0.254853430075664,0.0986508382812281,0.0901796602951256,,,,,,,,,
490,phase_and_confounding,GAM,large_scale_comparison,Wald,-0.597837000755621,-0.152673684970372,-0.246130894656599,-0.0592164752841444,0.047682249839912,,,,,,,,,
490,phase_and_confounding,Aligned NB,large_scale_comparison,Wald,-0.597837000755621,-0.0829950708780113,-0.25755803203055,0.0915678902745276,0.0890627352819076,,,,,,,,,
491,phase_and_confounding,ITS,large_scale_comparison,Wald,-0.597837000755621,-0.409808390690747,-0.551653190473716,-0.267963590907777,0.0723697958076374,,,,,,,,,
491,phase_and_confounding,GAM,large_scale_comparison,Wald,-0.597837000755621,-0.406569729959652,-0.49755366741475,-0.315585792504554,0.0464203762526009,,,,,,,,,
491,phase_and_confounding,Aligned NB,large_scale_comparison,Wald,-0.597837000755621,-0.428133171707698,-0.568051887459478,-0.288214455955919,0.0713870998733568,,,,,,,,,
492,phase_and_confounding,ITS,large_scale_comparison,Wald,-0.597837000755621,-0.354527958173304,-0.524766658840107,-0.184289257506502,0.0868564799320421,,,,,,,,,
492,phase_and_confounding,GAM,large_scale_comparison,Wald,-0.597837000755621,-0.533665236432078,-0.605624176620493,-0.461706296243662,0.0367137449940896,,,,,,,,,
492,phase_and_confounding,Aligned NB,large_scale_comparison,Wald,-0.597837000755621,-0.372620477261611,-0.540020608556615,-0.205220345966608,0.0854082302525527,,,,,,,,,
493,phase_and_confounding,ITS,large_scale_comparison,Wald,-0.597837000755621,-0.190570259194121,-0.314582641386585,-0.0665578770016581,0.0632716235675833,,,,,,,,,
493,phase_and_confounding,GAM,large_scale_comparison,Wald,-0.597837000755621,-0.414838029887487,-0.48337441518669,-0.346301644588285,0.0349675435200012,,,,,,,,,
493,phase_and_confounding,Aligned NB,large_scale_comparison,Wald,-0.597837000755621,-0.212125921581253,-0.329849455725551,-0.0944023874369545,0.0600630276246419,,,,,,,,,
494,phase_and_confounding,ITS,large_scale_comparison,Wald,-0.597837000755621,-0.380782657300468,-0.481957952086795,-0.279607362514141,0.0516200483603709,,,,,,,,,
494,phase_and_confounding,GAM,large_scale_comparison,Wald,-0.597837000755621,-0.311058491874176,-0.380840968609447,-0.241276015138906,0.0356033044567706,,,,,,,,,
494,phase_and_confounding,Aligned NB,large_scale_comparison,Wald,-0.597837000755621,-0.392384788885563,-0.492212333175971,-0.292557244595154,0.0509324205563307,,,,,,,,,
495,phase_and_confounding,ITS,large_scale_comparison,Wald,-0.597837000755621,-0.355386259120594,-0.482046485818976,-0.228726032422213,0.0646225646420312,,,,,,,,,
495,phase_and_confounding,GAM,large_scale_comparison,Wald,-0.597837000755621,-0.460204159160297,-0.539372287914087,-0.381036030406506,0.0403919024254034,,,,,,,,,
495,phase_and_confounding,Aligned NB,large_scale_comparison,Wald,-0.597837000755621,-0.378045899031617,-0.500337249404597,-0.255754548658638,0.0623935461086628,,,,,,,,,
496,phase_and_confounding,ITS,large_scale_comparison,Wald,-0.597837000755621,-0.415466198239708,-0.506528572269045,-0.324403824210372,0.0464603949129267,,,,,,,,,
496,phase_and_confounding,GAM,large_scale_comparison,Wald,-0.597837000755621,-0.51068152725435,-0.58016770534008,-0.441195349168621,0.0354521316763924,,,,,,,,,
496,phase_and_confounding,Aligned NB,large_scale_comparison,Wald,-0.597837000755621,-0.458559717298641,-0.546366166228454,-0.370753268368828,0.0447992086376597,,,,,,,,,
497,phase_and_confounding,ITS,large_scale_comparison,Wald,-0.597837000755621,-0.310366382288882,-0.396242458898184,-0.224490305679581,0.0438143248006641,,,,,,,,,
497,phase_and_confounding,GAM,large_scale_comparison,Wald,-0.597837000755621,-0.403150091975566,-0.477825266369888,-0.328474917581244,0.0380995787726133,,,,,,,,,
497,phase_and_confounding,Aligned NB,large_scale_comparison,Wald,-0.597837000755621,-0.317819151291249,-0.402770074018154,-0.232868228564345,0.0433423075137266,,,,,,,,,
498,phase_and_confounding,ITS,large_scale_comparison,Wald,-0.597837000755621,-0.403888490999259,-0.555081969886914,-0.252695012111604,0.0771395300447219,,,,,,,,,
498,phase_and_confounding,GAM,large_scale_comparison,Wald,-0.597837000755621,-0.400225072408206,-0.493838293480166,-0.306611851336247,0.0477618474856937,,,,,,,,,
498,phase_and_confounding,Aligned NB,large_scale_comparison,Wald,-0.597837000755621,-0.421720165167316,-0.569379959113655,-0.274060371220977,0.0753366295644588,,,,,,,,,
499,phase_and_confounding,ITS,large_scale_comparison,Wald,-0.597837000755621,-0.292493753187568,-0.419824268461931,-0.165163237913205,0.0649645486093689,,,,,,,,,
499,phase_and_confounding,GAM,large_scale_comparison,Wald,-0.597837000755621,-0.214446063891698,-0.29975971041832,-0.129132417365076,0.0435273706768479,,,,,,,,,
499,phase_and_confounding,Aligned NB,large_scale_comparison,Wald,-0.597837000755621,-0.301454217347853,-0.427781296846651,-0.175127137849055,0.0644525915810193,,,,,,,,,
500,phase_and_confounding,ITS,large_scale_comparison,Wald,-0.597837000755621,-0.368758192450607,-0.512421545029629,-0.225094839871585,0.0732976288668479,,,,,,,,,
500,phase_and_confounding,GAM,large_scale_comparison,Wald,-0.597837000755621,-0.540773371450306,-0.604815959670911,-0.476730783229701,0.032674789908472,,,,,,,,,
500,phase_and_confounding,Aligned NB,large_scale_comparison,Wald,-0.597837000755621,-0.383059246766459,-0.525256918604592,-0.240861574928327,0.0725498325704759,,,,,,,,,
